particleid,tot_vol_ft,hypvol_ft,head_strt,head_end,z_elevation,total_residence_time_days,total_length_ft,particle_velocity_ft_per_day,flow_rate_cubic_ft_per_day,hydraulic_gradient,x_cell_size_ft,y_cell_size_ft,z_cell_size_ft
2,2437.5,300.0,1e+30,1e+30,1597.4957,68.210045,21.246807,0.33530387,2990.4483508348826,0.0,5.0,5.0,0.5
3,36075.0,2912.5,1e+30,1e+30,1580.6166,3981.8474,327.19397,0.094604775,1384.8600076038063,0.0,5.0,5.0,0.5
4,26812.5,2725.0,1e+30,1e+30,1580.8247,2640.0352,275.4737,0.1368659,1759.2434068339276,0.0,5.0,5.0,0.5
5,20475.0,2400.0,1.0000000000000002e+30,1.0000000000000002e+30,1581.623,2038.5863,209.09024,0.10878056,2347.7031272479603,0.0,5.0,5.0,0.5
6,3412.5,187.5,1e+30,1e+30,1597.4998,94.64863,26.359219,0.32122895,10.546355943733563,0.0,5.0,5.0,0.5
7,33150.0,2512.5,1e+30,1e+30,1581.5831,3231.211,300.61896,0.11038438,1093.9515830211096,0.0,5.0,5.0,0.5
8,48750.0,3312.5,7e+29,6.892307692307693e+29,1580.7747,3713.1592,469.90967,0.15436235,1029.9075195726398,2.2917661634377856e+25,5.0,5.0,0.5
9,22912.5,2550.0,1e+30,1e+30,1581.8525,1927.9097,236.64359,0.13784164,2716.1082123348438,0.0,5.0,5.0,0.5
10,17062.5,2300.0,1e+30,1e+30,1582.9141,1519.9141,186.35039,0.12533945,2834.2591240923653,0.0,5.0,5.0,0.5
11,16087.5,2275.0,1e+30,1e+30,1583.6337,1394.647,166.13345,0.12658095,3012.8291365293185,0.0,5.0,5.0,0.5
12,14625.0,2200.0,1.0000000000000002e+30,1.0000000000000002e+30,1584.8906,1226.9752,152.82312,0.15023908,3401.1243241009215,0.0,5.0,5.0,0.5
13,14137.5,2100.0,1e+30,1e+30,1586.5232,1087.592,137.58705,0.14525737,3628.991256316513,0.0,5.0,5.0,0.5
14,14137.5,2037.5,1e+30,1e+30,1587.8468,1121.2985,132.92262,0.15834352,3914.02703517623,0.0,5.0,5.0,0.5
15,4387.5,262.5,1.0000000000000002e+30,1.0000000000000002e+30,1597.123,250.79765,42.354992,0.22296193,8.747387799175167,0.0,5.0,5.0,0.5
16,31687.5,1775.0,1e+30,1e+30,1582.5785,2880.422,286.48868,0.11245971,157.1786402990696,0.0,5.0,5.0,0.5
17,73530.67626953125,3575.0,4.4267337807606264e+29,4.35682326621924e+29,1580.8079,4575.865,645.76227,0.16572978,406.58177401064614,1.0826045125045505e+25,5.0,5.0,0.5
18,26325.0,2500.0,1.0000000000000002e+30,1.0000000000000002e+30,1582.1722,1964.1956,272.92004,0.14384983,1688.6992936128916,0.0,5.0,5.0,0.5
19,20475.0,2400.0,1.0000000000000002e+30,1.0000000000000002e+30,1583.4109,1466.6794,206.38792,0.14622128,2365.567674579677,0.0,5.0,5.0,0.5
20,16575.0,2262.5,1e+30,1e+30,1584.7839,1210.7874,173.27771,0.14881006,2934.182278993486,0.0,5.0,5.0,0.5
21,16575.0,2162.5,1e+30,1e+30,1586.2273,1008.3507,149.49022,0.15866189,3007.632075766643,0.0,5.0,5.0,0.5
22,14625.0,2075.0,1.0000000000000002e+30,1.0000000000000002e+30,1587.9791,833.9848,136.17938,0.18880205,3556.012428476793,0.0,5.0,5.0,0.5
23,14137.5,1975.0,1e+30,1e+30,1589.8726,710.31085,124.32617,0.21166298,4001.650177172241,0.0,5.0,5.0,0.5
24,11700.0,1887.5,1.0000000000000002e+30,1.0000000000000002e+30,1591.9506,617.97546,114.68477,0.26711884,4820.215720188494,0.0,5.0,5.0,0.5
25,10237.5,1612.5,1.0000000000000002e+30,1.0000000000000002e+30,1594.0425,535.3024,102.43464,0.2764197,4721.196654506408,0.0,5.0,5.0,0.5
27,30712.5,1462.5,1e+30,1e+30,1586.7867,2440.1357,262.88928,0.1302197,4.7076985082656755,0.0,5.0,5.0,0.5
28,31200.0,1675.0,1e+30,1e+30,1582.2467,2802.7283,280.68713,0.11608217,5.692327926645457,0.0,5.0,5.0,0.5
29,72556.591796875,3100.0,4.214447683835439e+29,4.1431810819565924e+29,1581.0297,4230.6265,639.7313,0.17407624,182.47925049106962,1.1140083233327412e+25,5.0,5.0,0.5
30,30712.5,2037.5,1e+30,1e+30,1582.5016,2014.6205,300.79626,0.15363157,487.2200123534243,0.0,5.0,5.0,0.5
31,21937.5,1987.5,1.0000000000000002e+30,1.0000000000000002e+30,1584.1392,1471.0557,217.14023,0.1482393,1693.2856218323968,0.0,5.0,5.0,0.5
32,19012.5,2125.0,1e+30,1e+30,1585.8973,1146.8927,180.96024,0.17384456,2370.9083858889694,0.0,5.0,5.0,0.5
33,16575.0,2112.5,1e+30,1e+30,1587.9246,919.2258,155.02873,0.181878,3062.599909343722,0.0,5.0,5.0,0.5
34,14625.0,2012.5,1.0000000000000002e+30,1.0000000000000002e+30,1590.2607,730.06946,137.14761,0.22237991,3596.076016855632,0.0,5.0,5.0,0.5
35,14625.0,1662.5,1.0000000000000002e+30,1.0000000000000002e+30,1593.7533,565.577,125.50748,0.31436628,3150.0102150046637,0.0,5.0,5.0,0.5
36,11700.0,775.0,1.0000000000000002e+30,1.0000000000000002e+30,1595.4655,496.1923,115.00886,0.31605396,864.2870591525747,0.0,5.0,5.0,0.5
37,9750.0,525.0,1e+30,1e+30,1596.5339,455.7364,106.595566,0.31548095,36.726776863950555,0.0,5.0,5.0,0.5
38,27300.0,1225.0,1e+30,1e+30,1589.3219,2103.284,245.29366,0.14141522,6.871384708269254,0.0,5.0,5.0,0.5
39,30225.0,1450.0,1e+30,1e+30,1586.0302,2311.8352,258.26862,0.15050028,8.08323773994507,0.0,5.0,5.0,0.5
40,32175.0,1725.0,1e+30,1e+30,1581.3545,3008.9346,289.2329,0.12415961,4.849036339235596,0.0,5.0,5.0,0.5
41,71058.84399414062,2875.0,4.127604166666667e+29,4.088541666666667e+29,1581.5,3946.6228,625.5018,0.1774787,3.3158713886803923,6.244986324943637e+24,5.0,5.0,0.5
42,30225.0,1662.5,1e+30,1e+30,1583.0844,1940.3624,301.25488,0.15818408,5.093588731649127,0.0,5.0,5.0,0.5
43,20475.0,1500.0,1.0000000000000002e+30,1.0000000000000002e+30,1585.0057,1425.1895,220.19017,0.15629423,504.4653089360517,0.0,5.0,5.0,0.5
44,18525.0,1700.0,1e+30,1e+30,1586.9637,1089.9878,180.49998,0.17009227,1620.7838799741307,0.0,5.0,5.0,0.5
45,16575.0,1875.0,1e+30,1e+30,1589.8002,841.86926,155.37743,0.21292321,2550.272381777007,0.0,5.0,5.0,0.5
46,13650.0,1675.0,1e+30,1e+30,1593.7343,640.5359,136.41469,0.26480764,3274.134570904543,0.0,5.0,5.0,0.5
47,11212.5,750.0,1e+30,1e+30,1595.9001,542.35034,121.78961,0.25739965,830.6771847533901,0.0,5.0,5.0,0.5
48,17550.0,600.0,1e+30,1e+30,1596.9529,1029.601,164.09892,0.21479405,2.4795468857028955,0.0,5.0,5.0,0.5
49,19500.0,687.5,1e+30,1e+30,1595.9026,1149.1357,170.57439,0.2253942,3.3091317534756683,0.0,5.0,5.0,0.5
50,19012.5,725.0,1e+30,1e+30,1595.283,1245.7942,175.66603,0.19857047,33.283764098898494,0.0,5.0,5.0,0.5
51,19987.5,787.5,1e+30,1e+30,1594.7678,1355.342,182.04593,0.1883692,4.768988853669333,0.0,5.0,5.0,0.5
52,20475.0,800.0,1.0000000000000002e+30,1.0000000000000002e+30,1594.3315,1454.3892,187.91098,0.18234079,3.711020272187399,0.0,5.0,5.0,0.5
53,20962.5,837.5,1e+30,1e+30,1593.8994,1560.5894,193.69547,0.17267658,9.337809400507595,0.0,5.0,5.0,0.5
54,27787.5,1287.5,1e+30,1e+30,1588.2529,2010.1537,241.45491,0.18197691,9.256536438177532,0.0,5.0,5.0,0.5
55,28275.0,1550.0,1e+30,1e+30,1583.1686,2397.6519,259.00302,0.12388425,8.864021658568417,0.0,5.0,5.0,0.5
56,70957.35778808594,2862.5,1.5239197530864198e+29,1.4506172839506174e+29,1580.5686,4462.0366,625.6968,0.17710756,5.345127324899427,1.1715334294510994e+25,5.0,5.0,0.5
57,69596.56982421875,2875.0,3.98936170212766e+29,3.9361702127659574e+29,1582.3406,3645.6396,610.00916,0.18340814,6.1158986051878665,8.719785416640105e+24,5.0,5.0,0.5
58,29250.0,1637.5,1e+30,1e+30,1584.094,1790.6086,290.66745,0.16552852,6.879144747028845,0.0,5.0,5.0,0.5
59,22912.5,1337.5,1e+30,1e+30,1586.0132,1376.1506,227.85568,0.17037684,21.06550097707442,0.0,5.0,5.0,0.5
60,18525.0,1225.0,1e+30,1e+30,1588.053,1060.1348,185.59282,0.19036241,220.683511639566,0.0,5.0,5.0,0.5
61,18525.0,1525.0,1e+30,1e+30,1590.9106,850.79364,162.64192,0.23459336,1831.8797906817842,0.0,5.0,5.0,0.5
62,14137.5,687.5,1e+30,1e+30,1595.3126,644.50745,141.30678,0.27842647,32.73594616830262,0.0,5.0,5.0,0.5
63,16575.0,562.5,1e+30,1e+30,1597.0319,922.7628,157.62704,0.2988298,2.459168349032877,0.0,5.0,5.0,0.5
64,18525.0,750.0,1e+30,1e+30,1594.2268,1043.8057,164.65112,0.24285522,10.061688620099638,0.0,5.0,5.0,0.5
65,19012.5,862.5,1e+30,1e+30,1592.1937,1178.9702,171.91725,0.21004039,9.321675329631743,0.0,5.0,5.0,0.5
66,19500.0,925.0,1e+30,1e+30,1590.9146,1304.829,178.78694,0.19438185,5.829528151748645,0.0,5.0,5.0,0.5
67,19987.5,1012.5,1e+30,1e+30,1590.0361,1431.6512,185.14265,0.1771534,5.158548253555216,0.0,5.0,5.0,0.5
68,21450.0,1050.0,1e+30,1e+30,1589.3711,1550.821,191.15895,0.16493352,12.455478506951168,0.0,5.0,5.0,0.5
69,21937.5,1087.5,1.0000000000000002e+30,1.0000000000000002e+30,1588.9319,1676.9492,197.47334,0.15608917,7.206511920586933,0.0,5.0,5.0,0.5
70,26812.5,1337.5,1e+30,1e+30,1586.4877,1997.35,238.55101,0.15761513,8.158278584539438,0.0,5.0,5.0,0.5
71,29737.5,1625.0,9.836065573770492e+29,9.836065573770492e+29,1581.8517,2734.0425,272.51154,0.11122065,4.372664657992576,0.0,5.0,5.0,0.5
72,70051.84631347656,2775.0,3.375251509054326e+29,3.299798792756539e+29,1581.4247,11861.591,624.0376,0.17908378,2.5688680015748044,1.2091052939946467e+25,5.0,5.0,0.5
73,68621.75903320312,2862.5,4.018499486125385e+29,3.936279547790339e+29,1583.3279,3430.9648,596.3174,0.18405163,3.6245396007742374,1.378794928755224e+25,5.0,5.0,0.5
74,27787.5,1537.5,1.0000000000000002e+30,1.0000000000000002e+30,1585.2712,1651.1057,277.62436,0.17224029,7.95662281010761,0.0,5.0,5.0,0.5
75,22425.0,1237.5,1e+30,1e+30,1587.2961,1305.1909,224.34576,0.17546612,6.469402599355186,0.0,5.0,5.0,0.5
76,19012.5,1087.5,1e+30,1e+30,1589.4244,1048.4836,186.82164,0.18365489,67.17669932296026,0.0,5.0,5.0,0.5
77,17062.5,1062.5,1e+30,1e+30,1592.0505,839.4279,167.1182,0.23895454,403.7914780762859,0.0,5.0,5.0,0.5
78,15112.5,700.0,1e+30,1e+30,1595.7924,667.3303,145.46751,0.28254816,79.47484119223174,0.0,5.0,5.0,0.5
79,16575.0,537.5,1e+30,1e+30,1597.618,848.5589,151.3884,0.31219864,10.281982179879291,0.0,5.0,5.0,0.5
80,17550.0,700.0,1e+30,1e+30,1594.6602,944.4789,158.37688,0.27017236,6.656541628196801,0.0,5.0,5.0,0.5
81,18037.5,837.5,1e+30,1e+30,1592.1743,1075.5874,166.48705,0.221931,34.75534805368386,0.0,5.0,5.0,0.5
82,19012.5,925.0,1e+30,1e+30,1590.3523,1215.6364,175.80833,0.22024135,6.335557861777493,0.0,5.0,5.0,0.5
83,20962.5,1062.5,1e+30,1e+30,1589.0173,1357.1307,182.13268,0.19422036,16.342906737141718,0.0,5.0,5.0,0.5
84,21937.5,1125.0,1.0000000000000002e+30,1.0000000000000002e+30,1588.029,1497.3164,188.50192,0.17498948,7.154488366321378,0.0,5.0,5.0,0.5
85,21937.5,1187.5,1.0000000000000002e+30,1.0000000000000002e+30,1587.2318,1628.8907,194.76189,0.16690539,20.875903500290732,0.0,5.0,5.0,0.5
86,22912.5,1225.0,1e+30,1e+30,1586.6829,1756.495,200.73248,0.16267225,10.683971753904359,0.0,5.0,5.0,0.5
87,23400.0,1212.5,1.0000000000000002e+30,1.0000000000000002e+30,1586.8427,1857.3021,205.92227,0.1522045,14.663109022484226,0.0,5.0,5.0,0.5
88,29737.5,1625.0,8.729508196721312e+29,8.852459016393444e+29,1582.128,2659.42,271.21106,0.11776656,4.989881376801714,-4.533399923547585e+25,5.0,5.0,0.5
89,68101.89208984375,2737.5,3.400222965440357e+29,3.3221850613154964e+29,1582.102,3892.5454,598.72656,0.1846358,32.80114374175842,1.3033980620303748e+25,5.0,5.0,0.5
90,42412.5,1912.5,6.264367816091954e+29,6.1904761904761906e+29,1584.3616,2293.0776,402.19934,0.18375804,17.399321600469275,1.8371891277856475e+25,5.0,5.0,0.5
91,26325.0,1387.5,1.0000000000000002e+30,1.0000000000000002e+30,1586.8146,1526.6783,269.3567,0.1868225,8.817291592309722,0.0,5.0,5.0,0.5
92,22425.0,1175.0,1e+30,1e+30,1588.8289,1221.8052,219.43442,0.18430571,8.165201285014087,0.0,5.0,5.0,0.5
93,19012.5,1025.0,1e+30,1e+30,1591.3046,986.3968,186.69211,0.20765075,10.614376995776514,0.0,5.0,5.0,0.5
94,16575.0,850.0,1e+30,1e+30,1594.7714,796.15106,166.68286,0.24088332,184.2824349841619,0.0,5.0,5.0,0.5
95,16087.5,650.0,1e+30,1e+30,1596.6946,716.3967,151.73767,0.24128386,7.814143321744511,0.0,5.0,5.0,0.5
96,16575.0,575.0,1e+30,1e+30,1597.1439,832.50885,153.53798,0.27817276,3.1659296956964873,0.0,5.0,5.0,0.5
97,17550.0,762.5,1e+30,1e+30,1593.318,965.2918,162.88611,0.2792967,1983.3876743043875,0.0,5.0,5.0,0.5
98,19012.5,900.0,1e+30,1e+30,1590.9146,1113.8594,169.81349,0.23615944,6.505064583550974,0.0,5.0,5.0,0.5
99,19987.5,1037.5,1e+30,1e+30,1589.1693,1265.4067,177.32787,0.21094339,11.666617471746155,0.0,5.0,5.0,0.5
100,20475.0,1087.5,1.0000000000000002e+30,1.0000000000000002e+30,1587.8232,1420.8513,184.66599,0.16128509,89.76355494352258,0.0,5.0,5.0,0.5
101,20475.0,1175.0,9.727891156462586e+29,9.761904761904762e+29,1586.7477,1572.4568,191.44812,0.15607703,5.850957947698511,-1.7766487036464699e+25,5.0,5.0,0.5
102,21450.0,1225.0,9.691558441558441e+29,9.772727272727273e+29,1585.8293,1723.7822,198.76917,0.14593583,6.0854008154046975,-4.083572577913668e+25,5.0,5.0,0.5
103,21450.0,1262.5,9.590909090909091e+29,9.772727272727273e+29,1585.0977,1869.0068,205.04695,0.13807377,11.620931667800175,-8.867148751582062e+25,5.0,5.0,0.5
104,22912.5,1325.0,9.787234042553191e+29,9.787234042553191e+29,1584.6617,2018.8641,211.77686,0.13321748,24.830029756555415,0.0,5.0,5.0,0.5
105,23400.0,1337.5,1.0000000000000002e+30,1.0000000000000002e+30,1584.658,2218.5896,216.00285,0.12903783,6.612113451603768,0.0,5.0,5.0,0.5
106,67618.04504394531,2737.5,8.911192214111923e+28,8.576642335766423e+28,1581.1791,6013.7295,597.0133,0.18886383,6.907489640929851,5.60372566526599e+24,5.0,5.0,0.5
107,41437.5,1875.0,6.0000000000000005e+29,5.869281045751634e+29,1585.0891,2239.4795,398.48428,0.1902854,4.273560282567002,3.2804042638149674e+25,5.0,5.0,0.5
108,29250.0,1412.5,1.0000000000000002e+30,1.0000000000000002e+30,1587.8074,1471.4597,265.06668,0.19034754,8.60170986266371,0.0,5.0,5.0,0.5
109,21937.5,1125.0,1.0000000000000002e+30,1.0000000000000002e+30,1590.6368,1144.2698,214.54922,0.20255625,56.66561660686396,0.0,5.0,5.0,0.5
110,18037.5,1000.0,1e+30,1e+30,1594.4402,906.4872,182.34747,0.22393022,427.3794215339925,0.0,5.0,5.0,0.5
111,17550.0,725.0,1e+30,1e+30,1596.4119,800.3703,170.67732,0.3093026,7.469329811500908,0.0,5.0,5.0,0.5
112,16575.0,587.5,1e+30,1e+30,1596.6431,828.83606,156.31572,0.32932645,3.412404058856603,0.0,5.0,5.0,0.5
113,18525.0,825.0,1e+30,1e+30,1592.3452,991.15564,164.10225,0.2737397,9.768811432317605,0.0,5.0,5.0,0.5
114,18525.0,950.0,1e+30,1e+30,1589.8784,1156.2396,171.9636,0.19300647,6.549184519187868,0.0,5.0,5.0,0.5
115,19987.5,1075.0,9.715447154471545e+29,9.75609756097561e+29,1588.0948,1329.0212,180.29718,0.1901785,4.9963084861593945,-2.2546335147578823e+25,5.0,5.0,0.5
116,19500.0,1137.5,9.416666666666667e+29,9.5e+29,1586.7004,1487.2999,187.80148,0.16305178,18.909738178324055,-4.43730964919308e+25,5.0,5.0,0.5
117,20962.5,1225.0,9.02454780361757e+29,9.084702368252613e+29,1585.6259,1667.1322,196.28192,0.15140209,8.434324938344465,-3.0647022512340756e+25,5.0,5.0,0.5
118,21450.0,1300.0,9.034090909090909e+29,9.090909090909091e+29,1584.6001,1853.5706,205.01831,0.136221,7.92025693088232,-2.771371087129871e+25,5.0,5.0,0.5
119,22425.0,1337.5,9.089026915113871e+29,9.130434782608697e+29,1583.8868,2035.4764,213.34155,0.13149416,6.190082678535174,-1.9409190082337646e+25,5.0,5.0,0.5
120,23400.0,1312.5,8.479166666666667e+29,8.541666666666667e+29,1583.1562,2232.8223,217.29066,0.11113233,2.5328474969039902,-2.876331576144717e+25,5.0,5.0,0.5
121,24862.5,1475.0,8.372549019607844e+29,8.431372549019607e+29,1582.8105,2510.4858,231.96082,0.110009804,5.362702794051774,-2.535925272671496e+25,5.0,5.0,0.5
122,67127.13012695312,2662.5,3.0800653594771246e+29,2.9983660130718956e+29,1583.3958,6703.7466,587.695,0.18943691,4.575098060111343,1.3901657388107977e+25,5.0,5.0,0.5
123,26325.0,1337.5,9.861111111111112e+29,9.814814814814815e+29,1587.9373,1506.4521,270.063,0.18637146,8.216517990005435,1.7142777168740668e+25,5.0,5.0,0.5
124,21450.0,1100.0,1e+30,1e+30,1591.2336,1147.2617,216.26056,0.20101923,6.628649646340318,0.0,5.0,5.0,0.5
125,18525.0,812.5,1e+30,1e+30,1595.6492,911.1965,184.49016,0.23316853,5.825656043213666,0.0,5.0,5.0,0.5
126,17062.5,650.0,9.571428571428572e+29,9.714285714285715e+29,1595.5334,846.1696,157.42885,0.2862581,6.386324625714654,-9.074394206023693e+25,5.0,5.0,0.5
127,18037.5,900.0,9.391891891891892e+29,9.45945945945946e+29,1591.2123,1036.998,166.14618,0.2152693,10.576486207353863,-4.06675422168754e+25,5.0,5.0,0.5
128,18525.0,1025.0,9.122807017543859e+29,9.210526315789474e+29,1588.7617,1210.1603,175.37132,0.19111486,6.455471056137202,-5.001918040486416e+25,5.0,5.0,0.5
129,19500.0,1112.5,8.680555555555556e+29,8.76605504587156e+29,1587.0624,1395.0085,183.8902,0.16498794,11.638546725122785,-4.649486017216937e+25,5.0,5.0,0.5
130,20475.0,1212.5,8.34862385321101e+29,8.588744588744589e+29,1585.7057,1588.9285,193.3768,0.14905511,5.929439275445878,-1.2417246270836908e+26,5.0,5.0,0.5
131,20962.5,1275.0,8.270748879880522e+29,8.389006342494715e+29,1584.4823,1795.8203,202.76613,0.14482285,5.5131832258024165,-5.832209919165179e+25,5.0,5.0,0.5
132,21937.5,1262.5,8.333333333333334e+29,8.444444444444445e+29,1583.744,1999.474,207.00089,0.11697297,2.7302373828291797,-5.367663578146961e+25,5.0,5.0,0.5
133,25350.0,1487.5,7.908653846153846e+29,8.076923076923078e+29,1582.7345,2394.317,231.34865,0.12132582,3.844534411705989,-7.273404542108279e+25,5.0,5.0,0.5
134,31935.1806640625,1525.0,7.051282051282052e+29,7.076923076923077e+29,1581.893,2850.9812,276.30194,0.109836645,4.957544168678528,-9.280074383783598e+24,5.0,5.0,0.5
135,51079.17785644531,2175.0,4.139920045688178e+29,4.1633352370074245e+29,1581.3405,4097.385,431.35614,0.12456501,4.521516123179543,-5.428273563423706e+24,5.0,5.0,0.5
136,67127.880859375,2625.0,2.9901960784313725e+29,2.892156862745098e+29,1583.2345,5583.4565,577.4305,0.18819217,4.213315285478079,1.697853142836946e+25,5.0,5.0,0.5
137,27787.5,1400.0,8.859649122807019e+29,8.771929824561404e+29,1587.9403,1580.7643,277.18326,0.18427356,5.7002111261528405,3.164667983940412e+25,5.0,5.0,0.5
138,21937.5,1025.0,1.0000000000000002e+30,1.0000000000000002e+30,1592.571,1118.8676,215.45087,0.20890182,5.168995222800558,0.0,5.0,5.0,0.5
139,17550.0,825.0,1e+30,1e+30,1595.7802,961.65045,192.13608,0.2309881,5.89400332314797,0.0,5.0,5.0,0.5
140,15112.5,562.5,9.56989247311828e+29,9.677419354838709e+29,1596.5493,789.9511,152.64015,0.28591034,3.922403455653737,-7.0444689898009974e+25,5.0,5.0,0.5
141,17550.0,800.0,9.035714285714286e+29,9.177148846960168e+29,1592.6409,932.3822,160.775,0.23746967,4.397249082910816,-8.797049703945005e+25,5.0,5.0,0.5
142,18525.0,975.0,8.891509433962264e+29,8.959665518937531e+29,1589.7393,1110.0258,170.0903,0.20415914,18.94606616924991,-4.007052981194728e+25,5.0,5.0,0.5
143,19500.0,1087.5,8.680555555555556e+29,8.76605504587156e+29,1587.6007,1301.3147,180.6464,0.18372822,7.149923557886521,-4.732975233008151e+25,5.0,5.0,0.5
144,20475.0,1187.5,8.227513227513227e+29,8.34862385321101e+29,1586.0116,1499.8776,189.00397,0.15030003,5.153815112946004,-6.407835107241916e+25,5.0,5.0,0.5
145,20475.0,1262.5,7.991480996068152e+29,8.112554112554113e+29,1584.626,1731.3528,200.59679,0.13969103,4.151650913422697,-6.035645864474025e+25,5.0,5.0,0.5
146,22912.5,1375.0,7.354089400741753e+29,7.46228239845261e+29,1583.5103,2021.0905,214.65898,0.119604476,4.705024351698511,-5.04022692383582e+25,5.0,5.0,0.5
147,29861.34033203125,1550.0,7.213114754098361e+29,7.213114754098361e+29,1582.4625,2519.2202,258.01648,0.11953712,3.1434265580250766,0.0,5.0,5.0,0.5
148,49864.105224609375,2137.5,3.657142857142857e+29,3.685714285714286e+29,1581.5446,3767.7969,415.47766,0.12746438,2.8349118831248497,-6.87676648932898e+24,5.0,5.0,0.5
149,77959.60693359375,2850.0,2.5000000000000004e+29,2.5503355704697986e+29,1580.7288,5014.1504,628.0283,0.14901404,2.518730637591287,-8.014856789380423e+24,5.0,5.0,0.5
150,61279.42199707031,2537.5,2.4850981767180924e+28,2.349228611500701e+28,1580.3381,4227.1807,527.452,0.19557057,3.3548928159110427,2.575960626280831e+24,5.0,5.0,0.5
151,63686.07177734375,2625.0,2.642706131078224e+28,2.184637068357999e+28,1580.6841,6617.8066,561.0015,0.18983774,3.9517730427694024,8.165201725656281e+24,5.0,5.0,0.5
152,64207.85827636719,2612.5,3.993212669683258e+28,3.755656108597285e+28,1580.9116,4885.6885,565.0859,0.1885748,3.169047639498441,4.203901937385486e+24,5.0,5.0,0.5
153,64207.025146484375,2612.5,5.32967032967033e+28,4.505494505494506e+28,1581.1227,4982.482,569.6249,0.18932661,14.936454812699903,1.4468746996642885e+25,5.0,5.0,0.5
154,65178.06701660156,2587.5,2.7203856749311297e+29,2.637741046831956e+29,1583.5012,5916.6616,571.7002,0.18901566,6.252734866487898,1.4455938405618175e+25,5.0,5.0,0.5
155,31687.5,1525.0,7.054945054945055e+29,6.87912087912088e+29,1587.789,1742.0995,315.55435,0.19426061,18.123331996330084,5.5719141510022e+25,5.0,5.0,0.5
156,21937.5,1087.5,1.0000000000000002e+30,1.0000000000000002e+30,1592.0823,1206.9216,227.73457,0.2098107,7.171871551580008,0.0,5.0,5.0,0.5
157,19012.5,775.0,1e+30,1e+30,1597.0326,976.8693,198.01851,0.24791367,11.801399915133487,0.0,5.0,5.0,0.5
158,16087.5,525.0,8.942335981170934e+29,9.096736596736597e+29,1597.172,750.1037,149.41391,0.30237663,2.0488069919098737,-1.0333751098307207e+26,5.0,5.0,0.5
159,18037.5,737.5,8.791505791505791e+29,8.929117797042326e+29,1593.5973,864.487,159.24406,0.24372621,8.778430998311666,-8.641578329126956e+25,5.0,5.0,0.5
160,17550.0,900.0,8.482704402515723e+29,8.624091381100728e+29,1590.6064,1016.1097,165.19594,0.2207386,9.850678551026302,-8.558744252571012e+25,5.0,5.0,0.5
161,18037.5,1025.0,8.300917740170077e+29,8.393393393393394e+29,1588.171,1199.8623,175.65721,0.18606238,6.62843663458077,-5.26455205208893e+25,5.0,5.0,0.5
162,20475.0,1162.5,8.227513227513227e+29,8.34862385321101e+29,1586.4331,1408.0972,184.87263,0.16611198,6.455671864879401,-6.551030430834386e+25,5.0,5.0,0.5
163,20475.0,1237.5,7.753385757972915e+29,7.874458874458875e+29,1584.8344,1666.5115,196.20284,0.14449184,11.237910708407231,-6.170813812896078e+25,5.0,5.0,0.5
164,22912.5,1375.0,7.77962131563537e+29,7.887814313346228e+29,1583.7776,1966.2327,214.12714,0.13098757,4.516518095112752,-5.052745747947032e+25,5.0,5.0,0.5
165,29868.988037109375,1537.5,6.53989898989899e+29,6.513513513513513e+29,1582.4417,2460.7346,260.49384,0.11723692,3.0033034311790763,1.012902141809807e+25,5.0,5.0,0.5
166,70717.90161132812,2687.5,4.1540941328175374e+29,4.261069580218517e+29,1581.4161,4671.8755,594.2664,0.14638568,3.288290467369624,-1.8001260727256486e+25,5.0,5.0,0.5
167,75736.90185546875,2862.5,1.8551703877790836e+29,1.8860164512338428e+29,1580.5242,4805.2603,626.42505,0.15207435,2.4921178264251878,-4.924142722655168e+24,5.0,5.0,0.5
168,61738.6474609375,2575.0,-6.763636363636364e+27,-8.727272727272727e+27,1580.648,6270.7354,547.4574,0.19290936,3.1203168592991406,3.586829537318424e+24,5.0,5.0,0.5
169,62744.23828125,2562.5,2.2047244094488193e+28,1.2598425196850394e+28,1581.3511,6339.8657,555.83154,0.19115126,8.321378260414024,1.6999429084522161e+25,5.0,5.0,0.5
170,63193.91174316406,2550.0,8.513621794871796e+27,6.610576923076924e+27,1582.1207,11574.044,565.1966,0.18844779,7.781214398111046,3.367049432347723e+24,5.0,5.0,0.5
171,63680.29479980469,2550.0,1.723514211886305e+29,1.4573643410852714e+29,1583.017,4905.2705,559.9711,0.18939422,5.086594490027716,4.75292129122185e+25,5.0,5.0,0.5
172,64690.045166015625,2537.5,3.0381679389312977e+29,2.9465648854961834e+29,1584.4504,5344.1724,560.77606,0.19047998,3.3160959862482353,1.6335050591585348e+25,5.0,5.0,0.5
173,34125.0,1575.0,6.614285714285715e+29,6.514285714285715e+29,1587.373,1797.3517,322.2535,0.1929257,4.549531494023755,3.1031469649001e+25,5.0,5.0,0.5
174,23887.5,1150.0,1e+30,1e+30,1591.4464,1291.4741,245.10672,0.21525724,5.530549175517352,0.0,5.0,5.0,0.5
175,19500.0,837.5,1e+30,1e+30,1595.9717,1011.6675,202.12236,0.23849149,6.5951921166611,0.0,5.0,5.0,0.5
176,16087.5,612.5,8.33916083916084e+29,8.493506493506493e+29,1595.6079,768.35657,152.3806,0.31303993,65.11141258482718,-1.0128956991269347e+26,5.0,5.0,0.5
177,18037.5,850.0,8.25344212136665e+29,8.391007830260168e+29,1591.5201,939.6295,161.2285,0.23821712,18.150018832868547,-8.532344379626087e+25,5.0,5.0,0.5
178,18525.0,1000.0,8.038612887358584e+29,8.172514619883042e+29,1588.868,1119.2117,170.75266,0.19208118,7.166417838688876,-7.841853615774491e+25,5.0,5.0,0.5
179,19012.5,1100.0,7.834757834757835e+29,7.96518466243237e+29,1586.8876,1324.7062,180.90805,0.15366034,6.184934321539211,-7.2095645985517055e+25,5.0,5.0,0.5
180,20475.0,1262.5,7.158147662734819e+29,7.398268398268398e+29,1585.0927,1593.2765,192.55731,0.12999284,5.938503217221361,-1.2470091788514683e+26,5.0,5.0,0.5
181,22425.0,1212.5,7.296569605105704e+29,7.407114624505929e+29,1583.9865,1856.946,205.05966,0.12052106,2.1969092936627597,-5.390871046733467e+25,5.0,5.0,0.5
182,31702.761840820312,1625.0,5.608671751528895e+29,5.7044799901942755e+29,1582.5721,2491.9175,267.24884,0.11919547,2.809753030048036,-3.5849823911807356e+25,5.0,5.0,0.5
183,69634.19799804688,2637.5,3.581950895819509e+29,3.65555336358256e+29,1581.4536,4448.6787,586.0041,0.14681172,57.52860380247499,-1.2560060433026114e+25,5.0,5.0,0.5
184,74505.74951171875,2875.0,1.3207084635656065e+29,1.343942338840298e+29,1580.5157,4602.123,615.8965,0.1560416,2.993578165210523,-3.772366925956526e+24,5.0,5.0,0.5
185,60727.41394042969,2550.0,-1.668806161745828e+28,-1.7115960633290543e+28,1580.7004,6568.4927,538.49976,0.1959775,3.0169925909297786,7.94613203026235e+23,5.0,5.0,0.5
186,61769.23828125,2537.5,-8.533333333333334e+27,-1.7066666666666667e+28,1581.5662,7758.777,550.4783,0.1930179,6.02041642303196,1.5501671501625378e+25,5.0,5.0,0.5
187,62218.91174316406,2500.0,-7.826278659611994e+27,-9.700176366843033e+27,1582.4543,12709.835,559.5722,0.19076587,3.056893347372793,3.348804125473981e+24,5.0,5.0,0.5
188,63192.49572753906,2525.0,2.0442708333333334e+29,1.8229166666666667e+29,1583.634,5144.43,551.55676,0.19083104,4.066817751577857,4.013261764482176e+25,5.0,5.0,0.5
189,63227.50244140625,2500.0,2.8819444444444446e+29,2.795138888888889e+29,1585.1042,5543.8755,552.48364,0.19378895,3.9263100465791823,1.571187793913384e+25,5.0,5.0,0.5
190,39975.0,1712.5,5.711382113821138e+29,5.5691056910569105e+29,1586.9562,2011.5378,364.02866,0.19118178,3.6511880622265482,3.908385244318176e+25,5.0,5.0,0.5
191,23887.5,1200.0,1e+30,1e+30,1590.5303,1337.6614,247.73016,0.19378908,6.8569869669151435,0.0,5.0,5.0,0.5
192,21450.0,950.0,1e+30,1e+30,1594.1505,1095.3573,207.95717,0.1963264,4.04621983945731,0.0,5.0,5.0,0.5
193,15112.5,612.5,8.608354011579818e+29,8.71889400921659e+29,1596.1665,736.3487,148.40625,0.31510827,3.301598498160404,-7.448473203572762e+25,5.0,5.0,0.5
194,17062.5,800.0,8.198639455782314e+29,8.296495956873316e+29,1592.3313,873.7751,158.80489,0.248287,10.125241323846646,-6.162058588968568e+25,5.0,5.0,0.5
195,18037.5,975.0,7.760377199629535e+29,7.852852852852854e+29,1589.5225,1049.1193,166.39847,0.20369974,23.184433735599672,-5.557482248787856e+25,5.0,5.0,0.5
196,19012.5,1075.0,7.193732193732194e+29,7.452364149611856e+29,1587.3292,1262.335,178.3306,0.16713461,7.5111936796391205,-1.450294903628536e+26,5.0,5.0,0.5
197,20234.967041015625,1212.5,6.842818428184283e+29,7.088834191094205e+29,1585.3611,1537.4803,191.44054,0.1341635,4.303694065944981,-1.2850766478664603e+26,5.0,5.0,0.5
198,25597.467041015625,1412.5,7.41619618913197e+29,7.513986013986014e+29,1584.2056,1927.3674,227.62674,0.12940644,10.509083582219217,-4.2960605185493015e+25,5.0,5.0,0.5
199,36345.34912109375,1737.5,4.219945938255798e+29,4.2054730787125156e+29,1582.7737,2571.271,296.15524,0.12650655,2.937855675710025,4.886916537619994e+24,5.0,5.0,0.5
200,70012.98217773438,2625.0,3.0941971383147854e+29,3.1683298319327734e+29,1581.577,4256.59,577.4708,0.14973274,4.343371006435937,-1.2837478602129343e+25,5.0,5.0,0.5
201,73167.13562011719,2812.5,1.496683935920047e+29,1.5293938235187006e+29,1580.5927,4411.505,605.2274,0.15726498,2.099452097491686,-5.404561439270669e+24,5.0,5.0,0.5
202,59793.94836425781,2500.0,-2.4399842581660764e+28,-2.4677588434627855e+28,1580.6298,6128.123,526.2256,0.19944465,3.576883954459551,5.278075798467142e+23,5.0,5.0,0.5
203,60307.7880859375,2500.0,-2.809239940387481e+28,-3.2122286220646875e+28,1581.4554,6028.8247,538.33246,0.19602144,3.4982783387807133,7.485870029145393e+24,5.0,5.0,0.5
204,62255.54504394531,2475.0,-2.777777777777778e+28,-3.1746031746031747e+28,1582.5906,12725.8,549.4684,0.19324331,9.13556412758175,7.221987807359184e+24,5.0,5.0,0.5
205,61694.32067871094,2450.0,6.44e+28,4.48e+28,1583.7329,5168.366,543.17633,0.1944809,2.9512960921201996,3.608404655549289e+25,5.0,5.0,0.5
206,63227.71911621094,2462.5,2.7864583333333336e+29,2.682291666666667e+29,1585.2021,5559.062,545.9832,0.19469674,3.595052824587892,1.9078730580265053e+25,5.0,5.0,0.5
207,38025.0,1687.5,5.494505494505495e+29,5.3479853479853486e+29,1587.1292,1970.0216,359.35574,0.19396093,11.443076018090752,4.07730081424383e+25,5.0,5.0,0.5
208,25350.0,1237.5,9.230769230769232e+29,9.230769230769232e+29,1589.9178,1391.1403,252.74557,0.19019555,8.880506587981541,0.0,5.0,5.0,0.5
209,22425.0,950.0,1e+30,1e+30,1594.5438,1113.5391,214.62347,0.23056082,4.248672043601233,0.0,5.0,5.0,0.5
210,18525.0,1337.5,1e+30,1e+30,1596.6533,989.6384,197.65117,0.22370657,1434.5854130003347,0.0,5.0,5.0,0.5
211,15723.73046875,487.5,7.971783980582524e+29,8.131009615384616e+29,1597.7561,665.612,142.30928,0.32261246,5.555024019379087,-1.1188703530758496e+26,5.0,5.0,0.5
212,16575.0,625.0,7.649914334665905e+29,7.946832579185521e+29,1595.605,725.9467,147.8216,0.24506712,7.588888924481839,-2.0086256412645484e+26,5.0,5.0,0.5
213,17550.0,787.5,7.64937106918239e+29,7.790758047767393e+29,1592.5125,835.4047,154.35506,0.24917,5.936922437830934,-9.159854011285876e+25,5.0,5.0,0.5
214,18037.5,937.5,7.760377199629535e+29,7.852852852852854e+29,1589.9464,996.17523,162.79858,0.19016661,7.508651244616157,-5.6803720867863326e+25,5.0,5.0,0.5
215,18284.967041015625,1050.0,6.769386208638545e+29,7.042042042042042e+29,1587.7156,1203.3303,172.43915,0.15129653,4.586228109277406,-1.58117130968306e+26,5.0,5.0,0.5
216,20722.467041015625,1187.5,6.917989417989418e+29,7.158147662734819e+29,1585.8206,1476.3201,186.69574,0.13405874,7.612102286641878,-1.2863616763404262e+26,5.0,5.0,0.5
217,26216.317749023438,1325.0,6.871324394260174e+29,6.744755244755245e+29,1584.441,1805.4448,222.02658,0.13333854,6.050390331090582,5.700630485001644e+25,5.0,5.0,0.5
218,37327.79846191406,1712.5,3.611291486291486e+29,3.6025311025311024e+29,1583.0131,2453.2053,300.0779,0.13207355,3.5204937997647643,2.91936974640536e+24,5.0,5.0,0.5
219,70639.46228027344,2612.5,2.5245245245245248e+29,2.5992063492063493e+29,1581.7715,4063.8538,569.09985,0.15277694,6.9595338567612,-1.31227980855163e+25,5.0,5.0,0.5
220,72803.7841796875,2787.5,1.6262903762903763e+29,1.6618190069517505e+29,1580.7457,4219.0225,595.1933,0.159106,2.7880008936289147,-5.96925919032913e+24,5.0,5.0,0.5
221,57779.254150390625,2462.5,-1.6780733885997045e+28,-1.7161692522661314e+28,1580.4943,4540.8022,507.66397,0.20488514,2.8326696282529302,7.504149564788417e+23,5.0,5.0,0.5
222,59822.04284667969,2500.0,-2.4812002084729357e+28,-2.543290043290043e+28,1581.2736,5790.669,526.1523,0.19918141,4.248823705248469,1.1800734665016758e+24,5.0,5.0,0.5
223,60794.19860839844,2462.5,-4.063984795692113e+28,-4.115265090874847e+28,1582.3094,10587.958,540.26996,0.1956596,3.8305075755578057,9.49160588633862e+23,5.0,5.0,0.5
224,61731.329345703125,2425.0,-1.76e+28,-1.92e+28,1583.3938,5448.844,535.7851,0.19551817,2.983405146411588,2.9862719480063535e+24,5.0,5.0,0.5
225,62705.08728027344,2425.0,1.5727409073865768e+29,1.3948256467941508e+29,1584.7294,6787.1104,542.06934,0.19419691,5.024943281147176,3.2821495110902087e+25,5.0,5.0,0.5
226,63714.85595703125,2462.5,2.9689922480620155e+29,2.8372093023255813e+29,1586.4438,5675.1016,541.7905,0.1962052,5.186372009576069,2.4323597236468808e+25,5.0,5.0,0.5
227,30712.5,1412.5,6.882086167800455e+29,6.780045351473923e+29,1588.8224,1610.5632,293.63492,0.19584276,61.322475272025045,3.4750913463415355e+25,5.0,5.0,0.5
228,22425.0,1012.5,1e+30,1e+30,1593.3145,1187.7235,225.88158,0.2039895,3.8598489876849063,0.0,5.0,5.0,0.5
229,15359.954833984375,537.5,7.425558312655087e+29,7.751152073732719e+29,1596.3505,675.9672,142.49937,0.2925305,8.242915112789575,-2.2848785299739813e+26,5.0,5.0,0.5
230,17433.685302734375,775.0,7.151020408163266e+29,7.439353099730458e+29,1592.7134,810.5194,150.74768,0.22546872,6.9690379333733,-1.9126840976726843e+26,5.0,5.0,0.5
231,18284.954833984375,925.0,7.445061884314221e+29,7.582582582582583e+29,1590.1989,978.1832,162.98416,0.21795192,5.95394816240356,-8.437672538640181e+25,5.0,5.0,0.5
232,18532.394409179688,1025.0,6.499115938368275e+29,6.771771771771772e+29,1588.0594,1159.4587,171.14793,0.16318098,5.252367540020729,-1.5931003494747615e+26,5.0,5.0,0.5
233,21704.87060546875,1200.0,6.408268733850129e+29,6.526562833368893e+29,1586.2004,1472.0967,187.02197,0.13302548,4.388963361396112,-6.325144465040515e+25,5.0,5.0,0.5
234,25859.915161132812,1237.5,5.719510703363915e+29,6.014545454545455e+29,1584.6887,1685.8986,214.81065,0.13314135,3.9497924453615885,-1.3734642398700067e+26,5.0,5.0,0.5
235,41970.41931152344,1812.5,2.305965909090909e+29,2.353885135135135e+29,1583.275,2708.8408,326.63968,0.13383211,2.47602538371848,-1.4670362828398512e+25,5.0,5.0,0.5
236,71498.05603027344,2562.5,2.3589030206677264e+29,2.4330357142857144e+29,1582.001,3860.2212,562.4175,0.15878879,3.159234754994201,-1.3181079214714605e+25,5.0,5.0,0.5
237,71341.3818359375,2700.0,1.806377551020408e+29,1.8605246523388116e+29,1580.9323,7845.2363,587.6967,0.1591333,4.35744005377753,-9.213442889133209e+24,5.0,5.0,0.5
238,54915.15197753906,2350.0,-8.955383955383955e+27,-9.258151957267001e+27,1580.3591,3843.2805,487.65057,0.2112713,2.199659651274735,6.208708001036615e+23,5.0,5.0,0.5
239,58777.93273925781,2450.0,-3.461276402452873e+28,-3.622448979591837e+28,1581.0797,7667.944,519.04785,0.20246154,3.2427330299528094,3.10515835204371e+24,5.0,5.0,0.5
240,59820.49865722656,2425.0,-3.348985725018783e+28,-3.445387536296627e+28,1582.0287,8993.025,527.3587,0.1991087,3.259122362512598,1.828012140831881e+24,5.0,5.0,0.5
241,60793.61877441406,2400.0,-4.209164818920916e+28,-4.405625137332454e+28,1583.028,12894.4,536.3709,0.19555216,2.6321584992386073,3.662769820523278e+24,5.0,5.0,0.5
242,61695.01647949219,2400.0,-2.8e+28,-3.2e+28,1584.2377,5679.118,532.64874,0.19706854,3.167926445686063,7.509639429365489e+24,5.0,5.0,0.5
243,60790.85388183594,2387.5,1.8705962059620597e+29,1.707317073170732e+29,1585.6973,6133.3486,536.2011,0.19759056,4.791635387356252,3.0451099315252473e+25,5.0,5.0,0.5
244,37050.0,1650.0,4.986842105263158e+29,4.842105263157895e+29,1587.5732,1895.0254,352.97943,0.19460659,4.527112882511853,4.100432754190593e+25,5.0,5.0,0.5
245,24862.5,1225.0,8.431372549019607e+29,8.23529411764706e+29,1590.219,1352.5638,246.78427,0.18631032,23.20384396698289,7.945337455549314e+25,5.0,5.0,0.5
246,21937.5,912.5,1.0000000000000002e+30,1.0000000000000002e+30,1595.192,1078.0574,210.54771,0.21739382,3.861879800504203,0.0,5.0,5.0,0.5
247,16953.472900390625,537.5,6.972639011473963e+29,7.278554778554779e+29,1597.2247,656.83105,138.76277,0.26618278,3.7765850041977584,-2.2045953935573253e+26,5.0,5.0,0.5
248,16829.791259765625,712.5,6.826839826839827e+29,6.981132075471697e+29,1593.6919,769.0736,149.12135,0.2473414,5.89040699693681,-1.0346757548348936e+26,5.0,5.0,0.5
249,17564.764404296875,862.5,6.040510543840178e+29,6.190214403518417e+29,1590.6195,925.0658,155.6146,0.17798986,9.736604091453184,-9.62016841130024e+25,5.0,5.0,0.5
250,19027.264404296875,1000.0,5.958575397827734e+29,6.231231231231231e+29,1588.5076,1127.8778,167.7076,0.15567599,5.072090009374463,-1.6257810629382065e+26,5.0,5.0,0.5
251,24273.42529296875,1250.0,6.182033096926714e+29,6.396642592231114e+29,1586.5636,1451.0419,200.87025,0.14642505,5.104257265249845,-1.0683985830598092e+26,5.0,5.0,0.5
252,27337.677001953125,1486.34033203125,4.293637944474426e+29,4.5240641711229944e+29,1584.9806,1647.0654,219.31107,0.13868678,7.262461999162758,-1.0506821711918134e+26,5.0,5.0,0.5
253,46744.30236816406,1875.0,9.151282944386393e+28,7.883745814780298e+28,1583.5664,2540.9917,354.76202,0.14908776,8.593996058522244,3.5729222524428735e+25,5.0,5.0,0.5
254,69424.00512695312,2512.5,2.278236914600551e+29,2.3546273546273548e+29,1582.2542,3675.0366,552.0735,0.16096146,3.001447212270062,-1.3837005746260576e+25,5.0,5.0,0.5
255,68903.82690429688,2675.0,1.6832546832546836e+29,1.7411816578483246e+29,1581.1497,10101.618,577.0957,0.16266657,5.252385593501929,-1.0037672136521508e+25,5.0,5.0,0.5
256,65345.953369140625,2700.0,-7.34835727849235e+27,-7.692307692307692e+27,1580.3662,3829.8418,546.87317,0.18847343,38.29788058161056,6.289400053739653e+23,5.0,5.0,0.5
257,56871.59423828125,2400.0,-3.4627329192546585e+28,-3.5178365305337215e+28,1580.8384,6992.335,504.8058,0.20611651,5.136392807004822,1.091580421476498e+24,5.0,5.0,0.5
258,57348.99597167969,2387.5,-4.302023698575423e+28,-4.356527093596059e+28,1581.7607,6290.089,513.36615,0.2033963,4.790461571767165,1.0616865765497824e+24,5.0,5.0,0.5
259,59332.52868652344,2387.5,-5.0151515151515155e+28,-5.083947583947584e+28,1582.6771,11054.928,525.6413,0.1992303,4.670295498019328,1.3088025858884364e+24,5.0,5.0,0.5
260,59818.524169921875,2375.0,-3.3445379567147708e+28,-3.4293346690040904e+28,1583.7834,5986.6943,522.8982,0.20039034,18.059217151423535,1.6216677235876582e+24,5.0,5.0,0.5
261,59745.01647949219,2325.0,-4.19722062757926e+28,-4.308253729741334e+28,1585.0731,6454.0605,527.3084,0.19840693,10.567282142348187,2.105657712274257e+24,5.0,5.0,0.5
262,61242.303466796875,2362.5,1.9333717357910908e+29,1.751152073732719e+29,1586.6252,6645.7812,531.2948,0.19949205,3.4016543900808234,3.429727942478616e+25,5.0,5.0,0.5
263,30712.5,1425.0,5.761904761904762e+29,5.650793650793651e+29,1588.6138,1632.1562,304.4293,0.19766046,4.976097329418281,3.649816705532298e+25,5.0,5.0,0.5
264,23887.5,1137.5,9.013605442176872e+29,8.979591836734695e+29,1591.4084,1238.6073,237.20667,0.20279384,6.252310912074805,1.4339228384065696e+25,5.0,5.0,0.5
265,20475.0,850.0,1.0000000000000002e+30,1.0000000000000002e+30,1596.2146,1032.4166,205.5633,0.22170226,6.142388872294778,0.0,5.0,5.0,0.5
266,16349.520874023438,13188.65966796875,6.451612903225806e+29,6.774193548387098e+29,1595.9254,690.54596,141.53693,0.25479513,39898.852163095384,-2.279127106003385e+26,5.0,5.0,0.5
267,17448.233032226562,812.5,5.769010863350486e+29,6.074766355140187e+29,1591.6702,868.2651,154.02141,0.20178302,9.237149861159137,-1.9851493087817725e+26,5.0,5.0,0.5
268,19398.233032226562,975.0,5.6883051275574645e+29,5.960960960960961e+29,1589.162,1090.1125,166.24701,0.1632244,22.03669896058277,-1.6400645917703988e+26,5.0,5.0,0.5
269,24528.3203125,1150.0,5.2294685990338174e+29,5.448743518149183e+29,1587.016,1336.8634,194.34898,0.15115766,8.400101473973141,-1.1282534895109188e+26,5.0,5.0,0.5
270,29186.65771484375,1337.5,2.2078628557986358e+29,2.2896270396270395e+29,1585.3376,1636.9264,218.70465,0.13869108,5.127762615325573,-3.738566303908894e+25,5.0,5.0,0.5
271,47246.844482421875,1850.0,-1.1839323467230445e+28,-1.2799268613222102e+28,1583.8885,2415.1912,349.4701,0.15165392,7.590882801829501,2.7468592186914033e+24,5.0,5.0,0.5
272,67837.20092773438,2462.5,2.2536997885835095e+29,2.331866750471402e+29,1582.5339,3505.4985,541.46497,0.16382414,3.3353428111274144,-1.4436199352153907e+25,5.0,5.0,0.5
273,69267.28210449219,2625.0,1.7504471383147853e+29,1.7908788515406162e+29,1581.3875,4488.401,562.81586,0.16553792,3.911335700034556,-7.183826242230673e+24,5.0,5.0,0.5
274,67800.06103515625,2700.0,-1.8566327322731607e+28,-1.8785267261721555e+28,1580.5138,59953.434,581.33966,0.17677985,2.726675952828454,3.7661276842390117e+23,5.0,5.0,0.5
275,55832.18688964844,2375.0,-3.5029498525073746e+28,-3.5379583738891436e+28,1580.6418,5870.581,488.71988,0.21036658,4.233557737270407,7.163310287813374e+23,5.0,5.0,0.5
276,56829.40673828125,2375.0,-4.3739391565478525e+28,-4.463423050379572e+28,1581.4272,8463.946,506.60992,0.20529965,3.500822459696074,1.76632729713032e+24,5.0,5.0,0.5
277,58359.42077636719,2337.5,-5.079609655880842e+28,-5.129027332417162e+28,1582.3636,9382.996,513.48785,0.20213974,3.38498120261138,9.623923166047222e+23,5.0,5.0,0.5
278,59332.122802734375,2312.5,-5.836829836829837e+28,-5.893970893970894e+28,1583.3943,12898.842,522.35864,0.19869012,3.9768658452372905,1.0939046946564387e+24,5.0,5.0,0.5
279,60305.78308105469,2287.5,-4.939908940510534e+28,-5.007451564828614e+28,1584.5665,6348.4956,518.5021,0.19941905,10.41257278251249,1.3026490644736052e+24,5.0,5.0,0.5
280,60720.06530761719,2262.5,-4.216081151637205e+28,-4.412416851441242e+28,1585.9028,7008.0234,521.66943,0.19907476,3.305545540713227,3.763603676211047e+24,5.0,5.0,0.5
281,60754.8583984375,2312.5,1.8902439024390243e+29,1.7615176151761518e+29,1587.5216,7029.5645,528.34564,0.20117068,7.049762937907448,2.4364029341417943e+25,5.0,5.0,0.5
282,30225.0,1362.5,5.705645161290323e+29,5.6048387096774194e+29,1589.5776,1494.185,288.2467,0.1997371,16.706876178356264,3.497228248527852e+25,5.0,5.0,0.5
283,23400.0,1062.5,9.368055555555555e+29,9.375000000000001e+29,1592.4446,1156.6854,229.31071,0.21125992,18.09654097412438,-3.028399459168355e+24,5.0,5.0,0.5
284,21937.5,812.5,1.0000000000000002e+30,1.0000000000000002e+30,1596.7573,1013.9084,204.7039,0.22716454,24.158853158677836,0.0,5.0,5.0,0.5
285,16960.693359375,13161.7919921875,6.2500000000000005e+29,6.562500000000001e+29,1596.733,672.1298,138.83978,0.2503526,38644.85245340572,-2.2507958013866154e+26,5.0,5.0,0.5
286,17943.002319335938,13348.358154296875,5.151515151515152e+29,5.4545454545454546e+29,1592.8899,808.05554,148.41945,0.20517077,37471.64038757275,-2.041715593024308e+26,5.0,5.0,0.5
287,20504.248046875,937.5,5.0099304865938435e+29,5.275454992621742e+29,1589.9941,1123.0273,166.31349,0.15614152,11.551958197039687,-1.5965301619258622e+26,5.0,5.0,0.5
288,25649.884033203125,1087.5,2.679012345679012e+29,2.6809378185524973e+29,1587.6342,1234.3809,187.41371,0.15324293,5.10452838155289,-1.0273916767255994e+24,5.0,5.0,0.5
289,34084.56726074219,1425.0,-1.7702448210922786e+28,-1.9250505364640022e+28,1585.7935,1717.116,244.9952,0.14676785,7.396008420108846,6.318724590956019e+24,5.0,5.0,0.5
290,46998.91662597656,1837.5,-1.088116065713676e+28,-1.0782241014799154e+28,1584.274,2386.0388,350.0369,0.15380798,3.641752890088346,-2.8259775908795578e+23,5.0,5.0,0.5
291,66250.61950683594,2450.0,2.227994227994228e+29,2.308022308022308e+29,1582.8503,3343.836,530.73364,0.16729584,5.039247508428072,-1.5078765242642298e+25,5.0,5.0,0.5
292,66829.57153320312,2575.0,1.7695481741283272e+29,1.831937146822643e+29,1581.6573,3450.6116,545.1025,0.16814718,5.134526498917036,-1.1445365818202368e+25,5.0,5.0,0.5
293,66579.20532226562,2687.5,-7.885011510965709e+27,-4.455729915195603e+27,1580.7133,18253.312,560.8425,0.17600799,3.775826168271531,-6.114517741850598e+24,5.0,5.0,0.5
294,53484.95788574219,2312.5,-2.7336860670194005e+28,-2.7648038894351577e+28,1580.4584,4339.1567,470.166,0.21777312,11.511520137482371,6.618475900303054e+23,5.0,5.0,0.5
295,56384.539794921875,2350.0,-4.534139402560455e+28,-4.746240601503759e+28,1581.1685,7831.3647,491.47232,0.20970336,6.167876220514973,4.3156285730003795e+24,5.0,5.0,0.5
296,56827.41394042969,2312.5,-5.233842538190364e+28,-5.313664596273292e+28,1582.0771,7282.156,499.54184,0.20606649,2.677626610972424,1.5979053555735438e+24,5.0,5.0,0.5
297,57383.74938964844,2300.0,-5.282131661442006e+28,-5.447343895619758e+28,1583.0482,11532.899,509.97012,0.20352058,20.14701642052787,3.2396453563118463e+24,5.0,5.0,0.5
298,58357.05261230469,2300.0,-4.2967202289236185e+28,-4.410706105621359e+28,1584.1475,7063.801,508.6813,0.20381083,4.424055117035326,2.2408112032554237e+24,5.0,5.0,0.5
299,59330.82580566406,2250.0,-4.217316513761468e+28,-4.225108225108225e+28,1585.3677,7063.902,512.79865,0.203273,5.10300878904581,1.519448505262705e+23,5.0,5.0,0.5
300,58282.56530761719,2225.0,-4.28879645467268e+28,-4.2967202289236185e+28,1586.7626,8998.515,521.4582,0.20280477,6.4779196502857195,1.519541621733833e+23,5.0,5.0,0.5
301,59779.89501953125,2300.0,1.5886134067952252e+29,1.4102661308666312e+29,1588.433,7372.7783,523.189,0.20287721,4.503587403513581,3.4088497102741794e+25,5.0,5.0,0.5
302,27787.5,1275.0,5.657894736842106e+29,5.526315789473684e+29,1590.5886,1393.3875,277.28864,0.20885254,8.244402018688165,4.745197986492956e+25,5.0,5.0,0.5
303,22912.5,1000.0,9.567375886524822e+29,9.361702127659575e+29,1593.7489,1081.5186,222.0762,0.22356626,8.226016142006086,9.261404718262645e+25,5.0,5.0,0.5
304,19987.5,762.5,1e+30,1e+30,1597.3136,990.65765,205.80716,0.24004406,3.350849498819714,0.0,5.0,5.0,0.5
305,16480.422973632812,13111.16943359375,4.666666666666667e+29,5e+29,1597.2812,662.6513,135.76326,0.26509678,41216.94893060656,-2.45525434207362e+26,5.0,5.0,0.5
306,18554.06494140625,13323.046875,5e+29,5.2941176470588236e+29,1593.7689,787.05023,146.49199,0.20549503,36368.45880400803,-2.007738776666406e+26,5.0,5.0,0.5
307,23196.609497070312,13534.3017578125,4.7142857142857144e+29,4.7619047619047626e+29,1590.873,1013.7216,173.11086,0.22009198,29441.62633768478,-2.750783455540205e+25,5.0,5.0,0.5
308,27135.482788085938,1087.5,1.2149532710280375e+28,2.3456790123456792e+28,1588.3752,1153.9471,185.19461,0.16441219,4.561903489329031,-6.1056082446487604e+25,5.0,5.0,0.5
309,34811.63330078125,1400.0,-1.7531876138433514e+28,-1.9439013385471498e+28,1586.3384,1632.1982,247.51212,0.15656959,7.154737632963117,7.705227856627993e+24,5.0,5.0,0.5
310,48700.927734375,1862.5,-1.039755351681957e+28,-1.0303030303030303e+28,1584.7289,2331.6633,363.58765,0.16161716,6.226384373157098,-2.5997366715628758e+23,5.0,5.0,0.5
311,64896.00830078125,2425.0,2.3258181818181818e+29,2.406486486486487e+29,1583.219,3176.1572,520.2185,0.16966133,8.590069778073582,-1.5506619576142348e+25,5.0,5.0,0.5
312,64995.69396972656,2350.0,1.7945289039039038e+29,1.8646143353174602e+29,1581.9574,4550.93,536.5065,0.17118497,2.499355858060341,-1.3063296599065502e+25,5.0,5.0,0.5
313,65604.53491210938,2600.0,3.1146179401993356e+28,3.8406883642528837e+28,1580.9491,3293.712,537.3386,0.17749156,3.9202458252685517,-1.351234385379755e+25,5.0,5.0,0.5
314,53474.871826171875,2275.0,-9.188269902555617e+27,-9.368913793692555e+27,1580.3365,4180.715,468.7667,0.22268793,2.9510392448147864,3.853599109963463e+23,5.0,5.0,0.5
315,53393.157958984375,2275.0,-4.686829686829687e+28,-4.811507936507937e+28,1580.9634,7552.405,477.7574,0.2154392,7.499600625331042,2.609656146120879e+24,5.0,5.0,0.5
316,55893.94836425781,2262.5,-5.301192469334062e+28,-5.357142857142857e+28,1581.8181,7690.1406,487.11908,0.2105977,3.2667253346426786,1.1485977485403552e+24,5.0,5.0,0.5
317,57837.451171875,2287.5,-5.991970991970992e+28,-6.056056056056057e+28,1582.7354,7689.2817,493.64005,0.20587084,3.9164534135825617,1.2982144522637378e+24,5.0,5.0,0.5
318,58322.46398925781,2262.5,-6.795069337442219e+28,-6.865031441302627e+28,1583.7999,13680.381,506.7571,0.20301121,3.0646678937672127,1.3805845521963487e+24,5.0,5.0,0.5
319,57382.11364746094,2212.5,-5.195421471916252e+28,-5.195924764890282e+28,1584.9594,7347.9966,504.3536,0.2061102,3.1402945754995426,9.978970445884644e+21,5.0,5.0,0.5
320,59331.08215332031,2212.5,-4.529816513761467e+28,-4.939393939393939e+28,1586.2402,7704.358,506.61905,0.20472938,3.990644372149938,8.084524780157815e+24,5.0,5.0,0.5
321,57795.30334472656,2162.5,-2.687559354226021e+28,-2.722888732063044e+28,1587.6796,8133.3896,513.0962,0.20875098,5.105894775135855,6.885527203036792e+23,5.0,5.0,0.5
322,34612.5,1487.5,2.3820701989716076e+29,2.222324774334078e+29,1589.4019,1655.3425,333.06653,0.20577326,4.270021177194752,4.796201691089816e+25,5.0,5.0,0.5
323,27300.0,1212.5,5.5e+29,5.464285714285714e+29,1591.6947,1320.9227,269.488,0.2190421,30.977216446875047,1.3252643843398758e+25,5.0,5.0,0.5
324,22425.0,862.5,1e+30,1e+30,1595.8512,1004.7329,215.21832,0.25916293,3.8888289453593865,0.0,5.0,5.0,0.5
325,18074.288940429688,13158.367919921875,3.4375e+29,3.7500000000000004e+29,1596.6674,746.76117,142.33444,0.20735629,38635.1070556783,-2.195533247641787e+26,5.0,5.0,0.5
326,23955.099487304688,13457.745361328125,1.125e+29,1.0000000000000001e+29,1592.2675,898.9773,166.0609,0.20026632,30907.22007514622,7.5273590372919425e+25,5.0,5.0,0.5
327,27382.769775390625,13806.585693359375,1604.4319796877542,1604.4292883817423,1589.2863,1071.5747,181.06189,0.17564516,27478.478168004025,1.4864011510854075e-05,5.0,5.0,0.5
328,33952.21862792969,1375.0,-1.812169312169312e+28,-2.035823503713412e+28,1587.0347,1541.5658,242.11484,0.16095147,4.687918986843358,9.237525205731545e+24,5.0,5.0,0.5
329,47601.77001953125,1812.5,-1.0633861551292744e+28,-1.053719008264463e+28,1585.277,2218.702,355.50256,0.1634317,10.01985729445034,-2.7192903393645422e+23,5.0,5.0,0.5
330,63053.729248046875,2350.0,2.2823355506282336e+29,2.3643155350472422e+29,1583.6619,3003.8918,510.96915,0.18060711,5.200243373127738,-1.6044018497767652e+25,5.0,5.0,0.5
331,63532.806396484375,2225.0,1.8464864864864863e+29,1.9271428571428573e+29,1582.3165,3024.4138,508.1083,0.174488,3.1486977199929505,-1.5873853972370325e+25,5.0,5.0,0.5
332,64629.681396484375,2562.5,5.398387701537308e+28,6.2708754326063225e+28,1581.231,3123.657,526.2957,0.17956391,7.472434242463612,-1.6577899185794744e+25,5.0,5.0,0.5
333,61562.62512207031,2562.5,-8.11295091459132e+27,-8.43572345497891e+27,1580.4701,3947.8489,514.6374,0.19823468,3.2957822485478454,6.271843954086635e+23,5.0,5.0,0.5
334,52016.34826660156,2250.0,-4.729780801209373e+28,-4.775015217493094e+28,1580.7167,6005.7095,461.4618,0.22055613,5.696735816215931,9.802418546601294e+23,5.0,5.0,0.5
335,53912.03918457031,2237.5,-6.53111827423754e+28,-6.707077326343381e+28,1581.573,9288.408,479.88324,0.21391167,4.440691787689294,3.666705513594132e+24,5.0,5.0,0.5
336,55854.8583984375,2237.5,-6.572807723250201e+28,-7.007892848600814e+28,1582.4384,8141.937,484.20126,0.20986125,5.919499836649415,8.985625569635634e+24,5.0,5.0,0.5
337,57313.49182128906,2212.5,-7.121212121212121e+28,-7.401366884125505e+28,1583.4719,12404.368,496.10645,0.20609915,7.036824140717124,5.647069606945201e+24,5.0,5.0,0.5
338,58322.46398925781,2187.5,-7.742186285181154e+28,-7.904468412942989e+28,1584.6168,15298.269,501.67883,0.20396306,3.3257750763675555,3.234781240198505e+24,5.0,5.0,0.5
339,55919.78759765625,2150.0,-4.494368990593721e+28,-4.50791096808796e+28,1585.849,7693.291,497.05176,0.20977989,120.27480353791988,2.7244602360599915e+23,5.0,5.0,0.5
340,56406.46057128906,2161.16943359375,-4.337231968810916e+28,-4.329631417994528e+28,1587.1997,8527.242,501.76752,0.21045142,4.333973643856978,-1.514755450984504e+23,5.0,5.0,0.5
341,56333.013916015625,2148.66943359375,-2.582846003898636e+28,-2.5752454530822465e+28,1588.7177,8772.422,508.84787,0.21189721,3.3142664305752647,-1.4936784187159124e+23,5.0,5.0,0.5
342,33150.0,1400.0,1.918636613523914e+29,1.527777777777778e+29,1590.5092,1527.0417,320.60898,0.22090988,6.530574003727899,1.2191138185006343e+26,5.0,5.0,0.5
343,25837.5,1125.0,5.1509433962264155e+29,5.0188679245283024e+29,1592.8317,1257.071,262.84366,0.22369611,5.936624843631199,5.0248681089869805e+25,5.0,5.0,0.5
344,20962.5,825.0,9.806201550387598e+29,9.534883720930232e+29,1596.6709,967.8328,210.46,0.24641664,13.414493041243198,1.289165736016717e+26,5.0,5.0,0.5
345,22368.719482421875,13257.122802734375,2.7027027027027026e+28,5.405405405405405e+28,1595.5435,778.2856,156.37396,0.21790509,33414.21169309502,-1.728358520294293e+26,5.0,5.0,0.5
346,25672.59521484375,13680.029296875,1604.4552736508228,1604.4516935506326,1590.8403,956.44696,172.9856,0.1895729,29440.374854366593,2.0695943934916668e-05,5.0,5.0,0.5
347,33340.576171875,13906.18896484375,-5.649717514124294e+27,-1.1299435028248587e+28,1587.9312,1441.1422,236.19873,0.17583236,20955.110467480245,2.391933903671753e+25,5.0,5.0,0.5
348,45512.00866699219,1737.5,-1.0981912144702842e+28,-1.088116065713676e+28,1585.965,2082.63,344.57346,0.16744064,3.818898429295976,-2.923948025220968e+23,5.0,5.0,0.5
349,62318.353271484375,2325.0,1.972477064220184e+29,2.0551415797317437e+29,1584.1906,2844.2476,499.31647,0.18284793,4.454821009912785,-1.6555535602704396e+25,5.0,5.0,0.5
350,60731.048583984375,2225.0,1.476699770817418e+29,1.5194185782421078e+29,1582.7273,2863.449,496.00723,0.17904034,4.770541887159792,-8.612537199322327e+24,5.0,5.0,0.5
351,62679.57763671875,2487.5,4.898801240264655e+28,5.673312685507808e+28,1581.5582,2952.0386,512.59125,0.18279742,3.4185239565213936,-1.510972824705945e+25,5.0,5.0,0.5
352,62669.5556640625,2550.0,-7.646043650896634e+27,-7.948757524309306e+27,1580.6854,2974.2383,508.77698,0.19369681,4.838112302221579,5.949834343465952e+23,5.0,5.0,0.5
353,49561.77978515625,2175.0,-2.987637362637363e+28,-3.056501021102791e+28,1580.4857,4772.9116,446.50943,0.22656572,3.0862071754152685,1.5422666095981627e+24,5.0,5.0,0.5
354,52907.6416015625,2237.5,-6.524690578428896e+28,-6.57543391188251e+28,1581.2239,8155.043,464.55637,0.21809162,3.6046974643735012,1.0922965902751417e+24,5.0,5.0,0.5
355,53947.039794921875,2212.5,-6.457232879251228e+28,-6.551505634074442e+28,1582.1448,8341.861,471.8027,0.21508351,3.064776417317151,1.9981393504625374e+24,5.0,5.0,0.5
356,54392.08679199219,2187.5,-7.320247933884297e+28,-7.426289926289926e+28,1583.1584,8583.641,478.37793,0.21127188,4.437123066000606,2.2166990955226758e+24,5.0,5.0,0.5
357,55850.99182128906,2162.5,-7.133433465941382e+28,-7.141707849672452e+28,1584.2935,14482.486,490.8061,0.2092875,3.130079317038101,1.6858763323430687e+23,5.0,5.0,0.5
358,54910.16540527344,2112.5,-5.460161996859245e+28,-5.468585468585468e+28,1585.5288,8759.269,488.50732,0.21357198,4.172816484144495,1.724328645367782e+23,5.0,5.0,0.5
359,55396.30432128906,2073.7335205078125,-4.41468253968254e+28,-4.40694626474443e+28,1586.866,8754.055,492.4453,0.2146621,6.1928150498825305,-1.5709916901909494e+23,5.0,5.0,0.5
360,56857.98645019531,2086.2335205078125,-4.299516908212561e+28,-4.291982449142401e+28,1588.3263,9818.653,498.82034,0.21363302,3.756115968729698,-1.510455452674703e+23,5.0,5.0,0.5
361,55809.521484375,2048.6572265625,-2.613514184103879e+28,-2.6057030481809245e+28,1589.9574,9305.897,501.8857,0.21694212,20.303527030368716,-1.5563575015842602e+23,5.0,5.0,0.5
362,30712.5,1262.5,9.28052217771844e+28,5.80246913580247e+28,1591.8639,1449.188,305.62836,0.21833974,5.218682607147139,1.1380007656395813e+26,5.0,5.0,0.5
363,26812.5,1037.5,4.1247086247086246e+29,3.883982683982684e+29,1594.4375,1193.7206,256.25488,0.24576151,4.62197680567849,9.394004051118047e+25,5.0,5.0,0.5
364,19987.5,762.5,7.845528455284553e+29,7.804878048780489e+29,1597.4272,941.5516,209.5789,0.24845539,4.245804907590238,1.939623019479817e+25,5.0,5.0,0.5
365,22005.078125,13204.632568359375,1604.5983872650306,1604.5960305993508,1596.7217,720.72797,153.35326,0.25248137,34330.61070555312,1.5367562044850965e-05,5.0,5.0,0.5
366,25061.294555664062,13578.16162109375,1604.4785462097154,1604.476603640852,1592.5437,856.4871,165.27995,0.21548629,30151.27620793168,1.1753203144409429e-05,5.0,5.0,0.5
367,31746.347045898438,13828.387451171875,-4.385964912280702e+27,-8.771929824561404e+27,1589.0374,1320.4246,226.08337,0.17856257,21681.876341042702,1.9399767591163162e+25,5.0,5.0,0.5
368,43793.768310546875,14290.576171875,1603.936618280061,1603.9259231488734,1586.7975,1939.1895,332.29123,0.17430708,14716.065125782181,3.2186017102929255e-05,5.0,5.0,0.5
369,60607.891845703125,14827.45361328125,1.9327731092436974e+29,2.016806722689076e+29,1584.8615,2693.0403,487.0823,0.1876929,10391.58333057476,-1.725244633731691e+25,5.0,5.0,0.5
370,61218.157958984375,2187.5,1.7005050505050503e+29,1.756756756756757e+29,1583.2401,2710.9429,484.75754,0.1827087,4.09800006822477,-1.1604091088948635e+25,5.0,5.0,0.5
371,62068.39294433594,2437.5,2.93531236154187e+28,3.625097580015613e+28,1581.9573,2787.3777,499.39078,0.18612029,10.850864587843034,-1.3812534180256142e+25,5.0,5.0,0.5
372,61578.338623046875,2512.5,-1.7601338055883508e+28,-1.8170459200225894e+28,1580.9741,37109.285,522.12225,0.19234575,4.142760953092354,1.0900151077965906e+24,5.0,5.0,0.5
373,51181.04248046875,2237.5,-9.655746680658849e+27,-9.895337235693309e+27,1580.3738,3255.9138,449.77536,0.22915621,4.2902425878299555,5.326893740404919e+23,5.0,5.0,0.5
374,50554.21142578125,2175.0,-5.92541070482247e+28,-6.039915966386555e+28,1580.9803,7126.0786,449.2412,0.22349694,5.385281862855471,2.5488592492467287e+24,5.0,5.0,0.5
375,51441.754150390625,2150.0,-7.683026433026434e+28,-7.743818681318682e+28,1581.8625,8672.643,461.64694,0.21980469,7.019171682184223,1.316855864150553e+24,5.0,5.0,0.5
376,53458.001708984375,2150.0,-8.343153759820426e+28,-8.41257924591258e+28,1582.8328,9087.283,468.64743,0.21454659,6.92674616730095,1.4814011895882268e+24,5.0,5.0,0.5
377,54391.36657714844,2125.0,-7.296989915838957e+28,-7.297520661157025e+28,1583.9614,14156.978,480.81488,0.21418573,6.580876830491597,1.1038454501623013e+22,5.0,5.0,0.5
378,53901.17492675781,2075.0,-7.372275061021799e+28,-7.374664071911778e+28,1585.2072,15623.537,486.64868,0.214316,7.2871346238083765,4.909107904956926e+22,5.0,5.0,0.5
379,54386.75537109375,2037.5,-4.7979797979797975e+28,-4.9416180150125104e+28,1586.5801,9072.79,482.75064,0.2181395,5.097043653153106,2.9754122495644497e+24,5.0,5.0,0.5
380,54385.546875,2023.785400390625,-4.494949494949495e+28,-4.487072560467056e+28,1588.0553,9855.808,487.61047,0.21866192,7.241689568773476,-1.615415358852832e+23,5.0,5.0,0.5
381,54384.50927734375,2011.2060546875,-3.5938827527612576e+28,-3.585858585858586e+28,1589.68,10327.221,492.16006,0.22101057,3.4333857970487984,-1.630397807186464e+23,5.0,5.0,0.5
382,54311.2060546875,1973.7060546875,-2.6847918436703483e+28,-2.676767676767677e+28,1591.5197,9696.05,498.03363,0.22118248,7.21435221229325,-1.6111696908283705e+23,5.0,5.0,0.5
383,26812.5,1087.5,-2.2207792207792206e+28,-2.6586620926243565e+28,1593.5275,1222.6897,268.9117,0.23134242,13.26514958576977,1.6283518019194042e+25,5.0,5.0,0.5
384,22425.0,837.5,4.6035598705501616e+29,4.243311036789298e+29,1596.5247,1035.4022,221.08955,0.22128396,3.064894245863954,1.629424943491291e+26,5.0,5.0,0.5
385,23227.50244140625,13426.605224609375,1604.519405134868,1604.5174912234133,1594.9318,754.19885,157.35902,0.24971819,32525.590101668513,1.2162705420310208e-05,5.0,5.0,0.5
386,31250.738525390625,13777.764892578125,-3.5087719298245616e+27,-7.017543859649123e+27,1590.2905,1207.4435,216.14868,0.18514685,21684.053478550326,1.6233140554881322e+25,5.0,5.0,0.5
387,40861.102294921875,14152.142333984375,1603.9496137704066,1603.932140514673,1587.7217,1786.8315,315.49878,0.17592916,15643.547373743522,5.538295828779266e-05,5.0,5.0,0.5
388,57922.86376953125,14777.142333984375,1.754385964912281e+29,1.842105263157895e+29,1585.5944,2542.8218,474.8475,0.19288485,10841.591133585334,-1.847315139473347e+25,5.0,5.0,0.5
389,59631.69250488281,14739.019775390625,1.737891737891738e+29,1.7948717948717952e+29,1583.8433,2564.178,473.3033,0.18772188,10567.180703409547,-1.2038803716235547e+25,5.0,5.0,0.5
390,61216.65954589844,2375.0,1.0690235690235694e+27,1.549049049049049e+28,1582.4266,2627.4312,485.8381,0.18990698,36.8862653510861,-2.9683688445532003e+25,5.0,5.0,0.5
391,59628.704833984375,2425.0,-1.2005412005412005e+28,-1.2592749131210668e+28,1581.3231,14943.275,497.575,0.19524504,7.089128661582831,1.1803991586986761e+24,5.0,5.0,0.5
392,55708.89587402344,2425.0,-8.670244862959316e+27,-8.988025292373119e+27,1580.5592,2726.199,473.34412,0.21340789,3.8870765811040076,6.713518105128192e+23,5.0,5.0,0.5
393,48580.621337890625,2150.0,-4.1446694507919e+28,-4.282069970845481e+28,1580.666,6171.71,434.21838,0.22988957,4.809601299279879,3.164318351853298e+24,5.0,5.0,0.5
394,50473.748779296875,2137.5,-7.967914438502674e+28,-8.155802861685214e+28,1581.583,9485.647,449.34967,0.22249143,11.574832715802374,4.181341070330377e+24,5.0,5.0,0.5
395,51926.90734863281,2125.0,-8.81962481962482e+28,-9.12912912912913e+28,1582.5044,9243.378,457.4402,0.21885961,4.274230967903514,6.766006120216418e+24,5.0,5.0,0.5
396,52482.41882324219,2087.5,-9.437920569996041e+28,-9.436087030426653e+28,1583.609,9809.128,464.62595,0.2171747,3.9492064917358265,-3.9462702954839796e+22,5.0,5.0,0.5
397,52441.351318359375,2050.0,-7.801050141365184e+28,-7.950257289879931e+28,1584.8574,15391.215,476.80527,0.21826923,6.2295877848129955,3.129309987471948e+24,5.0,5.0,0.5
398,53414.10217285156,2036.4654541015625,-7.3559670781893e+28,-7.347944274549779e+28,1586.2606,17405.172,483.9071,0.21704686,11.858014357799403,-1.65792226752713e+23,5.0,5.0,0.5
399,52400.714111328125,1961.42578125,-4.664570230607967e+28,-4.656396053314869e+28,1587.8239,10249.759,478.12723,0.22379078,3.983330335611529,-1.7096238863024892e+23,5.0,5.0,0.5
400,52887.298583984375,1923.74267578125,-4.629225259848022e+28,-4.6209761163032195e+28,1589.5144,10774.079,480.8191,0.22377063,4.618710162412003,-1.7156439262789494e+23,5.0,5.0,0.5
401,52398.49548339844,1861.24267578125,-2.7945888216447134e+28,-2.7861047434314934e+28,1591.3499,10784.178,486.81885,0.22831589,4.68391514493449,-1.7427587806154168e+23,5.0,5.0,0.5
402,31200.0,1200.0,-1.8941627358490566e+28,-2.2707359813084114e+28,1593.5881,1360.6006,306.4284,0.23383752,5.65438267475391,1.2289110225381038e+25,5.0,5.0,0.5
403,24862.5,900.0,-2.5766716943187526e+28,-3.211951447245565e+28,1596.3608,1105.8357,254.2039,0.24639468,3.511899853740861,2.4990951945823834e+25,5.0,5.0,0.5
404,23887.5,862.5,1.4665096807953952e+29,8.901846452866862e+28,1597.597,1084.357,246.02588,0.24875915,3.4021564474436583,2.3425382649616385e+26,5.0,5.0,0.5
405,21501.693725585938,13274.42626953125,-2.7027027027027026e+28,-1.3513513513513513e+28,1597.4607,703.4081,150.61554,0.27206677,33394.820676891824,-8.972190753901142e+25,5.0,5.0,0.5
406,22964.254760742188,13461.92626953125,-2.5000000000000002e+28,-1.2500000000000001e+28,1594.7241,820.68365,162.97562,0.22798486,30893.00694798494,-7.669859008292474e+25,5.0,5.0,0.5
407,30260.137939453125,13699.652099609375,-5.847953216374269e+27,-1.1695906432748537e+28,1591.342,1144.7914,211.74986,0.1950925,21677.088177003436,2.7617270408638495e+25,5.0,5.0,0.5
408,39514.81018066406,14074.3408203125,1603.9311788528432,1603.9121495602265,1588.623,1675.0697,304.38254,0.18151443,16046.921021149374,6.251768827379001e-05,5.0,5.0,0.5
409,57311.395263671875,14674.652099609375,1.858407079646018e+29,1.9469026548672568e+29,1586.447,2409.2498,462.93854,0.20004842,10935.300545316526,-1.911605278758431e+25,5.0,5.0,0.5
410,58409.23156738281,14799.96337890625,1.4637681159420291e+29,1.5652173913043478e+29,1584.5104,2442.63,467.6921,0.2006624,10748.93922668112,-2.169146615765631e+25,5.0,5.0,0.5
411,59142.877197265625,14912.46337890625,6.465517241379311e+27,5.387931034482758e+27,1583.0066,3564.1162,475.56528,0.1941913,10655.335768039933,2.2659059834405174e+24,5.0,5.0,0.5
412,59141.32080078125,2387.5,-8.472657610588646e+27,-8.87956922439681e+27,1581.7725,2490.434,471.94214,0.19824255,3.8876872058930165,8.622065725117957e+23,5.0,5.0,0.5
413,56687.62512207031,2412.5,-1.0232678374271293e+28,-1.0651713085341405e+28,1580.8525,5377.4424,481.41492,0.2092607,7.29054323223604,8.704231968717983e+23,5.0,5.0,0.5
414,50669.39697265625,2100.0,-3.118312820829983e+28,-3.1554429552141224e+28,1580.4358,6179.2407,428.66425,0.23422833,4.791011071736235,8.661822105479023e+23,5.0,5.0,0.5
415,48607.598876953125,2087.5,-8.17408781694496e+28,-8.250597536311823e+28,1581.1862,7132.028,433.5456,0.22718056,3.875211548349962,1.764744482610278e+24,5.0,5.0,0.5
416,49495.99914550781,2075.0,-9.038383838383838e+28,-9.14114114114114e+28,1582.1666,9412.2705,445.58218,0.22416544,4.6401648124538095,2.3061358035510454e+24,5.0,5.0,0.5
417,51926.4404296875,2075.0,-9.598701866067528e+28,-9.72665429808287e+28,1583.2443,9916.308,452.25528,0.21872054,5.906172185056037,2.8292081442409955e+24,5.0,5.0,0.5
418,51470.65734863281,2025.0,-7.82286520818631e+28,-7.862762237762237e+28,1584.4697,14975.658,464.35583,0.22186211,4.496213983308434,8.591908741554599e+23,5.0,5.0,0.5
419,53416.888427734375,2011.4654541015625,-7.347944274549779e+28,-7.34006734006734e+28,1585.863,16638.207,470.23383,0.22087544,18.230852662218044,-1.675110137172217e+23,5.0,5.0,0.5
420,50452.86865234375,1961.42578125,-4.847494553376906e+28,-4.838999820111531e+28,1587.4752,10281.7,466.8742,0.22891974,4.367579780872278,-1.8194908063727395e+23,5.0,5.0,0.5
421,51877.23388671875,1886.3372802734375,-4.717400979083223e+28,-4.708994708994709e+28,1589.3726,11097.176,472.12164,0.2294497,3.138544504212829,-1.7805305501173637e+23,5.0,5.0,0.5
422,50413.720703125,1798.8372802734375,-2.9041805401405848e+28,-2.8953637529778263e+28,1591.4373,11572.602,475.71344,0.23506215,3.593439080582592,-1.853381977991717e+23,5.0,5.0,0.5
423,50376.32751464844,1723.8067626953125,-2.9041805401405848e+28,-2.8953637529778263e+28,1593.4635,11747.509,481.75665,0.23430133,4.610432887903874,-1.8301329334900797e+23,5.0,5.0,0.5
424,29250.0,1025.0,-1.6346153846153844e+28,-1.619047619047619e+28,1596.4684,1256.7694,291.1125,0.23554547,2.6633087668743682,-5.347680439884362e+23,5.0,5.0,0.5
425,23908.078002929688,13323.095703125,1604.30762913621,-7.246376811594203e+27,1596.6407,900.80963,180.84402,0.20933542,26856.281623711177,4.006976080791124e+25,5.0,5.0,0.5
426,30368.966674804688,13673.095703125,-4.2372881355932203e+27,-8.474576271186441e+27,1592.322,1197.07,224.22357,0.19411275,20938.189511497887,1.8897603414331878e+25,5.0,5.0,0.5
427,38903.37829589844,14035.284423828125,1603.897144029176,1603.878585876829,1589.5941,1580.9526,296.5484,0.18678515,16257.292773757847,6.258051735210342e-05,5.0,5.0,0.5
428,55113.8427734375,14622.784423828125,1.6513761467889907e+29,1.743119266055046e+29,1587.3065,2280.5398,450.99554,0.20341232,11335.07858553513,-2.03423560162386e+25,5.0,5.0,0.5
429,56699.27062988281,14748.406982421875,1.4062500000000002e+29,1.517857142857143e+29,1585.2588,2301.8738,454.7841,0.20705773,11035.237319256028,-2.454068771730432e+25,5.0,5.0,0.5
430,57068.95751953125,14823.406982421875,-8.116883116883118e+26,-1.6233766233766236e+27,1583.5923,2326.6997,457.29898,0.19908269,11036.831931346587,1.7749619962479646e+24,5.0,5.0,0.5
431,57555.2001953125,2337.5,-9.166193066493463e+27,-9.97586484312148e+27,1582.2876,2343.994,459.35257,0.2014703,8.697972746146466,1.7626368725186112e+24,5.0,5.0,0.5
432,57546.1181640625,2387.5,-9.595959595959595e+27,-1.098466887940572e+28,1581.2319,2387.0056,461.49408,0.20729886,3.490832200735232,3.0091594775827924e+24,5.0,5.0,0.5
433,51309.95788574219,2262.5,-1.0263636545341888e+28,-1.1269558328381858e+28,1580.5157,2454.4607,434.64685,0.22840273,4.861418637045842,2.314342739821789e+24,5.0,5.0,0.5
434,47610.07385253906,2062.5,-7.571992864424057e+28,-7.910353535353536e+28,1580.8503,9194.958,425.98285,0.23182315,89.85953873576847,7.94305854396719e+24,5.0,5.0,0.5
435,49090.73486328125,2025.0,-1.0288666481327031e+29,-1.0532598714416897e+29,1581.8707,10433.455,434.23312,0.22625333,20.87614016394268,5.617540895241487e+24,5.0,5.0,0.5
436,49007.025146484375,2012.5,-1.0127968593356416e+29,-1.0128558310376493e+29,1582.8788,10112.632,441.6875,0.22556975,12.071254157254499,1.335145368789639e+22,5.0,5.0,0.5
437,49976.434326171875,1987.5,-9.947416760024626e+28,-9.952745274527454e+28,1584.075,11001.266,447.9043,0.22336972,3.4958157491954966,1.1896546963277573e+23,5.0,5.0,0.5
438,50495.93200683594,1974.041748046875,-7.780176290699766e+28,-7.771836007130125e+28,1585.4236,16135.645,460.2872,0.22634317,13.903450886191445,-1.8119738182661547e+23,5.0,5.0,0.5
439,49932.391357421875,1923.9837646484375,-5.885588558855886e+28,-5.877009719320556e+28,1586.9819,10782.907,457.8081,0.23082611,7.815668970710673,-1.8738941999610514e+23,5.0,5.0,0.5
440,50416.82434082031,1861.4837646484375,-4.856148066703317e+28,-4.847494553376906e+28,1588.8845,11382.992,462.35165,0.23321739,4.393317681038219,-1.871630230055098e+23,5.0,5.0,0.5
441,49403.65905761719,1736.395263671875,-2.9622641509433964e+28,-2.953271028037383e+28,1591.4803,12457.853,467.96405,0.24041256,7.669184091028499,-1.9217550793449448e+23,5.0,5.0,0.5
442,48842.437744140625,1548.797607421875,-3.0108780108780106e+28,-3.001443001443001e+28,1594.9956,13156.303,472.6442,0.24501888,8.12178627517797,-1.996218196205248e+23,5.0,5.0,0.5
443,48877.68859863281,1561.2548828125,-2.981740481740482e+28,-2.9725829725829726e+28,1596.5673,27489.02,475.91608,0.30751878,42.128216929244424,-1.9241857139549347e+23,5.0,5.0,0.5
444,26345.022583007812,13419.049072265625,-6.535947712418301e+27,-1.3071895424836602e+28,1595.6628,965.61237,195.72194,0.21725826,24217.376475442128,3.339404740679525e+25,5.0,5.0,0.5
445,37193.31359863281,13918.426513671875,1603.897025645908,1603.884932373259,1591.2588,1450.2994,280.43402,0.1981355,16923.54734970109,4.3123414933292864e-05,5.0,5.0,0.5
446,53891.37268066406,14493.115234375,1.6822429906542057e+29,1.7757009345794393e+29,1588.4937,2150.3582,438.89514,0.21279342,11542.495200859952,-2.129391170387493e+25,5.0,5.0,0.5
447,55476.763916015625,14668.115234375,1.196969696969697e+29,1.2727272727272729e+29,1586.1656,2164.718,442.0366,0.2133061,11229.901770994924,-1.7138304242829711e+25,5.0,5.0,0.5
448,55846.52404785156,14744.3603515625,-1.2987012987012987e+27,-2.5974025974025974e+27,1584.336,2187.91,443.7673,0.20446223,11229.952649685982,2.926536697398818e+24,5.0,5.0,0.5
449,55357.9345703125,14806.8603515625,-6.55307994757536e+26,-1.310615989515072e+27,1582.8566,2202.0652,445.72186,0.2061614,11366.187027339136,1.47021730244791e+24,5.0,5.0,0.5
450,56083.966064453125,2325.0,-2.3885248885248884e+28,-2.6059441426413903e+28,1581.7181,27751.242,471.25168,0.20738725,5.4139972990520135,4.613654742278455e+24,5.0,5.0,0.5
451,54245.12939453125,2312.5,-9.670781893004115e+27,-1.0516479782534827e+28,1580.8232,2326.1865,443.0167,0.21960628,3.2525840113208733,1.9089526482261367e+24,5.0,5.0,0.5
452,47823.72741699219,2050.0,-4.37105165366035e+28,-4.44524561995643e+28,1580.5754,6692.574,412.34924,0.23833825,4.798298860370893,1.7992991990665613e+24,5.0,5.0,0.5
453,47149.066162109375,2012.5,-9.532163742690059e+28,-9.640002146037877e+28,1581.418,8273.051,419.3275,0.23138091,5.2254344006323485,2.571698721898315e+24,5.0,5.0,0.5
454,49537.6953125,1987.5,-1.2277777777777777e+29,-1.2602446483180428e+29,1582.5333,11699.226,432.91898,0.22527352,5.261010650305373,7.499525858854587e+24,5.0,5.0,0.5
455,48519.305419921875,1986.767578125,-1.0147392290249434e+29,-1.0138550833177308e+29,1583.6868,11148.029,437.86,0.22831327,6.518853202424376,-2.0192429927176143e+23,5.0,5.0,0.5
456,49488.61389160156,1974.267578125,-8.944444444444444e+28,-8.935779816513763e+28,1585.0225,14367.723,447.5823,0.22952726,5.591187697483528,-1.935873651908581e+23,5.0,5.0,0.5
457,48997.7783203125,1899.188232421875,-8.024691358024691e+28,-8.015939208599759e+28,1586.4968,17389.5,455.19812,0.2312712,6.124964094886128,-1.9227121198740898e+23,5.0,5.0,0.5
458,48433.77685546875,1849.127197265625,-5.045351473922903e+28,-5.036510016850777e+28,1588.2278,11388.585,452.6621,0.23910458,4.066206812924559,-1.9532134210069807e+23,5.0,5.0,0.5
459,48881.744384765625,1749.029541015625,-5.00330406872463e+28,-4.994388327721662e+28,1590.4547,12283.773,458.63858,0.24034716,4.409110546675234,-1.9439579192625832e+23,5.0,5.0,0.5
460,49367.16003417969,1586.3677978515625,-2.9902912621359225e+28,-2.9807692307692305e+28,1594.5723,13495.489,464.4622,0.24965034,6.514262786238419,-2.0501198155481955e+23,5.0,5.0,0.5
461,28047.543334960938,13389.691162109375,-6.06060606060606e+27,-1.212121212121212e+28,1597.0536,1023.6935,208.08202,0.22053055,22458.687688749826,2.9126044515360957e+25,5.0,5.0,0.5
462,34020.8740234375,13738.134765625,-4.975124378109453e+27,-9.950248756218906e+27,1593.1001,1239.5709,254.45409,0.21911837,18425.90699476811,1.955214966432589e+25,5.0,5.0,0.5
463,51694.073486328125,14412.51220703125,1.6019417475728156e+29,1.650485436893204e+29,1590.0048,2047.1436,425.21722,0.21265852,11988.71530832571,-1.1416209543422421e+25,5.0,5.0,0.5
464,53890.61279296875,14511.8896484375,1.207165109034268e+29,1.3084112149532711e+29,1587.4248,2051.148,431.22482,0.21725194,11542.419659238984,-2.3478728616571713e+25,5.0,5.0,0.5
465,53649.298095703125,14636.8896484375,-8.576329331046313e+26,-1.7152658662092626e+27,1585.3293,2068.4521,431.58365,0.20926476,11651.93434708958,1.98717661274806e+24,5.0,5.0,0.5
466,54746.96044921875,14762.51220703125,-1.851851851851852e+27,-3.703703703703704e+27,1583.6682,2082.137,433.00592,0.21004765,11434.098878344083,4.2767356393134814e+24,5.0,5.0,0.5
467,54011.016845703125,2237.5,-1.4834594273846608e+28,-1.786888124022652e+28,1582.3243,11285.575,447.02216,0.21296807,9.434101707309225,6.787777579412217e+24,5.0,5.0,0.5
468,53637.86926269531,2300.0,-1.188193945203291e+28,-1.2519868881868366e+28,1581.3048,4148.1533,446.2758,0.21887583,9.013917015797198,1.4294511329383919e+24,5.0,5.0,0.5
469,47661.602783203125,2137.5,-1.0933806146572105e+28,-1.1284891665040015e+28,1580.5745,2386.6138,414.1447,0.24079604,3.681532604899102,8.477363257292874e+23,5.0,5.0,0.5
470,45909.735107421875,1987.5,-8.816425120772947e+28,-8.988166467225104e+28,1581.0032,9102.822,409.92206,0.2349206,4.686065543237815,4.1896097820617797e+24,5.0,5.0,0.5
471,46658.251953125,1937.5,-1.2795508274231678e+29,-1.2874943067213223e+29,1582.1317,10436.712,419.63275,0.22984849,4.390344403027458,1.8929598012608727e+24,5.0,5.0,0.5
472,47586.669921875,1974.285888671875,-1.0358796296296296e+29,-1.0349770642201836e+29,1583.2799,10996.351,425.27762,0.23132946,35.37161338990942,-2.1222969899623263e+23,5.0,5.0,0.5
473,48482.91015625,1936.865234375,-1.0147392290249434e+29,-1.0138550833177308e+29,1584.5956,11992.866,433.0281,0.23290312,8.271883699683627,-2.0417744103771224e+23,5.0,5.0,0.5
474,47953.29895019531,1886.7706298828125,-8.190148911798396e+28,-8.18121630568429e+28,1586.0658,16820.299,444.57346,0.23731865,6.506793918125383,-2.0092531385665126e+23,5.0,5.0,0.5
475,47463.2080078125,1811.7156982421875,-6.19212962962963e+28,-6.183103975535168e+28,1587.6984,11960.088,443.14935,0.2419945,6.22192895846355,-2.036707045334382e+23,5.0,5.0,0.5
476,48397.84240722656,1749.2156982421875,-5.054358191874881e+28,-5.045351473922903e+28,1589.5985,12571.065,448.45453,0.24488889,8.868368969672865,-2.0083904550827457e+23,5.0,5.0,0.5
477,48882.43103027344,1636.529541015625,-5.012388031255956e+28,-5.00330406872463e+28,1591.9121,15040.71,454.97687,0.24776766,5.694975013627351,-1.9965767881191012e+23,5.0,5.0,0.5
478,46857.220458984375,1448.9044189453125,-3.1476750127746553e+28,-3.137651821862348e+28,1595.9185,14066.272,459.92624,0.2543727,6.336423995788575,-2.179303997484973e+23,5.0,5.0,0.5
479,31823.7548828125,13511.8896484375,-7.936507936507937e+27,-1.5873015873015873e+28,1596.555,1090.8823,237.67465,0.24222717,19593.42625840356,3.3392319569618005e+25,5.0,5.0,0.5
480,51446.97570800781,14334.710693359375,1.7475728155339806e+29,1.8446601941747574e+29,1591.9495,1971.9691,415.80997,0.22080642,11984.10532508677,-2.33489782199473e+25,5.0,5.0,0.5
481,52180.96008300781,14408.465576171875,1.217948717948718e+29,1.3461538461538462e+29,1588.9221,1943.7804,420.59302,0.2288551,11869.95790924126,-3.0481991580213067e+25,5.0,5.0,0.5
482,51088.17443847656,14532.53173828125,-1.4144271570014142e+27,-2.8288543140028285e+27,1586.4783,1954.7032,419.55466,0.21535322,12223.599553925751,3.3712583890128877e+24,5.0,5.0,0.5
483,51574.67956542969,14632.53173828125,-1.7825311942959004e+27,-2.673796791443851e+27,1584.5682,22683.018,427.4684,0.21481998,12102.055267880618,2.0849858546709115e+24,5.0,5.0,0.5
484,52548.40087890625,14732.843017578125,-1.6025641025641025e+27,-3.205128205128205e+27,1583.0471,1988.3159,421.92874,0.21676677,11871.793682667749,3.7981866251572344e+24,5.0,5.0,0.5
485,53151.361083984375,2212.5,-1.0250984541233175e+28,-1.079664570230608e+28,1581.8231,2459.1523,431.09198,0.2206955,4.106155946860472,1.2657650487898837e+24,5.0,5.0,0.5
486,50826.226806640625,2212.5,-1.2267181324273949e+28,-1.3594216564513596e+28,1580.9286,3229.403,424.0234,0.22959581,4.988604645977187,3.1296273233676935e+24,5.0,5.0,0.5
487,47324.28894042969,2000.0,-5.67783261577234e+28,-5.780274656679151e+28,1580.6913,6368.1636,400.03592,0.24253702,3.9220760674816586,2.5608210661276843e+24,5.0,5.0,0.5
488,46104.71496582031,1962.5,-1.1956922252369945e+29,-1.2126642771804062e+29,1581.6371,10943.831,408.39313,0.23284562,5.412209560643228,4.1558123295908575e+24,5.0,5.0,0.5
489,46132.18688964844,1911.8927001953125,-1.2852979600040197e+29,-1.2843488649940265e+29,1582.878,11957.514,416.7194,0.23270954,37.85263129485289,-2.2775398284533e+23,5.0,5.0,0.5
490,45525.5859375,1899.6490478515625,-1.0818772856562373e+29,-1.0809178743961354e+29,1584.2205,12141.095,423.01657,0.23765324,9.124275863132413,-2.2680228761063182e+23,5.0,5.0,0.5
491,45971.77429199219,1849.5208740234375,-9.627173148427294e+28,-9.61768219832736e+28,1585.6666,14661.425,431.779,0.23960932,5.563771243315877,-2.1981037249134866e+23,5.0,5.0,0.5
492,46943.42041015625,1787.0208740234375,-8.371864240039351e+28,-8.362573099415205e+28,1587.3146,18561.879,440.61197,0.24242347,9.952289041850102,-2.1086900215980175e+23,5.0,5.0,0.5
493,44502.7587890625,1711.932373046875,-5.503634475597093e+28,-5.493827160493827e+28,1589.1597,12864.994,438.53958,0.25247103,11.481651251752652,-2.2363580213715404e+23,5.0,5.0,0.5
494,45400.58898925781,1611.80419921875,-5.393765381460214e+28,-5.383990247866721e+28,1591.3439,13976.806,443.09283,0.25416642,4.1170623181933195,-2.2061141216888132e+23,5.0,5.0,0.5
495,44910.97412109375,1499.06005859375,-3.2653061224489794e+28,-3.255235330707029e+28,1593.9576,14541.249,446.5341,0.26317218,4.33605510244987,-2.2553242875627773e+23,5.0,5.0,0.5
496,45432.39440917969,1373.98681640625,-3.2503165892781765e+28,-3.239966555183946e+28,1596.8206,14280.447,447.96155,0.26552728,6.001090453494169,-2.3104737770171025e+23,5.0,5.0,0.5
497,34748.30017089844,13630.04150390625,1603.8117278621896,1603.7823768905068,1595.7145,1214.9327,260.0251,0.21886455,17879.70383999292,0.00011287746192672822,5.0,5.0,0.5
498,50107.38220214844,14276.30615234375,1.2000000000000002e+29,1.3e+29,1590.991,1845.7599,408.29538,0.23150356,12335.223554549026,-2.4492072403194114e+25,5.0,5.0,0.5
499,50353.74450683594,14324.749755859375,1603.371651589088,-5e+27,1588.0183,1850.565,408.51172,0.22107056,12332.814918664932,1.22395509614741e+25,5.0,5.0,0.5
500,51327.89001464844,14572.57080078125,-6.535947712418301e+27,-9.803921568627453e+27,1585.7457,2748.732,413.57007,0.21891117,12089.242423595935,7.901862601355909e+24,5.0,5.0,0.5
501,50351.74560546875,14621.9482421875,-1.111111111111111e+27,-2.222222222222222e+27,1583.9548,1881.586,410.80664,0.2207038,12329.51647420521,2.7047058183399125e+24,5.0,5.0,0.5
502,52299.835205078125,14720.703125,-2.235576923076923e+28,-2.3557692307692307e+28,1582.5411,19026.549,435.1277,0.21797983,11883.498567398368,2.7622307585702796e+24,5.0,5.0,0.5
503,50709.38720703125,2200.0,-1.273865704327442e+28,-1.43014301430143e+28,1581.42,2231.1416,419.72617,0.22787921,4.928172332344653,3.7233158835056215e+24,5.0,5.0,0.5
504,45818.54248046875,2087.5,-1.559190031152648e+28,-1.7716049382716049e+28,1580.7019,3022.9775,398.35904,0.2468815,11.436602137090196,5.332247700182061e+24,5.0,5.0,0.5
505,44453.56750488281,1937.5,-1.017221463824425e+29,-1.0274656679151062e+29,1581.1503,8879.354,396.1091,0.23904856,5.5241954085694065,2.586207709401664e+24,5.0,5.0,0.5
506,45163.1103515625,1862.5,-1.325756279027307e+29,-1.3263125763125763e+29,1582.4388,10264.757,402.60403,0.23596208,5.292763207577268,1.3817479153316671e+23,5.0,5.0,0.5
507,45119.061279296875,1887.176513671875,-1.093766047037075e+29,-1.0927960927960929e+29,1583.747,11719.687,411.36194,0.24078193,12.2302506319166,-2.3579095445105047e+23,5.0,5.0,0.5
508,44514.02893066406,1824.90234375,-9.948078920041538e+28,-9.938271604938272e+28,1585.2504,12569.728,418.5396,0.2441889,15.759280456970474,-2.3432226786621097e+23,5.0,5.0,0.5
509,44472.88513183594,1749.7772216796875,-8.836967808930427e+28,-8.82716049382716e+28,1586.8728,17768.393,430.35025,0.24781798,18.071999943858277,-2.2789146974360147e+23,5.0,5.0,0.5
510,43945.61462402344,1699.7039794921875,-5.5654730652105434e+28,-5.555555555555556e+28,1588.7806,12671.558,428.8139,0.25809073,39.52457331638779,-2.3127770734351206e+23,5.0,5.0,0.5
511,44954.65393066406,1587.2039794921875,-5.453037528509227e+28,-5.443154975865256e+28,1590.9949,14210.451,435.34436,0.2611568,5.844539183011438,-2.270054132776597e+23,5.0,5.0,0.5
512,45402.92053222656,1499.30419921875,-5.4037267080745345e+28,-5.393765381460214e+28,1593.7996,15549.052,440.10504,0.26712218,4.907028098890995,-2.2633975244367553e+23,5.0,5.0,0.5
513,43413.00354003906,1324.2431640625,-3.387237762237762e+28,-3.3766233766233763e+28,1596.8889,15293.193,440.7245,0.27090794,3.4731597561991547,-2.4083947954195296e+23,5.0,5.0,0.5
514,34624.7802734375,13553.173828125,1603.7574944011662,1603.7426189202608,1597.2657,1205.4998,260.17673,0.2286565,17874.597469190623,5.717452540841812e-05,5.0,5.0,0.5
515,48397.979736328125,14138.494873046875,1.0309278350515465e+29,1.134020618556701e+29,1593.3112,1764.7908,398.56207,0.24394913,12715.629127862463,-2.586618008904465e+25,5.0,5.0,0.5
516,48644.415283203125,14296.32568359375,1603.3705542124283,1603.3518893919208,1589.85,1753.7335,398.95328,0.23000981,12712.78745991806,4.678447717050972e-05,5.0,5.0,0.5
517,49618.499755859375,14443.83544921875,-1.443001443001443e+27,-2.886002886002886e+27,1587.1467,1762.4669,398.1966,0.22613183,12451.532141727104,3.6238417502334275e+24,5.0,5.0,0.5
518,50105.230712890625,14541.34521484375,-2.222222222222222e+27,-3.333333333333333e+27,1585.0547,8010.3867,405.3218,0.22502838,12324.945551205345,2.741306017985721e+24,5.0,5.0,0.5
519,50103.44543457031,14627.60009765625,-1.111111111111111e+28,-1.2222222222222222e+28,1583.3975,9698.898,411.39648,0.22392403,12333.683187532604,2.7008279198086236e+24,5.0,5.0,0.5
520,50710.48889160156,14701.35498046875,-1.056105610561056e+28,-1.1221122112211222e+28,1582.0708,2747.6543,412.75052,0.22760424,12202.666045691381,1.5991887993782825e+24,5.0,5.0,0.5
521,47897.45788574219,2125.0,-2.254005490601654e+28,-2.361673414304993e+28,1581.0657,4040.731,407.3781,0.23777512,95.37539830340931,2.6429481683532764e+24,5.0,5.0,0.5
522,46434.20715332031,1937.5,-5.849062912744721e+28,-5.928244881733254e+28,1580.8157,5567.6494,384.578,0.24746254,6.340469470111276,2.0589313061415529e+24,5.0,5.0,0.5
523,44931.97326660156,1862.5,-1.3503634475597094e+29,-1.3716049382716051e+29,1581.8689,10698.96,393.5117,0.23556091,8.78456740544239,5.397931331419493e+24,5.0,5.0,0.5
524,44149.54528808594,1862.176513671875,-1.3440746237015053e+29,-1.3430641604536386e+29,1583.2803,11918.631,401.15128,0.23900375,9.670418077053847,-2.5189082255012052e+23,5.0,5.0,0.5
525,43582.501220703125,1799.90234375,-1.1320754716981132e+29,-1.131053525913339e+29,1584.793,12641.307,407.71555,0.2451147,6.8868595998632705,-2.5065166037126366e+23,5.0,5.0,0.5
526,43952.94189453125,1737.41455078125,-1.006995972016112e+29,-1.0059855087682453e+29,1586.4954,17220.988,420.1974,0.25062528,12.646088757257694,-2.4047347210054646e+23,5.0,5.0,0.5
527,42449.49645996094,1637.347412109375,-6.932865291794647e+28,-6.922408172136492e+28,1588.3412,12980.357,419.34204,0.26103458,8.01063152307355,-2.4936969431513455e+23,5.0,5.0,0.5
528,42447.320556640625,1574.847412109375,-5.7700745941202285e+28,-5.759617474462073e+28,1590.612,14508.707,426.2216,0.2676486,5.542067893197129,-2.4534467397387435e+23,5.0,5.0,0.5
529,42444.33898925781,1424.70703125,-5.780730897009967e+28,-5.7700745941202285e+28,1593.4886,15032.462,431.8104,0.2731941,6.568865401456793,-2.467819911406129e+23,5.0,5.0,0.5
530,42405.09338378906,1312.20703125,-3.4660107334525935e+28,-3.4551495016611293e+28,1596.7911,15085.305,435.88696,0.27797824,4.852500477663393,-2.4917542198181272e+23,5.0,5.0,0.5
531,47299.432373046875,13907.269287109375,1.0000000000000001e+29,1.1578947368421053e+29,1596.9937,1673.7384,387.85223,0.2585087,12991.145518820074,-4.071002383042146e+25,5.0,5.0,0.5
532,47910.04943847656,14128.84521484375,3.472222222222222e+27,1.0416666666666666e+28,1592.3864,3906.7751,394.17413,0.242404,12837.314470740383,-1.7617707144535962e+25,5.0,5.0,0.5
533,46934.344482421875,14283.563232421875,-2.3640661938534277e+27,-3.5460992907801425e+27,1589.0127,1880.5967,391.49765,0.23315537,13102.685938867688,3.0192597490289927e+24,5.0,5.0,0.5
534,47908.65173339844,14405.76171875,-1.0416666666666666e+28,-1.1458333333333333e+28,1586.4948,1800.3188,392.36295,0.22885124,12829.627688116076,2.654854844126186e+24,5.0,5.0,0.5
535,47542.94738769531,14525.469970703125,-1.1695906432748537e+27,-2.3391812865497074e+27,1584.5171,1705.791,390.2842,0.23101386,12960.028549360031,2.9967664914250115e+24,5.0,5.0,0.5
536,49368.145751953125,14599.224853515625,-3.300865800865801e+28,-3.445165945165945e+28,1582.9302,21312.967,421.35623,0.22533351,12433.846594598932,3.424659075803007e+24,5.0,5.0,0.5
537,47171.173095703125,14673.291015625,-1.1229314420803784e+28,-1.1820330969267139e+28,1581.685,2603.504,402.9654,0.23860374,13119.20323912809,1.4666682514991022e+24,5.0,5.0,0.5
538,45508.66394042969,14534.5458984375,-4.564606741573034e+28,-4.634831460674157e+28,1580.8693,7656.6445,396.4539,0.24310303,13853.544843016767,1.7713212365279748e+24,5.0,5.0,0.5
539,42846.74072265625,1862.5,-1.1783260032985158e+29,-1.184640522875817e+29,1581.2559,8382.428,382.4949,0.24223576,8.014939696430277,1.650876787757534e+24,5.0,5.0,0.5
540,43667.86804199219,1812.5,-1.4892183288409704e+29,-1.490902010761824e+29,1582.6754,12438.793,392.67548,0.24018179,6.608436341809321,4.287718544805058e+23,5.0,5.0,0.5
541,41598.724365234375,1787.5335693359375,-1.1859838274932615e+29,-1.184913217623498e+29,1584.2795,12265.199,399.15607,0.25011382,9.392053654085917,-2.6821836333164284e+23,5.0,5.0,0.5
542,41481.44836425781,1700.189208984375,-1.0669362084456424e+29,-1.065865598575879e+29,1586.0422,12891.901,403.86688,0.2544826,5.370857610907043,-2.6508978988378614e+23,5.0,5.0,0.5
543,41440.960693359375,1625.1312255859375,-9.478885893980233e+28,-9.4681797952826e+28,1587.9775,20175.154,418.42505,0.26020682,17.756090963449065,-2.5586658178369815e+23,5.0,5.0,0.5
544,40426.44348144531,1525.274658203125,-6.051541647491947e+28,-6.040574424435834e+28,1590.0529,14252.223,417.07758,0.27289543,9.963149286212236,-2.6295403290713398e+23,5.0,5.0,0.5
545,41361.16943359375,1400.1373291015625,-5.918367346938776e+28,-5.907457322551663e+28,1592.8829,15062.374,424.50348,0.27736908,3.399290636646772,-2.5700671317731894e+23,5.0,5.0,0.5
546,39484.68017578125,1249.993896484375,-3.7259615384615382e+28,-3.714285714285714e+28,1596.5266,15413.998,428.06833,0.29258502,5.870883060408602,-2.7275608562279624e+23,5.0,5.0,0.5
547,46077.35290527344,13902.288818359375,2.688172043010753e+28,3.2258064516129036e+28,1596.6519,1578.2726,379.29385,0.27165207,13248.871646635607,-1.4174614306897616e+25,5.0,5.0,0.5
548,45712.823486328125,14122.61962890625,-2.717391304347826e+27,-5.434782608695652e+27,1591.6624,1571.5726,377.2431,0.24543905,13391.570121364359,7.203289556630704e+24,5.0,5.0,0.5
549,46199.444580078125,14275.469970703125,-4.3010752688172044e+27,-6.451612903225807e+27,1588.3567,2106.0051,381.7361,0.23811322,13237.414403372792,5.633571340805376e+24,5.0,5.0,0.5
550,46809.307861328125,14396.42333984375,-1.196808510638298e+28,-1.3297872340425531e+28,1585.9414,12260.72,387.5,0.23326682,13097.849857149178,3.4317089910775537e+24,5.0,5.0,0.5
551,47171.856689453125,14489.886474609375,-1.1695906432748537e+28,-1.2865497076023393e+28,1584.0133,11722.339,394.0911,0.23376949,12959.61824004036,2.9678179948770557e+24,5.0,5.0,0.5
552,47902.06298828125,14600.830078125,-1.3888888888888888e+28,-1.6493055555555554e+28,1582.4952,3285.6624,395.4194,0.23557399,12810.999589627098,6.585834297476319e+24,5.0,5.0,0.5
553,46188.336181640625,14598.96240234375,-1.570048309178744e+28,-1.6908212560386474e+28,1581.3407,4072.66,391.0238,0.24379614,13388.664553099537,3.088634137199082e+24,5.0,5.0,0.5
554,44729.73937988281,14420.22705078125,-6.0993975903614455e+28,-6.174698795180723e+28,1580.9982,5865.057,374.27417,0.25103927,14813.50213149974,2.011926306188747e+24,5.0,5.0,0.5
555,42498.96545410156,1787.5,-1.544580096189419e+29,-1.563129924867143e+29,1582.1311,10651.093,379.79257,0.24006085,6.080333685328633,4.884199967100619e+24,5.0,5.0,0.5
556,42128.82995605469,1775.1068115234375,-1.407325194228635e+29,-1.4062671797691038e+29,1583.6469,11592.442,387.566,0.24634945,5.915212319320395,-2.7298948657479983e+23,5.0,5.0,0.5
557,40585.73913574219,1687.8265380859375,-1.2149102623101703e+29,-1.213813540004559e+29,1585.526,13028.151,395.1451,0.25419402,8.818425495877355,-2.775492533876507e+23,5.0,5.0,0.5
558,39981.4697265625,1600.3326416015625,-9.829955741905427e+28,-9.818853121033808e+28,1587.586,18770.396,407.90268,0.26336417,4.804036655466624,-2.7218798579039237e+23,5.0,5.0,0.5
559,39416.64733886719,1488.0584716796875,-6.214285714285715e+28,-6.202830188679245e+28,1589.8654,14674.02,407.4822,0.27868927,55.12135891239069,-2.8112946711494757e+23,5.0,5.0,0.5
560,37914.66064453125,1387.9241943359375,-6.456400742115028e+28,-6.4444988973290865e+28,1592.1807,17388.39,416.62033,0.28399298,6.7069622951788554,-2.8567604376834365e+23,5.0,5.0,0.5
561,37874.71008300781,1237.8448486328125,-3.883495145631068e+28,-3.871128871128871e+28,1595.5908,16396.814,421.24722,0.29330412,5.186333321742973,-2.9356334783769852e+23,5.0,5.0,0.5
562,45466.21398925781,13891.39404296875,-5.434782608695652e+27,-1.0869565217391304e+28,1596.3074,1499.8269,369.61212,0.26884595,13386.338085520483,1.4704016160058386e+25,5.0,5.0,0.5
563,44978.26232910156,14120.17822265625,-2.747252747252747e+27,-5.494505494505494e+27,1591.0789,1495.998,367.5878,0.25042897,13523.126886695682,7.473732137427808e+24,5.0,5.0,0.5
564,44613.06457519531,14279.302978515625,-1.5873015873015873e+27,-3.1746031746031746e+27,1587.8024,1512.6606,368.15903,0.24285656,13655.289587173218,4.3114563828748e+24,5.0,5.0,0.5
565,44488.7451171875,14359.6435546875,-2.777777777777778e+27,-5.555555555555556e+27,1585.4392,1542.551,370.67676,0.24125783,13646.990688768554,7.493800782575274e+24,5.0,5.0,0.5
566,47657.60192871094,14474.993896484375,-4.270833333333333e+28,-4.375e+28,1583.5897,20337.916,402.9881,0.23135065,12782.54920497209,2.5848571495356516e+24,5.0,5.0,0.5
567,45946.46301269531,14546.56982421875,-1.1857707509881423e+28,-1.2845849802371541e+28,1582.127,2838.571,385.72043,0.24227846,13336.507336297345,2.561809589442522e+24,5.0,5.0,0.5
568,43010.894775390625,14454.400634765625,-4.767801857585139e+28,-4.829721362229102e+28,1581.1394,6939.2026,380.8997,0.25084636,14431.227464917554,1.6256118468336475e+24,5.0,5.0,0.5
569,42631.75354003906,14299.7314453125,-1.1128048780487805e+29,-1.128048780487805e+29,1581.4675,7873.786,366.69855,0.24654579,14955.685791946547,4.157066491982204e+24,5.0,5.0,0.5
570,41031.97326660156,14243.524169921875,-1.4634146341463413e+29,-1.4634146341463413e+29,1582.8771,12099.977,378.88037,0.24422568,14943.933570851354,0.0,5.0,5.0,0.5
571,39614.630126953125,1687.8265380859375,-1.2452830188679246e+29,-1.2441588785046729e+29,1584.7869,12435.909,385.424,0.25652155,10.356415872614647,-2.916632930218651e+23,5.0,5.0,0.5
572,40022.711181640625,1600.3326416015625,-1.1064523643139995e+29,-1.1053421022268374e+29,1587.07,17131.506,396.7032,0.26372656,50.666194851963795,-2.7987223855159665e+23,5.0,5.0,0.5
573,38443.5791015625,1488.0584716796875,-6.373626373626374e+28,-6.361877116594098e+28,1589.6073,14450.089,397.85883,0.28431553,8.773488746134811,-2.9531221312204114e+23,5.0,5.0,0.5
574,35441.351318359375,1325.5615234375,-4.126984126984127e+28,-4.114255765199162e+28,1592.5518,15621.548,403.86444,0.30144736,9.045533477144849,-3.151642109425034e+23,5.0,5.0,0.5
575,34839.59655761719,1125.6103515625,-4.211677833994257e+28,-4.198266522210184e+28,1595.8367,21173.486,409.19464,0.3053363,7.560931360618651,-3.2774895945815144e+23,5.0,5.0,0.5
576,36863.95263671875,1137.98828125,-3.98705501618123e+28,-3.974358974358974e+28,1597.3094,17731.814,412.25198,0.30985975,4.56082138882417,-3.079679983605302e+23,5.0,5.0,0.5
577,42294.354248046875,13831.744384765625,1603.2958122451369,1603.2734552316945,1595.2487,1417.0706,354.50162,0.2586584,14306.8426910082,6.306604072603197e-05,5.0,5.0,0.5
578,42781.51550292969,14108.97216796875,-1.6420361247947454e+27,-3.284072249589491e+27,1590.2856,1423.2655,357.87338,0.25252748,14134.647648906646,4.588315881472663e+24,5.0,5.0,0.5
579,43755.64270019531,14251.861572265625,-2.5929127052722565e+27,-1.382886776145203e+28,1587.2552,7216.618,367.79193,0.24733382,13861.524771011995,3.0549759536529116e+25,5.0,5.0,0.5
580,43999.957275390625,14342.83447265625,-1.49812734082397e+28,-1.8726591760299624e+28,1584.9906,11578.254,375.23462,0.24303642,13802.547041733616,9.981270813011813e+24,5.0,5.0,0.5
581,45093.85070800781,14454.7607421875,-1.2362637362637362e+28,-1.3736263736263736e+28,1583.1855,4002.6714,378.22162,0.24372633,13464.350035676778,3.631802905716484e+24,5.0,5.0,0.5
582,43381.16149902344,14488.525390625,-2.380952380952381e+28,-2.4630541871921185e+28,1581.79,4215.5107,376.52075,0.25057313,14107.97302726361,2.1805386771871416e+24,5.0,5.0,0.5
583,41653.24401855469,14335.723876953125,-6.346153846153847e+28,-6.4423076923076935e+28,1581.2026,5874.1025,363.10226,0.25603095,15306.093364760653,2.6481202564681336e+24,5.0,5.0,0.5
584,40638.714599609375,14196.66748046875,-1.6144349477682812e+29,-1.623931623931624e+29,1582.2264,10174.424,367.21732,0.24187034,15119.954371512926,2.586118834270301e+24,5.0,5.0,0.5
585,39779.12292480469,14194.6044921875,-1.375e+29,-1.375e+29,1583.9397,11420.912,372.85284,0.25191775,15324.698208608796,0.0,5.0,5.0,0.5
586,38562.994384765625,1600.3326416015625,-1.2772133526850509e+29,-1.276060388209921e+29,1586.2651,13216.551,381.7514,0.2623458,23.788017392835023,-3.0201970801605083e+23,5.0,5.0,0.5
587,36496.35009765625,1475.701904296875,-6.718146718146719e+28,-6.7057623661397246e+28,1589.0353,13772.481,388.90265,0.28840828,13.338574327563155,-3.184434984231099e+23,5.0,5.0,0.5
588,34917.73986816406,1288.3544921875,-4.185110663983903e+28,-4.172203029497741e+28,1592.3842,15596.468,394.63297,0.3060669,13.408988122444239,-3.270794796194226e+23,5.0,5.0,0.5
589,33865.22216796875,1125.6103515625,-4.319955406911928e+28,-4.306418219461697e+28,1596.2819,19425.723,399.66748,0.31345296,8.387918266385238,-3.387112565263962e+23,5.0,5.0,0.5
590,41437.5,1200.0,-1.5572054064344183e+28,-1.93815987933635e+28,1596.9196,4742.9365,349.6918,0.27301097,5.071204977366875,1.0894006369526962e+25,5.0,5.0,0.5
591,41437.5,1387.5,-1.73109243697479e+28,-2.3085460599334073e+28,1592.8499,1336.6436,346.52798,0.2663719,10.709838421923456,1.666398237918016e+25,5.0,5.0,0.5
592,40585.07080078125,14052.2216796875,-2.6773761713520746e+27,-4.016064257028113e+27,1589.5428,1501.2935,351.6851,0.25718656,14841.689155198314,3.8064965707211674e+24,5.0,5.0,0.5
593,41317.16613769531,14162.017822265625,-1.4880952380952381e+27,-2.9761904761904763e+27,1586.8315,1386.7253,351.42114,0.25357127,14565.330802213384,4.234506857436494e+24,5.0,5.0,0.5
594,44850.76904296875,14322.698974609375,-3.8461538461538466e+28,-4.395604395604395e+28,1584.6263,17355.455,380.55862,0.24173531,13431.48833583142,1.4438000203201793e+25,5.0,5.0,0.5
595,44602.02331542969,14375.59814453125,-3.666666666666667e+28,-3.7777777777777783e+28,1582.8403,7399.747,381.219,0.24363996,13557.102719212184,2.914626837038563e+24,5.0,5.0,0.5
596,42648.00109863281,14344.683837890625,-4.836601307189543e+28,-4.967320261437908e+28,1581.5723,6017.517,366.8876,0.2504407,14394.87201639607,3.5629155334983505e+24,5.0,5.0,0.5
597,42518.487548828125,14210.296630859375,-1.028481012658228e+29,-1.0443037974683544e+29,1581.6036,7735.0566,356.39307,0.2525216,15439.170352423354,4.439700516533112e+24,5.0,5.0,0.5
598,38925.67443847656,14141.641235351562,-1.5384615384615383e+29,-1.5384615384615383e+29,1583.1002,11746.856,365.5778,0.24937657,15652.330730217001,0.0,5.0,5.0,0.5
599,38605.08117675781,1612.9364013671875,-1.4054184808901788e+29,-1.4042655164150493e+29,1585.2324,14043.62,375.4816,0.26021796,5.365326576065652,-3.070628445113312e+23,5.0,5.0,0.5
600,36498.529052734375,1475.701904296875,-1.0759816420193778e+29,-1.074766355140187e+29,1588.0375,18980.164,386.48184,0.2782321,8.097485167261688,-3.144486356132309e+23,5.0,5.0,0.5
601,35445.89538574219,1313.3544921875,-6.904761904761905e+28,-6.8920335429769395e+28,1591.6147,15269.557,385.8262,0.30311343,13.738681159793877,-3.2989884321061395e+23,5.0,5.0,0.5
602,31878.866577148438,1088.2568359375,-4.585798816568047e+28,-4.571428571428571e+28,1595.9967,18056.045,391.3603,0.31796676,9.584183693806247,-3.6718710322176686e+23,5.0,5.0,0.5
603,39975.0,1162.5,-1.8174283684584417e+28,-2.1106941838649156e+28,1596.8469,5898.13,336.35574,0.29203308,52.98657399916131,8.718918025150679e+24,5.0,5.0,0.5
604,39975.0,1387.5,-1.3588850174216025e+28,-1.5219249227532707e+28,1592.7985,1247.2134,334.071,0.27334043,7.56333502500777,4.880396631308913e+24,5.0,5.0,0.5
605,40097.296142578125,14011.70654296875,-4.8780487804878056e+27,-7.317073170731708e+27,1589.4109,6585.6187,343.82635,0.2631098,14922.478302612086,7.093767987571669e+24,5.0,5.0,0.5
606,41681.79626464844,14156.512451171875,-1.3725490196078432e+28,-1.5686274509803922e+28,1586.5939,9891.184,355.5081,0.25504613,14361.058907206121,5.515442220736119e+24,5.0,5.0,0.5
607,45821.05407714844,14287.5244140625,-7.0967741935483875e+28,-7.204301075268817e+28,1584.302,29469.629,389.44092,0.2380762,13105.488092656931,2.76105762797781e+24,5.0,5.0,0.5
608,42527.398681640625,14295.76416015625,-3.7878787878787876e+28,-3.981677237491191e+28,1582.5228,4378.6543,365.00958,0.25005096,14141.026764628716,5.309407174318037e+24,5.0,5.0,0.5
609,40529.96520996094,14187.359619140625,-7.753164556962025e+28,-7.911392405063292e+28,1581.5376,7659.4316,357.7605,0.25506446,15378.538416886699,4.422731099858179e+24,5.0,5.0,0.5
610,39309.73205566406,14036.114501953125,-1.6783216783216785e+29,-1.68997668997669e+29,1582.368,9426.905,352.0041,0.24601912,15580.001715873917,3.311044390521784e+24,5.0,5.0,0.5
611,39213.22326660156,1637.8692626953125,-1.640792930499164e+29,-1.6396545605110613e+29,1584.2555,12810.982,362.09283,0.25385195,7.315873933098666,-3.1438622356630926e+23,5.0,5.0,0.5
612,36052.423095703125,1488.2598876953125,-1.3646937193073147e+29,-1.3634617846626552e+29,1586.8217,13181.825,369.44806,0.2718524,55.14206963894428,-3.33452731547834e+23,5.0,5.0,0.5
613,34023.26965332031,1375.9918212890625,-7.191687175280285e+28,-7.178653663822295e+28,1590.0793,13937.695,375.92023,0.30221775,45.48562094792813,-3.467095016472493e+23,5.0,5.0,0.5
614,32931.75964355469,1125.9246826171875,-4.463121286770033e+28,-4.448909299655568e+28,1594.8505,16134.525,383.42014,0.3275168,5.332504809008832,-3.706635567275148e+23,5.0,5.0,0.5
615,38512.5,1225.0,-1.6634209672184355e+28,-2.0735382760699217e+28,1595.0613,1170.7003,323.97922,0.29036996,4.619623094893148,1.2658753607070492e+25,5.0,5.0,0.5
616,39000.0,1512.5,-1.4528301886792452e+28,-1.6915887850467292e+28,1589.7278,1226.8632,331.59378,0.27081472,4.834418226492886,7.200333974744956e+24,5.0,5.0,0.5
617,41070.96252441406,14025.677490234375,-2.5000000000000002e+28,-2.619047619047619e+28,1586.4388,16627.566,355.65594,0.2573398,14410.89594415879,3.347269201600369e+24,5.0,5.0,0.5
618,43260.595703125,14140.4541015625,-4.6875e+28,-4.829545454545455e+28,1584.0367,5210.5713,359.62253,0.24852835,13728.330247053074,3.9498486178087513e+24,5.0,5.0,0.5
619,41053.68957519531,14143.1396484375,-6.124497991967872e+28,-6.2248995983935745e+28,1582.294,6327.4746,359.65125,0.25282884,14495.995943910111,2.7916379489521295e+24,5.0,5.0,0.5
620,40903.02429199219,13994.744873046875,-1.2937062937062937e+29,-1.3053613053613054e+29,1581.791,9685.165,352.97345,0.2506429,15412.626419469612,3.301951369057757e+24,5.0,5.0,0.5
621,37433.02917480469,1637.6190185546875,-1.861635220125786e+29,-1.860436137071651e+29,1583.1558,10866.61,351.13754,0.2500356,5.92113335877825,-3.414852894482987e+23,5.0,5.0,0.5
622,37107.39440917969,1538.226318359375,-1.5949685534591193e+29,-1.5937694704049845e+29,1585.6692,12696.277,359.5105,0.2640189,6.923947156278587,-3.3353213901932645e+23,5.0,5.0,0.5
623,34512.744140625,1400.9918212890625,-1.1374663072776281e+29,-1.136181575433912e+29,1588.7782,18953.29,372.85773,0.2898556,8.454540625342274,-3.445635561526351e+23,5.0,5.0,0.5
624,33458.92333984375,1213.5009765625,-7.3109243697478995e+28,-7.297447280799112e+28,1592.6627,15081.747,372.53122,0.3201241,7.2029969788699235,-3.6177072535053724e+23,5.0,5.0,0.5
625,30981.759643554688,1013.4246826171875,-4.731379731379731e+28,-4.716553287981859e+28,1596.6368,16282.916,375.57147,0.34386122,6.115668488467265,-3.947702234221107e+23,5.0,5.0,0.5
626,37050.0,1150.0,-1.5661727133367398e+28,-1.8168016194331986e+28,1595.7308,1118.3892,316.05942,0.29438555,3.7040533495291,7.929803449642438e+24,5.0,5.0,0.5
627,39000.0,1475.0,-1.4111635220125786e+28,-1.6082554517133955e+28,1589.8207,1177.8853,324.74796,0.27737555,14.56108354525924,6.069073768462423e+24,5.0,5.0,0.5
628,41557.537841796875,13931.35986328125,-4.852941176470588e+28,-5e+28,1586.2574,20283.715,360.1163,0.25497112,14139.001833906343,4.0836480468250857e+24,5.0,5.0,0.5
629,41674.20959472656,14033.94775390625,-5.294117647058824e+28,-5.882352941176471e+28,1583.7631,7809.713,357.72507,0.25226226,14102.96527358476,1.6443781779754839e+25,5.0,5.0,0.5
630,38854.00085449219,13958.5205078125,-7.777777777777779e+28,-7.863247863247864e+28,1582.1549,6147.7124,345.67245,0.25878406,15305.63659462536,2.4725743771262755e+24,5.0,5.0,0.5
631,40322.607421875,13797.314453125,-1.488888888888889e+29,-1.511111111111111e+29,1582.3644,9017.524,339.96606,0.25284132,15902.066614692367,6.53660013330125e+24,5.0,5.0,0.5
632,37229.48303222656,1562.982177734375,-1.861635220125786e+29,-1.860436137071651e+29,1584.3715,11739.428,348.7541,0.2564374,9.903010790177971,-3.438190664232202e+23,5.0,5.0,0.5
633,34553.33557128906,1413.555908203125,-1.4231805929919138e+29,-1.4218958611481976e+29,1587.583,12944.861,356.70303,0.28163636,10.07395479414722,-3.601684659926409e+23,5.0,5.0,0.5
634,32973.114013671875,1238.5009765625,-7.420042643923241e+28,-7.406364404393129e+28,1591.5571,13863.339,363.21017,0.32179675,6.280001694320248,-3.765929615452556e+23,5.0,5.0,0.5
635,28995.028686523438,1001.220703125,-5.052151238591916e+28,-5.036319612590798e+28,1596.0225,15550.083,368.09985,0.34566277,9.56330768553821,-4.300905270652551e+23,5.0,5.0,0.5
636,36562.5,1125.0,-1.5870550161812298e+28,-1.8410256410256412e+28,1595.831,1073.146,308.7863,0.2987746,3.6342985154486214,8.224802617612956e+24,5.0,5.0,0.5
637,37050.0,1450.0,-1.454106965527025e+28,-1.6302438338837749e+28,1589.7516,1135.043,318.68057,0.28171167,10.694155783564247,5.527066396598506e+24,5.0,5.0,0.5
638,41925.0,1687.5,-8.666594218648121e+28,-9.237726098191214e+28,1586.0498,22056.39,364.16205,0.25086647,9.531179495954946,1.5683454169559726e+25,5.0,5.0,0.5
639,40694.27185058594,13685.430908203125,-8.53413654618474e+28,-8.634538152610442e+28,1583.5227,9527.848,357.00656,0.24997517,14090.346691125353,2.812318240480609e+24,5.0,5.0,0.5
640,38678.99169921875,13609.5947265625,-1.194331983805668e+29,-1.2044534412955467e+29,1582.2108,8018.072,340.4037,0.25480518,15380.40559431383,2.973368941226746e+24,5.0,5.0,0.5
641,38496.37145996094,13459.906005859375,-1.80365296803653e+29,-1.808219178082192e+29,1583.0361,9899.532,335.582,0.2504888,15986.259139972057,1.3606838375407959e+24,5.0,5.0,0.5
642,35649.47204589844,1463.372802734375,-1.8003144654088053e+29,-1.799065420560748e+29,1585.9565,13349.224,348.00427,0.26743284,6.744425706950289,-3.589165268646472e+23,5.0,5.0,0.5
643,32526.287841796875,1276.1383056640625,-1.2077922077922078e+29,-1.206403659233848e+29,1590.1812,18894.045,361.42215,0.30590948,6.462676424159561,-3.841902217871812e+23,5.0,5.0,0.5
644,30985.3271484375,1013.800048828125,-7.905982905982906e+28,-7.891156462585034e+28,1595.4469,15044.566,359.94385,0.34663332,23.5809572710825,-4.1190989912491594e+23,5.0,5.0,0.5
645,36562.5,1150.0,-1.9870550161812295e+28,-2.641025641025641e+28,1595.7931,1028.342,301.83725,0.31119415,6.136052493563192,2.1666332613796832e+25,5.0,5.0,0.5
646,38025.0,1462.5,-3.980924735641716e+28,-4.152545274040601e+28,1589.6014,14652.587,329.50488,0.27822164,6.389215543921182,5.208436880631693e+24,5.0,5.0,0.5
647,41437.5,1687.5,-1.082737768004398e+29,-1.111111111111111e+29,1585.7961,31986.107,365.81104,0.25086528,5.243830616994479,7.756284086562304e+24,5.0,5.0,0.5
648,38322.16796875,13455.2978515625,-7.905982905982906e+28,-8.11965811965812e+28,1583.307,6402.9175,338.25403,0.2586703,14735.613411582754,6.317004256720092e+24,5.0,5.0,0.5
649,38199.35607910156,13325.006103515625,-1.6312741312741316e+29,-1.6409266409266412e+29,1582.5286,9648.982,333.42426,0.2524503,15524.315455084132,2.894963247879687e+24,5.0,5.0,0.5
650,36272.91564941406,13237.710571289062,-1.8055555555555556e+29,-1.8055555555555556e+29,1584.3389,10809.014,332.637,0.2582756,15978.108709385524,0.0,5.0,5.0,0.5
651,34108.331298828125,1351.055908203125,-1.7336614711512167e+29,-1.7323581200054178e+29,1587.954,12410.312,343.00558,0.28064042,11.715401046356039,-3.7997956997551445e+23,5.0,5.0,0.5
652,30010.848999023438,1088.800048828125,-8.180805347763808e+28,-8.165195460277427e+28,1593.7643,13866.619,353.22247,0.34530503,19.152162847528654,-4.419279256898539e+23,5.0,5.0,0.5
653,35100.0,1075.0,-1.7226267529665587e+28,-2.0566239316239316e+28,1595.8442,990.768,297.1422,0.31445336,4.137607167958122,1.124031407405587e+25,5.0,5.0,0.5
654,38025.0,1437.5,-5.336236090953072e+28,-5.58111670261203e+28,1589.5227,17238.135,330.5029,0.2783996,17.761577736131773,7.409333239556756e+24,5.0,5.0,0.5
655,39000.0,1637.5,-8.81658878504673e+28,-8.930555555555556e+28,1585.5868,7149.455,338.2601,0.260748,11.510933733857367,3.369205237763604e+24,5.0,5.0,0.5
656,36923.77014160156,12907.513427734375,-1.0814814814814815e+29,-1.0962962962962963e+29,1583.2028,8081.392,334.50128,0.25911224,14691.364928133491,4.4289261726674346e+24,5.0,5.0,0.5
657,38900.8544921875,12770.013427734375,-2.0662100456621003e+29,-2.077625570776256e+29,1583.1135,12397.482,331.6248,0.24690813,15093.295174714813,3.442301535681877e+24,5.0,5.0,0.5
658,33921.0205078125,12662.957763671875,-1.9117647058823528e+29,-1.9117647058823528e+29,1585.8566,11815.675,332.27655,0.26662764,16247.333225771994,0.0,5.0,5.0,0.5
659,32002.151489257812,1201.4434814453125,-1.534065934065934e+29,-1.532656023222061e+29,1590.5911,13330.467,341.58783,0.30790034,13.192626806745087,-4.1275207186566324e+23,5.0,5.0,0.5
660,28022.805786132812,938.9556884765625,-8.738191632928476e+28,-8.721804511278195e+28,1595.824,13911.163,348.33896,0.35440493,6.6988948882967,-4.7043608643558695e+23,5.0,5.0,0.5
661,34125.0,1075.0,-1.7004160887656033e+28,-1.9725274725274726e+28,1595.7043,955.2062,291.2876,0.3159651,15.899085130235907,9.341674206225196e+24,5.0,5.0,0.5
662,37537.5,1437.5,-6.6300276542864155e+28,-6.803877030846323e+28,1589.3004,21538.092,331.48846,0.27912095,5.364012320912793,5.244507584839558e+24,5.0,5.0,0.5
663,38025.0,1612.5,-1.0368287373004354e+29,-1.0517014138509465e+29,1585.3461,7469.797,331.2839,0.26239675,9.381845120053116,4.489405106836038e+24,5.0,5.0,0.5
664,36185.6689453125,12507.89794921875,-1.2673611111111112e+29,-1.2847222222222224e+29,1583.221,7977.26,322.35645,0.26136637,14847.249730434884,5.385687602517422e+24,5.0,5.0,0.5
665,35895.35217285156,12374.70703125,-1.9301470588235296e+29,-1.9327731092436974e+29,1584.0636,10385.924,320.60355,0.25859788,15742.920674437373,8.190958745665164e+23,5.0,5.0,0.5
666,32329.965209960938,12235.8154296875,-1.846153846153846e+29,-1.846153846153846e+29,1588.2645,12903.561,331.86624,0.28432143,16502.792211614713,0.0,5.0,5.0,0.5
667,29486.62109375,1028.863525390625,-1.3301282051282052e+29,-1.3285714285714287e+29,1594.4753,17983.19,346.3597,0.34087327,8.063101688382483,-4.494681421404403e+23,5.0,5.0,0.5
668,33637.5,1050.0,-1.4352047277332207e+28,-2.146042363433668e+28,1595.7427,926.17444,286.9579,0.32298425,10.997045679306002,2.4771496829994334e+25,5.0,5.0,0.5
669,38512.5,1437.5,-1.050075630921105e+29,-1.0911313537600064e+29,1589.2002,20273.29,336.0652,0.2714562,8.729988267273576,1.221659505494204e+25,5.0,5.0,0.5
670,38025.0,1587.5,-1.4237334992051972e+29,-1.4408955530450859e+29,1585.1792,9662.023,329.3214,0.25611767,10.06645122545131,5.211338607123652e+24,5.0,5.0,0.5
671,36282.4462890625,11707.305908203125,-1.712962962962963e+29,-1.7592592592592593e+29,1583.4651,9034.852,314.91162,0.253863,13864.955838538117,1.470136165045293e+25,5.0,5.0,0.5
672,33702.26745605469,11608.819580078125,-1.9696969696969697e+29,-1.9696969696969697e+29,1585.3972,10935.724,317.41272,0.2676863,15198.446391385443,0.0,5.0,5.0,0.5
673,30642.24853515625,11307.730102539062,-1.6129032258064516e+29,-1.6129032258064516e+29,1592.0332,14192.036,335.22714,0.31866002,16191.885204077536,0.0,5.0,5.0,0.5
674,33637.5,1062.5,-2.1598424088926407e+28,-2.508361204013378e+28,1595.6458,3582.2898,290.5196,0.32618356,5.272015517986959,1.1996395574541925e+25,5.0,5.0,0.5
675,38512.5,1412.5,-1.4034511583472654e+29,-1.4181355731692889e+29,1588.9926,24593.426,339.84265,0.2645955,19.10242989699351,4.320945226547665e+24,5.0,5.0,0.5
676,37776.41296386719,1562.5,-1.5795148247978438e+29,-1.6043209127321278e+29,1585.0314,11404.596,326.46182,0.25549352,25.936433461797492,7.598465187622954e+24,5.0,5.0,0.5
677,35348.30322265625,11237.554931640625,-2.043478260869565e+29,-2.0579710144927537e+29,1583.8792,10088.577,311.0149,0.25366393,13932.561560599406,4.6598262556022346e+24,5.0,5.0,0.5
678,32276.718139648438,11132.345581054688,-2.03125e+29,-2.03125e+29,1586.7191,11169.387,313.39523,0.2753074,15060.292818083148,0.0,5.0,5.0,0.5
679,29624.517822265625,10829.019165039062,-1.5e+29,-1.5e+29,1593.7891,12785.397,328.55356,0.33524376,16140.211681236035,0.0,5.0,5.0,0.5
680,33150.0,1050.0,-2.191604797258709e+28,-2.91289592760181e+28,1595.4215,883.1695,281.42432,0.3323169,5.0617017505351,2.5630021582850047e+25,5.0,5.0,0.5
681,38512.5,1412.5,-1.5395271077143541e+29,-1.5637051934224535e+29,1588.6788,27151.29,337.68756,0.2642028,22.34799636608981,7.159898230773815e+24,5.0,5.0,0.5
682,37382.03430175781,11147.16796875,-1.7324561403508774e+29,-1.754385964912281e+29,1584.9347,12321.834,320.6035,0.2523323,12507.112680262453,6.840170359987121e+24,5.0,5.0,0.5
683,36011.676025390625,11053.2470703125,-2.6633986928104576e+29,-2.6797385620915035e+29,1584.5029,10899.514,305.90912,0.24305737,13995.562472991473,5.341412950692594e+24,5.0,5.0,0.5
684,31038.57421875,10917.877197265625,-2.096774193548387e+29,-2.096774193548387e+29,1588.4594,11216.072,309.79663,0.2867379,15404.655853118495,0.0,5.0,5.0,0.5
685,27634.912109375,10599.2919921875,-1.607142857142857e+29,-1.607142857142857e+29,1594.824,13123.166,323.2494,0.34295654,17030.315112527274,0.0,5.0,5.0,0.5
686,32175.0,1012.5,-3.3943807002059427e+28,-3.7587412587412583e+28,1595.3575,8639.009,286.40506,0.3275395,7.477963790507228,1.2721861784542694e+25,5.0,5.0,0.5
687,38512.5,1387.5,-1.8306663482206833e+29,-1.8506250246460824e+29,1588.496,29039.984,336.442,0.25960442,46.08310864030366,5.932278743716901e+24,5.0,5.0,0.5
688,34671.54541015625,10948.9990234375,-1.7380952380952382e+29,-1.761904761904762e+29,1584.9893,9309.553,304.04187,0.26054913,13315.60042451785,7.831001631566994e+24,5.0,5.0,0.5
689,34015.70129394531,10845.697021484375,-2.5e+29,-2.5e+29,1585.4863,11887.647,302.86932,0.25555113,14591.011490690216,0.0,5.0,5.0,0.5
690,29849.899291992188,10627.84423828125,-2.1666666666666668e+29,-2.1666666666666668e+29,1591.0905,11232.321,308.653,0.30396006,15596.350052624699,0.0,5.0,5.0,0.5
691,35100.0,1050.0,-1.1778846153846154e+29,-1.2460317460317461e+29,1595.2214,23517.678,313.29788,0.30328894,10.334176179748743,2.1751545268892854e+25,5.0,5.0,0.5
692,38584.66491699219,1350.0,-2.2948013693177298e+29,-2.3147600457431286e+29,1588.378,35184.793,333.7662,0.25142422,8.563360700726783,5.979837424021492e+24,5.0,5.0,0.5
693,33928.7841796875,10846.6552734375,-2.088235294117647e+29,-2.1176470588235296e+29,1585.2292,10317.746,298.72275,0.25652575,13647.735105913524,9.84584030584278e+24,5.0,5.0,0.5
694,32959.10949707031,10719.500732421875,-2.6984126984126986e+29,-2.6984126984126986e+29,1586.3402,11698.064,297.20126,0.25622746,14744.68101165801,0.0,5.0,5.0,0.5
695,29360.159301757812,10488.90380859375,-2.2033898305084746e+29,-2.2033898305084746e+29,1591.5946,11167.792,303.88385,0.30830923,15759.84767071859,0.0,5.0,5.0,0.5
696,35587.5,1037.5,-1.4141951500642815e+29,-1.4585528626624517e+29,1595.2971,27537.615,310.9509,0.30108553,11.128469289327041,1.4265182379340023e+25,5.0,5.0,0.5
697,34756.83288574219,1300.0,-1.9841217114004782e+29,-2.0004607081742792e+29,1588.4115,9810.906,300.8276,0.26927927,9.196050250811135,5.431348864596767e+24,5.0,5.0,0.5
698,32787.75329589844,10724.078369140625,-2.462121212121212e+29,-2.5e+29,1585.6324,10973.764,292.97827,0.25147998,13970.34538389473,1.2928872740928868e+25,5.0,5.0,0.5
699,32187.161254882812,10577.822875976562,-2.7419354838709678e+29,-2.7419354838709678e+29,1587.3701,11505.0,291.4194,0.26313174,14855.842353324992,0.0,5.0,5.0,0.5
700,28342.733764648438,10311.358642578125,-2.8070175438596493e+29,-2.8070175438596493e+29,1591.9373,12413.319,299.63477,0.29151425,16155.458271927853,0.0,5.0,5.0,0.5
701,23653.802490234375,10110.025024414062,-1.6666666666666666e+29,-1.6666666666666666e+29,1596.1414,13147.531,304.90527,0.35790464,19145.80188630139,0.0,5.0,5.0,0.5
702,35100.0,1012.5,-1.873651564185545e+29,-1.9417735042735045e+29,1595.2411,29185.33,313.22638,0.29521218,15.602453178571462,2.1748468382401203e+25,5.0,5.0,0.5
703,34269.329833984375,1237.5,-2.296196466007787e+29,-2.3107847500370866e+29,1588.432,10233.703,294.3256,0.26584008,12.511270741693313,4.956512251665419e+24,5.0,5.0,0.5
704,32892.59338378906,10602.386474609375,-2.893939393939394e+29,-2.909090909090909e+29,1586.2056,11715.075,289.62637,0.24615155,13907.545163057133,5.231400365701866e+24,5.0,5.0,0.5
705,29715.692138671875,10453.143310546875,-2.931034482758621e+29,-2.931034482758621e+29,1589.1531,11715.23,288.44653,0.27356768,15793.587330490594,0.0,5.0,5.0,0.5
706,23743.606567382812,10078.994750976562,-2.2916666666666668e+29,-2.2916666666666668e+29,1594.8285,11691.676,293.18127,0.32664964,19039.104661615278,0.0,5.0,5.0,0.5
707,35659.66491699219,975.0,-2.1219577071419072e+29,-2.1891464699683878e+29,1595.3112,27222.648,310.11594,0.29517412,4.293346639223967,2.16656917514774e+25,5.0,5.0,0.5
708,34341.49169921875,1237.5,-2.4588948787061996e+29,-2.493324432576769e+29,1588.5568,10744.858,287.18924,0.26368117,18.444047070829992,1.1988455392784807e+25,5.0,5.0,0.5
709,32428.729248046875,1200.8758544921875,-3.327343516022761e+29,-3.32591603619641e+29,1586.9061,10886.309,280.23697,0.24407813,7.620947086809156,-5.0938312367385725e+23,5.0,5.0,0.5
710,28158.816528320312,10091.412353515625,-3.214285714285714e+29,-3.214285714285714e+29,1592.1088,11784.71,287.0911,0.28524905,16052.486117187722,0.0,5.0,5.0,0.5
711,35731.83288574219,925.0,-2.6356563372788934e+29,-2.6685985247629085e+29,1595.2275,27639.941,309.91,0.2848045,3.824651304686541,1.0629597978363925e+25,5.0,5.0,0.5
712,32463.6474609375,1162.5,-2.7518582046883933e+29,-2.7807986406117247e+29,1588.7012,11270.175,280.28958,0.26289177,5.5054774598810345,1.0325191464208151e+25,5.0,5.0,0.5
713,31845.404052734375,1138.507080078125,-3.4379391100702576e+29,-3.436436746056294e+29,1587.7456,12042.319,278.5928,0.24844085,6.612600374619896,-5.392687796076519e+23,5.0,5.0,0.5
714,26563.064575195312,9876.9775390625,-3.207547169811321e+29,-3.207547169811321e+29,1593.4803,12102.918,282.98468,0.30241707,16742.383698499285,0.0,5.0,5.0,0.5
715,33781.829833984375,875.0,-2.9261291684254958e+29,-2.9537346711259756e+29,1595.3031,29059.582,301.68262,0.28116405,4.531914085429206,9.150511540186815e+24,5.0,5.0,0.5
716,33582.05261230469,1125.0,-2.956635484382432e+29,-2.976321369669363e+29,1588.9902,11872.075,275.00934,0.26124,37.00900899809309,7.158260662337205e+24,5.0,5.0,0.5
717,30735.33935546875,9799.749755859375,-3.728813559322034e+29,-3.728813559322034e+29,1588.6428,15488.523,281.60938,0.24029785,14576.856393394302,0.0,5.0,5.0,0.5
718,24562.87841796875,9567.61474609375,-3.0612244897959184e+29,-3.0612244897959184e+29,1594.4669,13372.256,280.852,0.31798318,17638.78384526929,0.0,5.0,5.0,0.5
719,33366.497802734375,850.0,-3.1113173424709692e+29,-3.134426847662142e+29,1595.2802,29984.266,293.4181,0.27956167,5.231851315773349,7.875964677762508e+24,5.0,5.0,0.5
720,31630.04150390625,1050.0,-3.2948850235849055e+29,-3.313011098130841e+29,1589.387,12227.894,269.63553,0.2589363,6.311013109391109,6.722435519695486e+24,5.0,5.0,0.5
721,30157.553100585938,9614.35546875,-3.7931034482758625e+29,-3.7931034482758625e+29,1589.5616,14087.006,273.95117,0.24593917,14617.542716895941,0.0,5.0,5.0,0.5
722,23095.526123046875,9386.46240234375,-3.260869565217391e+29,-3.260869565217391e+29,1595.0197,13874.587,275.62292,0.31019273,18524.294285887805,0.0,5.0,5.0,0.5
723,32463.653564453125,825.0,-3.306609787192311e+29,-3.355672105672106e+29,1595.2659,30907.371,285.42258,0.28109097,17.214732774579492,1.7189361476560858e+25,5.0,5.0,0.5
724,31141.415405273438,1000.0,-3.5668934240362814e+29,-3.644803833483079e+29,1589.9673,12530.784,262.44214,0.25694814,12.8113585146881,2.96866996439954e+25,5.0,5.0,0.5
725,28592.044067382812,9185.09521484375,-4.0000000000000004e+29,-4.0000000000000004e+29,1590.8505,13378.607,267.25595,0.25423735,14840.865017066244,0.0,5.0,5.0,0.5
726,20727.316284179688,9100.241088867188,-2.9268292682926827e+29,-2.9268292682926827e+29,1595.6613,13530.158,267.96576,0.3376079,20040.917479844662,0.0,5.0,5.0,0.5
727,32048.162841796875,800.0,-3.562608912123475e+29,-3.5867850098619326e+29,1594.7977,30599.953,279.00797,0.28131157,6.951825374045212,8.665020631522663e+24,5.0,5.0,0.5
728,29346.673583984375,926.33056640625,-3.895045632333768e+29,-3.8934624697336564e+29,1591.0267,12917.54,258.20172,0.2665959,8.020818867757763,-6.131495145759221e+23,5.0,5.0,0.5
729,26946.145629882812,8902.8564453125,-4.230769230769231e+29,-4.230769230769231e+29,1592.9504,13537.218,261.53943,0.27276835,15353.255294568702,0.0,5.0,5.0,0.5
730,14187.92724609375,8584.72900390625,-3.333333333333333e+29,-3.452380952380952e+29,1596.5282,12468.834,259.16946,0.34701166,28711.002652757197,4.593427680835168e+25,5.0,5.0,0.5
731,31631.38427734375,8215.8203125,-3.6328125e+29,-3.671875e+29,1594.6339,28089.613,271.02173,0.28394094,11411.504406133072,1.441305101769657e+25,5.0,5.0,0.5
732,30310.708618164062,8307.781982421875,-4.5762711864406775e+29,-4.5762711864406775e+29,1592.8414,54989.58,285.55798,0.25866497,12564.498789145377,0.0,5.0,5.0,0.5
733,23731.747436523438,8380.3466796875,-4.782608695652174e+29,-4.782608695652174e+29,1595.0382,13660.311,255.34132,0.2713358,16623.90933327915,0.0,5.0,5.0,0.5
734,10614.407348632812,8174.69482421875,-3.9682539682539685e+29,-4.126984126984127e+29,1597.6471,17510.322,259.13702,0.3816922,36661.24497036918,6.125336948209311e+25,5.0,5.0,0.5
735,31484.231567382812,8227.203369140625,-4.25e+29,-4.28125e+29,1593.8595,30239.809,269.5382,0.2676525,11370.108820054222,1.1593903599408825e+25,5.0,5.0,0.5
736,24187.628173828125,8145.635986328125,-4.6808510638297874e+29,-4.6808510638297874e+29,1595.3643,13272.399,249.8336,0.28760582,15636.236825038453,0.0,5.0,5.0,0.5
737,16338.580322265625,7978.607177734375,-5.7812500000000004e+29,-5.9375e+29,1597.3708,11609.029,243.86824,0.26150185,23424.007939223888,6.407148375353018e+25,5.0,5.0,0.5
738,10041.656494140625,7933.7310791015625,-5.250000000000001e+29,-5.5e+29,1598.6667,17107.275,252.32553,0.38948765,37744.85935427827,9.907836079980105e+25,5.0,5.0,0.5
739,29536.123657226562,8048.10791015625,-4.638888888888889e+29,-4.722222222222223e+29,1593.523,31495.633,265.22357,0.2489118,11990.813248029015,3.142003283301406e+25,5.0,5.0,0.5
740,22041.473388671875,7933.99658203125,-5.1162790697674424e+29,-5.1162790697674424e+29,1596.1625,13240.823,243.51431,0.26166895,16784.20956844545,0.0,5.0,5.0,0.5
741,15284.622192382812,7623.7152099609375,-6.111111111111111e+29,-6.222222222222222e+29,1598.3726,12086.077,239.19832,0.2743686,24114.402811865035,4.645145995026279e+25,5.0,5.0,0.5
742,9961.279296875,7608.59375,-5.75e+29,-6e+29,1598.9668,12943.422,240.7036,0.34900844,36344.46931780291,1.0386217823660098e+26,5.0,5.0,0.5
743,28160.867309570312,749.822998046875,-5.175438596491228e+29,-5e+29,1594.481,31984.387,265.06506,0.2497033,19.37745618124433,-6.618699355931554e+25,5.0,5.0,0.5
744,17248.858642578125,7624.2645263671875,-6.470588235294117e+29,-6.470588235294117e+29,1598.816,15007.218,243.08835,0.21596909,20718.89961442378,0.0,5.0,5.0,0.5
745,13637.2314453125,7684.65576171875,-6.851851851851853e+29,-7.037037037037037e+29,1599.903,11775.973,233.11174,0.24909885,26216.953361007923,7.944052285653626e+25,5.0,5.0,0.5
746,8426.107788085938,7319.6929931640625,-8.529411764705883e+29,-8.823529411764705e+29,1600.1027,15247.556,240.05151,0.34065962,41826.45482583382,1.2252272129425092e+26,5.0,5.0,0.5
747,26146.881103515625,7592.8497314453125,-5.2201257861635225e+29,-5.345911949685534e+29,1594.6248,31601.256,259.64993,0.21583425,12969.465979756478,4.844451994878451e+25,5.0,5.0,0.5
748,23004.037475585938,7474.3377685546875,-4.962962962962964e+29,-5.111111111111111e+29,1596.3623,13217.226,236.77646,0.2547696,14886.364252548541,6.256878278202446e+25,5.0,5.0,0.5
749,14538.272094726562,7198.8677978515625,-7.586206896551725e+29,-7.586206896551725e+29,1600.2198,15682.002,242.357,0.16994926,22849.082463131606,0.0,5.0,5.0,0.5
750,12103.546142578125,7243.646240234375,-7.083333333333334e+29,-7.083333333333334e+29,1600.6101,11526.301,227.42438,0.20161833,27987.75493564901,0.0,5.0,5.0,0.5
751,7931.3568115234375,6949.658203125,-8.4375e+29,-8.75e+29,1600.6873,12965.473,231.033,0.31853968,42195.68741119497,1.352620593423983e+26,5.0,5.0,0.5
752,27300.0,562.5,-4.598214285714286e+29,-4.598214285714286e+29,1596.0645,31052.709,245.82722,0.23015784,5.158858370498253,0.0,5.0,5.0,0.5
753,23358.49609375,514.7796630859375,-5.217391304347827e+29,-5.108695652173913e+29,1595.8208,13151.978,230.30505,0.2546181,138.37201211983427,-4.719638167833731e+25,5.0,5.0,0.5
754,13984.524536132812,6789.56298828125,-7.857142857142858e+29,-7.857142857142858e+29,1600.5221,15658.778,237.3042,0.13753842,22450.160984161543,0.0,5.0,5.0,0.5
755,12036.386108398438,6805.6884765625,-7.5e+29,-7.5e+29,1600.7874,11618.364,223.33138,0.15838662,26456.716811083475,0.0,5.0,5.0,0.5
756,7863.848876953125,6512.58544921875,-9.0625e+29,-9.375e+29,1600.7747,12408.914,225.15611,0.26385188,39906.651501032036,1.3879258985820569e+26,5.0,5.0,0.5
757,5362.5,0.0,-1e+30,-1e+30,1600.9375,13201.521,228.62769,0.30987293,0.0,0.0,5.0,5.0,0.5
758,4875.0,0.0,-1e+30,-1e+30,1601.2031,13402.629,226.51149,0.26262587,0.0,0.0,5.0,5.0,0.5
759,26812.5,562.5,-4.854545454545455e+29,-4.845454545454545e+29,1596.0107,28330.498,239.55696,0.22279495,12.768895457629469,-3.794884127224045e+24,5.0,5.0,0.5
760,22367.062377929688,518.3349609375,-5.454545454545455e+29,-5.3409090909090915e+29,1596.2916,13187.44,225.98582,0.2330093,18.832934218907567,-5.028473084321332e+25,5.0,5.0,0.5
761,14505.447387695312,6649.59716796875,-7.586206896551725e+29,-7.586206896551725e+29,1598.835,13603.313,227.95776,0.11435972,21158.698482587035,0.0,5.0,5.0,0.5
762,13434.173583984375,6533.453369140625,-8.148148148148149e+29,-8.148148148148149e+29,1600.6753,15604.878,232.31433,0.116017304,22572.085956188424,0.0,5.0,5.0,0.5
763,11435.140991210938,6478.936767578125,-8.260869565217392e+29,-8.260869565217392e+29,1600.93,12533.173,223.36736,0.1088216,26702.77627741341,0.0,5.0,5.0,0.5
764,8836.819458007812,6305.584716796875,-9.166666666666667e+29,-9.444444444444446e+29,1600.8624,13113.337,219.73518,0.20569786,34345.39514218553,1.264147930615535e+26,5.0,5.0,0.5
765,5850.0,0.0,-1.0000000000000002e+30,-9.999999999999999e+29,1600.9277,17699.89,226.90048,0.23762374,0.0,-1240521721281.1943,5.0,5.0,0.5
766,4387.5,0.0,-1e+30,-1e+30,1601.1719,12907.12,220.59467,0.2673365,0.0,0.0,5.0,5.0,0.5
767,26812.5,562.5,-4.952780229479258e+29,-4.9965034965034964e+29,1596.0472,28474.695,234.90984,0.21787857,3.7557531337468877,1.8612786847542544e+25,5.0,5.0,0.5
768,21288.302612304688,452.91748046875,-5.473878871937124e+29,-5.4716117216117225e+29,1596.5695,13167.31,221.43225,0.2327133,5.592918002876478,-1.0238573267456008e+24,5.0,5.0,0.5
769,15041.595458984375,6112.1978759765625,-7.333333333333334e+29,-7.333333333333334e+29,1599.0514,13526.676,224.099,0.13094844,18745.525430812868,0.0,5.0,5.0,0.5
770,12891.403198242188,5942.95654296875,-8.461538461538462e+29,-8.461538461538462e+29,1600.7753,15306.424,225.96013,0.09126786,21620.946028318835,0.0,5.0,5.0,0.5
771,11373.733520507812,5927.7557373046875,-8.695652173913043e+29,-8.695652173913043e+29,1601.0118,11828.525,216.4388,0.09155615,24592.658893649295,0.0,5.0,5.0,0.5
772,8886.077880859375,5861.6790771484375,-8.611111111111111e+29,-8.888888888888888e+29,1601.0347,10882.108,208.94008,0.17732964,31632.591305625017,1.3294614391794938e+26,5.0,5.0,0.5
773,6825.0,0.0,-1e+30,-1e+30,1600.8906,12513.114,214.2319,0.20842926,0.0,0.0,5.0,5.0,0.5
774,4387.5,0.0,-1e+30,-1e+30,1601.1094,13139.899,215.5509,0.22604677,0.0,0.0,5.0,5.0,0.5
775,26325.0,550.0,-5.0427350427350435e+29,-5.087301587301587e+29,1595.7274,29485.758,231.76198,0.2194091,6.344789110312552,1.9229446055992998e+25,5.0,5.0,0.5
776,19690.88134765625,444.37255859375,-5.89250493096647e+29,-5.890109890109891e+29,1596.9983,13143.428,216.70085,0.2123417,8.314659764593175,-1.1052290937756609e+24,5.0,5.0,0.5
777,13418.0908203125,5644.7052001953125,-8.148148148148149e+29,-8.148148148148149e+29,1599.3861,13266.935,218.4493,0.0998608,19770.377357158555,0.0,5.0,5.0,0.5
778,11807.098388671875,5494.1162109375,-9.166666666666667e+29,-9.166666666666667e+29,1600.75,13274.757,216.38748,0.05820477,22223.32330246871,0.0,5.0,5.0,0.5
779,11266.265869140625,5484.11865234375,-9.565217391304348e+29,-9.565217391304348e+29,1601.0573,14992.701,217.19759,0.042267643,23377.57771952542,0.0,5.0,5.0,0.5
780,9854.67529296875,5572.9400634765625,-9e+29,-9e+29,1601.0487,11816.864,207.70712,0.10363603,27072.18829572162,0.0,5.0,5.0,0.5
781,7312.5,0.0,-1e+30,-1e+30,1600.9531,12638.618,208.8146,0.16474448,0.0,0.0,5.0,5.0,0.5
782,5362.5,0.0,-1e+30,-1e+30,1601.0156,19458.998,217.55064,0.2158764,0.0,0.0,5.0,5.0,0.5
783,25350.0,550.0,-5.4752747252747256e+29,-5.5696661828737306e+29,1595.3,30068.256,226.7982,0.20560354,6.1621894561116815,4.161913831433846e+25,5.0,5.0,0.5
784,19680.828857421875,377.91748046875,-5.89250493096647e+29,-5.890109890109891e+29,1597.3148,13105.974,211.5933,0.22468369,7.363524627909889,-1.1319076604700605e+24,5.0,5.0,0.5
785,10725.0,0.0,-1e+30,-1e+30,1603.9688,13420.632,209.2326,0.007872834,0.0,0.0,5.0,5.0,0.5
786,9313.034057617188,5154.473876953125,-9.473684210526315e+29,-9.473684210526315e+29,1601.125,11568.376,202.4233,0.04225694,26597.65595127984,0.0,5.0,5.0,0.5
787,6825.0,0.0,-1e+30,-1e+30,1601.0781,11199.097,200.65926,0.1297821,0.0,0.0,5.0,5.0,0.5
788,4875.0,0.0,-1e+30,-1e+30,1600.9219,19286.6,212.33571,0.18244697,0.0,0.0,5.0,5.0,0.5
789,23518.234252929688,489.1998291015625,-5.829326923076923e+29,-5.8273809523809524e+29,1596.1342,31036.932,230.52956,0.20502563,10.701009438986944,-8.441306734891192e+23,5.0,5.0,0.5
790,18615.438842773438,344.37255859375,-6.213592233009708e+29,-6.211018711018712e+29,1598.4294,13053.265,206.4191,0.21384627,3.7431711870836764,-1.246746070093994e+24,5.0,5.0,0.5
791,10725.0,0.0,-1e+30,-1e+30,1603.9688,13317.825,203.94316,0.007901194,0.0,0.0,5.0,5.0,0.5
792,10287.3779296875,5087.548828125,-9.523809523809524e+29,-9.523809523809524e+29,1601.1719,11851.079,200.09535,0.039141092,23752.348105976595,0.0,5.0,5.0,0.5
793,6825.0,0.0,-1e+30,-1e+30,1601.0469,13259.607,199.3991,0.09166337,0.0,0.0,5.0,5.0,0.5
794,4387.5,0.0,-1e+30,-1e+30,1600.9062,19211.05,207.28557,0.14309213,0.0,0.0,5.0,5.0,0.5
795,23887.5,425.0,-5.5553935860058316e+29,-5.570530098831986e+29,1597.1891,33371.957,217.11256,0.21344602,5.260040049496251,6.971735095024187e+24,5.0,5.0,0.5
796,21651.272583007812,364.6270751953125,-6.361429832303619e+29,-6.359265734265734e+29,1597.9531,30866.277,225.67412,0.19895133,5.814517115582273,-9.589482642765865e+23,5.0,5.0,0.5
797,10725.0,0.0,-1e+30,-1e+30,1603.9688,13261.617,198.66522,0.007874163,0.0,0.0,5.0,5.0,0.5
798,11261.209106445312,4919.6197509765625,-9.565217391304348e+29,-9.565217391304348e+29,1601.2031,15656.434,205.26215,0.03141629,21177.872367589353,0.0,5.0,5.0,0.5
799,6825.0,0.0,-1e+30,-1e+30,1601.0156,12668.162,193.27287,0.078800544,0.0,0.0,5.0,5.0,0.5
800,3900.0,0.0,-1e+30,-1e+30,1600.9531,19104.969,202.21468,0.077346444,0.0,0.0,5.0,5.0,0.5
801,22016.082763671875,325.0,-6.1089536138079826e+29,-6.217948717948718e+29,1598.2834,33853.934,213.52956,0.21012858,4.78731245491786,5.104450458402203e+25,5.0,5.0,0.5
802,10725.0,0.0,-1e+30,-1e+30,1603.9688,13196.888,193.65701,0.007799883,0.0,0.0,5.0,5.0,0.5
803,11260.577392578125,4903.89404296875,-9.565217391304348e+29,-9.565217391304348e+29,1601.2188,15091.825,197.18747,0.0297868,20903.809209737385,0.0,5.0,5.0,0.5
804,6825.0,0.0,-1e+30,-1e+30,1601.1406,11056.388,184.25253,0.040011216,0.0,0.0,5.0,5.0,0.5
805,3900.0,0.0,-1e+30,-1e+30,1601.3125,18823.213,196.97072,0.06157738,0.0,0.0,5.0,5.0,0.5
806,10725.0,0.0,-1e+30,-1e+30,1603.9688,14394.345,190.24199,0.0077539263,0.0,0.0,5.0,5.0,0.5
807,6825.0,0.0,-1e+30,-1e+30,1601.2344,10859.023,179.54091,0.03420248,0.0,0.0,5.0,5.0,0.5
808,3900.0,0.0,-1e+30,-1e+30,1601.4219,18625.105,191.82188,0.051380057,0.0,0.0,5.0,5.0,0.5
809,10725.0,0.0,-1e+30,-1e+30,1603.9688,14178.471,184.91426,0.0077510285,0.0,0.0,5.0,5.0,0.5
810,8287.5,0.0,-1e+30,-1e+30,1601.2344,12641.209,179.4464,0.02599031,0.0,0.0,5.0,5.0,0.5
811,3900.0,0.0,-1e+30,-1e+30,1601.375,18395.764,186.64728,0.04386342,0.0,0.0,5.0,5.0,0.5
812,10725.0,0.0,-1e+30,-1e+30,1603.9688,13066.367,176.28763,0.007811616,0.0,0.0,5.0,5.0,0.5
813,10725.0,0.0,-1e+30,-1e+30,1603.9688,14529.532,180.55899,0.0077448725,0.0,0.0,5.0,5.0,0.5
814,7845.15380859375,1309.46044921875,-9.375e+29,-9.375e+29,1601.2656,13324.399,176.0108,0.022726497,7901.91647026756,0.0,5.0,5.0,0.5
815,3900.0,0.0,-1e+30,-1e+30,1601.4062,18313.873,181.61264,0.036245596,0.0,0.0,5.0,5.0,0.5
816,10725.0,0.0,-1e+30,-1e+30,1603.9688,13035.423,171.63728,0.007790248,0.0,0.0,5.0,5.0,0.5
817,10725.0,0.0,-1e+30,-1e+30,1603.9688,15381.31,178.784,0.007619739,0.0,0.0,5.0,5.0,0.5
818,6337.5,0.0,-1e+30,-1e+30,1603.9688,10747.413,163.10953,0.0059578796,0.0,0.0,5.0,5.0,0.5
819,3944.6990966796875,4514.6087646484375,-8.75e+29,-8.75e+29,1601.3906,18329.947,176.61691,0.029978659,55873.87084977342,0.0,5.0,5.0,0.5
820,10725.0,0.0,-1e+30,-1e+30,1603.9688,13001.748,166.58884,0.007790104,0.0,0.0,5.0,5.0,0.5
821,10725.0,0.0,-1e+30,-1e+30,1603.9688,15420.997,174.18321,0.0076609706,0.0,0.0,5.0,5.0,0.5
822,6337.5,0.0,-1e+30,-1e+30,1603.9688,11072.856,159.59866,0.0057534445,0.0,0.0,5.0,5.0,0.5
823,3900.0,0.0,-1e+30,-1e+30,1601.3906,18390.34,171.68663,0.030913314,0.0,0.0,5.0,5.0,0.5
824,10725.0,0.0,-1e+30,-1e+30,1603.9688,12945.377,160.99236,0.0077984226,0.0,0.0,5.0,5.0,0.5
825,10725.0,0.0,-1e+30,-1e+30,1603.9688,14775.048,165.99153,0.007745425,0.0,0.0,5.0,5.0,0.5
826,6337.5,0.0,-1e+30,-1e+30,1603.9688,10750.473,153.54317,0.006083603,0.0,0.0,5.0,5.0,0.5
827,3900.0,0.0,-1e+30,-1e+30,1601.5,18421.812,166.72435,0.045720614,0.0,0.0,5.0,5.0,0.5
828,10725.0,0.0,-1e+30,-1e+30,1603.9688,13192.407,156.71863,0.007844313,0.0,0.0,5.0,5.0,0.5
829,10725.0,0.0,-1e+30,-1e+30,1603.9688,13524.137,159.1074,0.007846743,0.0,0.0,5.0,5.0,0.5
830,6337.5,0.0,-1e+30,-1e+30,1603.9688,10732.401,149.40436,0.0063995225,0.0,0.0,5.0,5.0,0.5
831,3942.572021484375,2809.75341796875,-8.75e+29,-8.75e+29,1601.5469,18343.203,161.67815,0.04941825,34589.76872486196,0.0,5.0,5.0,0.5
832,10725.0,0.0,-1e+30,-1e+30,1603.9688,13137.589,152.76578,0.007893648,0.0,0.0,5.0,5.0,0.5
833,7800.0,0.0,-1e+30,-1e+30,1603.9688,12051.495,148.23486,0.0065499,0.0,0.0,5.0,5.0,0.5
834,3412.5,0.0,-1e+30,-1e+30,1603.9688,18155.666,156.53766,0.0035441525,0.0,0.0,5.0,5.0,0.5
835,10725.0,0.0,-1e+30,-1e+30,1603.9688,13090.302,147.44629,0.007893351,0.0,0.0,5.0,5.0,0.5
836,8287.5,0.0,-1e+30,-1e+30,1603.9688,11352.679,141.12381,0.00688508,0.0,0.0,5.0,5.0,0.5
837,3412.5,0.0,-1e+30,-1e+30,1603.9688,18061.756,151.47058,0.0034663605,0.0,0.0,5.0,5.0,0.5
838,10725.0,0.0,-1e+30,-1e+30,1603.9688,13070.081,142.29318,0.007885143,0.0,0.0,5.0,5.0,0.5
839,8287.5,0.0,-1e+30,-1e+30,1603.9688,11200.565,135.6499,0.0070383614,0.0,0.0,5.0,5.0,0.5
840,3412.5,0.0,-1e+30,-1e+30,1603.9688,17947.469,146.38713,0.0034684523,0.0,0.0,5.0,5.0,0.5
841,10725.0,0.0,-1e+30,-1e+30,1603.9688,13059.284,137.25815,0.007882506,0.0,0.0,5.0,5.0,0.5
842,8775.0,0.0,-1e+30,-1e+30,1603.9688,11369.283,131.58362,0.0075137764,0.0,0.0,5.0,5.0,0.5
843,3412.5,0.0,-1e+30,-1e+30,1603.9688,17639.502,141.1421,0.0035264385,0.0,0.0,5.0,5.0,0.5
844,10725.0,0.0,-1e+30,-1e+30,1603.9688,13056.726,132.30177,0.00788338,0.0,0.0,5.0,5.0,0.5
845,8775.0,0.0,-1e+30,-1e+30,1603.9688,11387.726,126.87923,0.007579551,0.0,0.0,5.0,5.0,0.5
846,3412.5,0.0,-1e+30,-1e+30,1603.9688,17398.04,135.94841,0.0035827097,0.0,0.0,5.0,5.0,0.5
847,10725.0,0.0,-1e+30,-1e+30,1603.9688,13070.674,127.49414,0.007893587,0.0,0.0,5.0,5.0,0.5
848,8775.0,0.0,-1e+30,-1e+30,1603.9688,11354.778,121.616455,0.0075121787,0.0,0.0,5.0,5.0,0.5
849,3412.5,0.0,-1e+30,-1e+30,1603.9688,17257.117,130.83382,0.003616338,0.0,0.0,5.0,5.0,0.5
850,12675.0,0.0,-1e+30,-1e+30,1603.9688,34501.227,146.19473,0.0069445465,0.0,0.0,5.0,5.0,0.5
851,10725.0,0.0,-1e+30,-1e+30,1603.9688,13152.135,123.13411,0.007880285,0.0,0.0,5.0,5.0,0.5
852,8287.5,0.0,-1e+30,-1e+30,1603.9688,10979.77,115.095245,0.0069307406,0.0,0.0,5.0,5.0,0.5
853,3412.5,0.0,-1e+30,-1e+30,1603.9688,17376.113,126.05246,0.003583857,0.0,0.0,5.0,5.0,0.5
854,13162.5,0.0,-9.999999999999999e+29,-9.999999999999999e+29,1603.9688,44119.53,144.70413,0.0066553024,0.0,0.0,5.0,5.0,0.5
855,10725.0,0.0,-1e+30,-1e+30,1603.9688,14651.795,120.4365,0.00775034,0.0,0.0,5.0,5.0,0.5
856,7312.5,0.0,-1e+30,-1e+30,1603.9688,13393.715,116.087845,0.0059649795,0.0,0.0,5.0,5.0,0.5
857,3412.5,0.0,-1e+30,-1e+30,1603.9688,17793.98,121.4785,0.0034875649,0.0,0.0,5.0,5.0,0.5
858,13162.5,0.0,-9.999999999999999e+29,-9.999999999999999e+29,1603.9688,29370.908,132.94576,0.006956219,0.0,0.0,5.0,5.0,0.5
859,10725.0,0.0,-1e+30,-1e+30,1603.9688,12896.734,110.098885,0.0078491345,0.0,0.0,5.0,5.0,0.5
860,9262.5,0.0,-1e+30,-1e+30,1603.9688,11880.483,110.040245,0.007433937,0.0,0.0,5.0,5.0,0.5
861,6337.5,0.0,-1e+30,-1e+30,1603.9688,10620.319,103.29008,0.0059673684,0.0,0.0,5.0,5.0,0.5
862,3412.5,0.0,-1e+30,-1e+30,1603.9688,18142.168,116.91115,0.003591856,0.0,0.0,5.0,5.0,0.5
863,1950.0,0.0,-1e+30,-1e+30,1603.9688,14364.488,113.25184,0.003917782,0.0,0.0,5.0,5.0,0.5
864,12675.0,0.0,-1e+30,-1e+30,1603.9688,33996.258,129.99731,0.006946065,0.0,0.0,5.0,5.0,0.5
865,10725.0,0.0,-1e+30,-1e+30,1603.9688,13092.539,107.56749,0.007875488,0.0,0.0,5.0,5.0,0.5
866,7800.0,0.0,-1e+30,-1e+30,1603.9688,11761.515,102.074974,0.0065174266,0.0,0.0,5.0,5.0,0.5
867,5850.0,0.0,-1.0000000000000002e+30,-1.0000000000000002e+30,1603.9688,12204.251,102.977066,0.0056163887,0.0,0.0,5.0,5.0,0.5
868,3412.5,0.0,-1e+30,-1e+30,1603.9688,18522.121,112.26898,0.003914949,0.0,0.0,5.0,5.0,0.5
869,1950.0,0.0,-1e+30,-1e+30,1603.9688,14307.305,108.03247,0.0039225733,0.0,0.0,5.0,5.0,0.5
870,975.0,0.0,-1e+30,-1e+30,1603.9688,15174.108,110.31626,0.0033853338,0.0,0.0,5.0,5.0,0.5
871,13162.5,0.0,-9.999999999999999e+29,-9.999999999999999e+29,1602.1719,33330.555,113.97217,0.012656655,0.0,0.0,5.0,5.0,0.5
872,12675.0,0.0,-1e+30,-1e+30,1603.9688,28793.064,116.39833,0.007108584,0.0,0.0,5.0,5.0,0.5
873,13162.5,0.0,-9.999999999999999e+29,-9.999999999999999e+29,1603.9688,30278.846,121.06089,0.0070259306,0.0,0.0,5.0,5.0,0.5
874,10725.0,0.0,-1e+30,-1e+30,1603.9688,12804.718,99.84394,0.007825461,0.0,0.0,5.0,5.0,0.5
875,10725.0,0.0,-1e+30,-1e+30,1603.9688,15158.169,107.682175,0.0076826275,0.0,0.0,5.0,5.0,0.5
876,6337.5,0.0,-1e+30,-1e+30,1603.9688,10573.885,93.79232,0.006509133,0.0,0.0,5.0,5.0,0.5
877,5850.0,0.0,-1.0000000000000002e+30,-1.0000000000000002e+30,1603.9688,13607.45,101.16501,0.005478267,0.0,0.0,5.0,5.0,0.5
878,3412.5,0.0,-1e+30,-1e+30,1603.9688,18884.268,107.74669,0.0039404808,0.0,0.0,5.0,5.0,0.5
879,1950.0,0.0,-1e+30,-1e+30,1603.9688,14256.675,103.333466,0.0039249333,0.0,0.0,5.0,5.0,0.5
880,975.0,0.0,-1e+30,-1e+30,1603.9688,15096.055,105.29152,0.0033850602,0.0,0.0,5.0,5.0,0.5
881,975.0,0.0,-1e+30,-1e+30,1603.9688,19010.664,108.15014,0.0033862938,0.0,0.0,5.0,5.0,0.5
882,11700.0,0.0,-1.0000000000000002e+30,-9.999999999999999e+29,1602.1875,32288.023,103.0834,0.017616367,0.0,-2730555891090.585,5.0,5.0,0.5
883,12675.0,0.0,-1e+30,-1e+30,1601.9375,28206.959,105.59134,0.014638905,0.0,0.0,5.0,5.0,0.5
884,13650.0,0.0,-1e+30,-1e+30,1601.9219,29740.982,109.487305,0.011720709,0.0,0.0,5.0,5.0,0.5
885,13650.0,0.0,-1e+30,-1e+30,1601.9219,31739.787,114.39413,0.011636415,0.0,0.0,5.0,5.0,0.5
886,10725.0,0.0,-1e+30,-1e+30,1603.9688,12582.994,92.514206,0.00779195,0.0,0.0,5.0,5.0,0.5
887,10725.0,0.0,-1e+30,-1e+30,1603.9688,14971.686,100.34953,0.0075967764,0.0,0.0,5.0,5.0,0.5
888,8287.5,0.0,-1e+30,-1e+30,1603.9688,10729.228,88.325714,0.0069338856,0.0,0.0,5.0,5.0,0.5
889,6337.5,0.0,-1e+30,-1e+30,1603.9688,11307.425,90.651535,0.0059619835,0.0,0.0,5.0,5.0,0.5
890,5362.5,0.0,-1e+30,-1e+30,1603.9688,13181.731,96.14412,0.0050223563,0.0,0.0,5.0,5.0,0.5
891,2437.5,0.0,-1e+30,-1e+30,1603.9688,12667.416,95.855865,0.0042137885,0.0,0.0,5.0,5.0,0.5
892,1950.0,0.0,-1e+30,-1e+30,1603.9688,14184.816,97.98638,0.003906994,0.0,0.0,5.0,5.0,0.5
893,975.0,0.0,-1e+30,-1e+30,1603.9688,15372.89,100.687904,0.003386249,0.0,0.0,5.0,5.0,0.5
894,975.0,0.0,-1e+30,-1e+30,1603.9688,20655.338,103.81403,0.0033862924,0.0,0.0,5.0,5.0,0.5
895,10237.5,0.0,-1.0000000000000002e+30,-1.0000000000000002e+30,1601.9062,31944.195,91.14077,0.0143269105,0.0,0.0,5.0,5.0,0.5
896,10725.0,0.0,-1e+30,-1e+30,1601.9062,31361.326,94.47124,0.013101802,0.0,0.0,5.0,5.0,0.5
897,11700.0,0.0,-1.0000000000000002e+30,-9.999999999999999e+29,1601.8906,30593.152,98.88534,0.011753333,0.0,-2846478384851.4004,5.0,5.0,0.5
898,12675.0,0.0,-1e+30,-1e+30,1601.8906,29687.32,102.64933,0.010796964,0.0,0.0,5.0,5.0,0.5
899,13162.5,0.0,-9.999999999999999e+29,-9.999999999999999e+29,1601.8906,31551.328,107.49114,0.010862618,0.0,0.0,5.0,5.0,0.5
900,11212.5,0.0,-1e+30,-1e+30,1601.8906,12429.221,85.70484,0.012193971,0.0,0.0,5.0,5.0,0.5
901,10725.0,0.0,-1e+30,-1e+30,1603.9688,13635.638,90.28584,0.007751393,0.0,0.0,5.0,5.0,0.5
902,8775.0,0.0,-1e+30,-1e+30,1603.9688,11000.386,83.70072,0.007551108,0.0,0.0,5.0,5.0,0.5
903,7800.0,0.0,-1e+30,-1e+30,1603.9688,12278.99,88.11343,0.006683593,0.0,0.0,5.0,5.0,0.5
904,5850.0,0.0,-1.0000000000000002e+30,-1.0000000000000002e+30,1603.9688,12119.608,87.51428,0.0055560153,0.0,0.0,5.0,5.0,0.5
905,4387.5,0.0,-1e+30,-1e+30,1603.9688,12252.193,89.58661,0.0046257363,0.0,0.0,5.0,5.0,0.5
906,1950.0,0.0,-1e+30,-1e+30,1603.9688,12371.661,90.6223,0.004446388,0.0,0.0,5.0,5.0,0.5
907,1950.0,0.0,-1e+30,-1e+30,1603.9688,14366.578,93.54826,0.0039044467,0.0,0.0,5.0,5.0,0.5
908,975.0,0.0,-1e+30,-1e+30,1603.9688,15683.921,96.087616,0.0033862833,0.0,0.0,5.0,5.0,0.5
909,9750.0,0.0,-1e+30,-1e+30,1601.9062,29797.977,86.93162,0.013336169,0.0,0.0,5.0,5.0,0.5
910,11212.5,0.0,-1e+30,-1e+30,1601.9062,27117.854,91.10888,0.011283114,0.0,0.0,5.0,5.0,0.5
911,11700.0,0.0,-1.0000000000000002e+30,-9.999999999999999e+29,1601.8906,29449.877,95.85865,0.010737038,0.0,-2936354477152.6104,5.0,5.0,0.5
912,12675.0,0.0,-1e+30,-1e+30,1601.8906,40566.18,103.85206,0.009801682,0.0,0.0,5.0,5.0,0.5
913,10725.0,0.0,-1e+30,-1e+30,1601.8906,11953.863,78.68723,0.011572981,0.0,0.0,5.0,5.0,0.5
914,11212.5,0.0,-1e+30,-1e+30,1601.8906,14167.49,84.97649,0.0113573205,0.0,0.0,5.0,5.0,0.5
915,9262.5,0.0,-1e+30,-1e+30,1603.9688,11543.172,81.9035,0.007411628,0.0,0.0,5.0,5.0,0.5
916,7800.0,0.0,-1e+30,-1e+30,1603.9688,11755.924,80.55868,0.0066425162,0.0,0.0,5.0,5.0,0.5
917,6337.5,0.0,-1e+30,-1e+30,1603.9688,10195.728,76.90656,0.0060643507,0.0,0.0,5.0,5.0,0.5
918,5362.5,0.0,-1e+30,-1e+30,1603.9688,10252.398,79.00978,0.0053202864,0.0,0.0,5.0,5.0,0.5
919,4387.5,0.0,-1e+30,-1e+30,1603.9688,12294.08,84.40626,0.0048541017,0.0,0.0,5.0,5.0,0.5
920,1950.0,0.0,-1e+30,-1e+30,1603.9688,12381.23,85.89372,0.0042331913,0.0,0.0,5.0,5.0,0.5
921,1950.0,0.0,-1e+30,-1e+30,1603.9688,15683.398,91.697205,0.0033646943,0.0,0.0,5.0,5.0,0.5
922,975.0,0.0,-1e+30,-1e+30,1603.9688,15786.672,91.514435,0.0033862924,0.0,0.0,5.0,5.0,0.5
923,9750.0,0.0,-1e+30,-1e+30,1601.9062,29349.723,83.87529,0.012299477,0.0,0.0,5.0,5.0,0.5
924,10725.0,0.0,-1e+30,-1e+30,1601.9062,28514.176,88.72601,0.0105983075,0.0,0.0,5.0,5.0,0.5
925,11212.5,0.0,-1e+30,-1e+30,1601.8906,32758.096,93.94032,0.010185869,0.0,0.0,5.0,5.0,0.5
926,9750.0,0.0,-1e+30,-1e+30,1601.8906,11417.55,71.54865,0.01101176,0.0,0.0,5.0,5.0,0.5
927,10237.5,0.0,-1.0000000000000002e+30,-1.0000000000000002e+30,1601.8906,13009.664,76.24189,0.010815877,0.0,0.0,5.0,5.0,0.5
928,9750.0,0.0,-1e+30,-1e+30,1601.8906,9810.604,70.74623,0.011400523,0.0,0.0,5.0,5.0,0.5
929,8287.5,0.0,-1e+30,-1e+30,1603.9688,10379.269,71.55622,0.007105391,0.0,0.0,5.0,5.0,0.5
930,6337.5,0.0,-1e+30,-1e+30,1603.9688,9969.629,71.381325,0.006470841,0.0,0.0,5.0,5.0,0.5
931,6337.5,0.0,-1e+30,-1e+30,1603.9688,10736.685,74.57943,0.0058816867,0.0,0.0,5.0,5.0,0.5
932,5362.5,0.0,-1e+30,-1e+30,1603.9688,12703.713,80.20965,0.0050837505,0.0,0.0,5.0,5.0,0.5
933,3900.0,0.0,-1e+30,-1e+30,1603.9688,12093.843,79.2519,0.0046877027,0.0,0.0,5.0,5.0,0.5
934,1950.0,0.0,-1e+30,-1e+30,1603.9688,12578.113,81.23073,0.0040380987,0.0,0.0,5.0,5.0,0.5
935,1462.5,0.0,-1.0000000000000002e+30,-1.0000000000000002e+30,1603.9688,14517.875,85.270386,0.0035762852,0.0,0.0,5.0,5.0,0.5
938,9262.5,0.0,-1e+30,-1e+30,1601.9062,24671.205,79.24703,0.011828333,0.0,0.0,5.0,5.0,0.5
939,10237.5,0.0,-1.0000000000000002e+30,-1.0000000000000002e+30,1601.8906,31338.158,86.82906,0.010050925,0.0,0.0,5.0,5.0,0.5
940,8775.0,0.0,-1e+30,-1e+30,1601.8906,10397.197,63.624466,0.011170518,0.0,0.0,5.0,5.0,0.5
941,9262.5,0.0,-1e+30,-1e+30,1601.8906,12634.072,69.77057,0.010525033,0.0,0.0,5.0,5.0,0.5
942,8775.0,0.0,-1e+30,-1e+30,1601.8906,10242.406,66.5718,0.011169359,0.0,0.0,5.0,5.0,0.5
943,8775.0,0.0,-1e+30,-1e+30,1601.8906,9977.61,65.362656,0.0108879125,0.0,0.0,5.0,5.0,0.5
944,8287.5,0.0,-1e+30,-1e+30,1601.8906,10977.365,69.145706,0.010553062,0.0,0.0,5.0,5.0,0.5
945,6337.5,0.0,-1e+30,-1e+30,1603.9688,9637.369,65.19305,0.0059316577,0.0,0.0,5.0,5.0,0.5
946,5850.0,0.0,-1.0000000000000002e+30,-1.0000000000000002e+30,1603.9688,11563.658,71.76623,0.005520401,0.0,0.0,5.0,5.0,0.5
947,4387.5,0.0,-1e+30,-1e+30,1603.9688,11471.747,73.54354,0.0045764036,0.0,0.0,5.0,5.0,0.5
948,3900.0,0.0,-1e+30,-1e+30,1603.9688,15602.98,80.28293,0.0042711743,0.0,0.0,5.0,5.0,0.5
949,1950.0,0.0,-1e+30,-1e+30,1603.9688,12497.049,76.83003,0.003989896,0.0,0.0,5.0,5.0,0.5
950,975.0,0.0,-1e+30,-1e+30,1603.9688,14099.149,79.83552,0.0033516022,0.0,0.0,5.0,5.0,0.5
959,7800.0,0.0,-1e+30,-1e+30,1601.9062,27297.398,69.78829,0.012508288,0.0,0.0,5.0,5.0,0.5
960,9262.5,0.0,-1e+30,-1e+30,1601.8906,26034.201,76.23135,0.010386483,0.0,0.0,5.0,5.0,0.5
961,10237.5,0.0,-1.0000000000000002e+30,-1.0000000000000002e+30,1601.8906,66722.984,88.51498,0.009045771,0.0,0.0,5.0,5.0,0.5
962,8287.5,0.0,-1e+30,-1e+30,1601.8906,10304.525,60.7763,0.010710932,0.0,0.0,5.0,5.0,0.5
963,8775.0,0.0,-1e+30,-1e+30,1601.8906,13098.3,68.677216,0.010064219,0.0,0.0,5.0,5.0,0.5
964,8287.5,0.0,-1e+30,-1e+30,1601.8906,10370.333,64.08291,0.01039677,0.0,0.0,5.0,5.0,0.5
965,8287.5,0.0,-1e+30,-1e+30,1601.8906,9627.298,59.992752,0.010241284,0.0,0.0,5.0,5.0,0.5
966,7800.0,0.0,-1e+30,-1e+30,1601.8906,12538.038,68.386284,0.0097119715,0.0,0.0,5.0,5.0,0.5
967,6337.5,0.0,-1e+30,-1e+30,1603.9688,10171.633,63.57051,0.005922393,0.0,0.0,5.0,5.0,0.5
968,5850.0,0.0,-1.0000000000000002e+30,-1.0000000000000002e+30,1603.9688,12259.02,68.922005,0.00542305,0.0,0.0,5.0,5.0,0.5
969,4387.5,0.0,-1e+30,-1e+30,1603.9688,11506.527,68.91164,0.0046606115,0.0,0.0,5.0,5.0,0.5
970,3412.5,0.0,-1e+30,-1e+30,1603.9688,16315.501,76.181335,0.0035974865,0.0,0.0,5.0,5.0,0.5
971,1950.0,0.0,-1e+30,-1e+30,1603.9688,12430.177,72.039375,0.003978734,0.0,0.0,5.0,5.0,0.5
972,975.0,0.0,-1e+30,-1e+30,1603.9688,13915.281,74.76902,0.0033525967,0.0,0.0,5.0,5.0,0.5
982,6825.0,0.0,-1e+30,-1e+30,1602.1406,29974.838,62.766525,0.012831573,0.0,0.0,5.0,5.0,0.5
983,7800.0,0.0,-1e+30,-1e+30,1601.9062,23403.014,67.817505,0.011134174,0.0,0.0,5.0,5.0,0.5
984,8775.0,0.0,-1e+30,-1e+30,1601.8906,28281.326,74.525055,0.009785768,0.0,0.0,5.0,5.0,0.5
985,7312.5,0.0,-1e+30,-1e+30,1601.8906,9270.054,53.358078,0.0108296415,0.0,0.0,5.0,5.0,0.5
986,7800.0,0.0,-1e+30,-1e+30,1601.8906,11857.09,60.356743,0.010061874,0.0,0.0,5.0,5.0,0.5
987,7312.5,0.0,-1e+30,-1e+30,1601.8906,8877.591,54.606995,0.010582999,0.0,0.0,5.0,5.0,0.5
988,7312.5,0.0,-1e+30,-1e+30,1601.8906,8902.073,54.3029,0.010354547,0.0,0.0,5.0,5.0,0.5
989,7800.0,0.0,-1e+30,-1e+30,1601.8906,10452.784,58.819077,0.010000293,0.0,0.0,5.0,5.0,0.5
990,6825.0,0.0,-1e+30,-1e+30,1601.8906,8822.509,54.9943,0.010403402,0.0,0.0,5.0,5.0,0.5
991,5850.0,0.0,-1.0000000000000002e+30,-1.0000000000000002e+30,1603.9688,10471.149,60.373203,0.00565727,0.0,0.0,5.0,5.0,0.5
992,5362.5,0.0,-1e+30,-1e+30,1603.9688,10118.745,61.206085,0.0052007046,0.0,0.0,5.0,5.0,0.5
993,4387.5,0.0,-1e+30,-1e+30,1603.9688,11196.28,63.936398,0.004735571,0.0,0.0,5.0,5.0,0.5
994,3412.5,0.0,-1e+30,-1e+30,1603.9688,16158.017,71.408806,0.0035458754,0.0,0.0,5.0,5.0,0.5
995,1950.0,0.0,-1e+30,-1e+30,1603.9688,11923.348,66.80653,0.003990884,0.0,0.0,5.0,5.0,0.5
996,975.0,0.0,-1e+30,-1e+30,1603.9688,13582.87,69.78859,0.003350921,0.0,0.0,5.0,5.0,0.5
1008,6337.5,0.0,-1e+30,-1e+30,1601.9062,27458.92,57.89997,0.011235452,0.0,0.0,5.0,5.0,0.5
1009,7800.0,0.0,-1e+30,-1e+30,1601.8906,25686.393,65.94127,0.009304562,0.0,0.0,5.0,5.0,0.5
1010,8775.0,0.0,-1e+30,-1e+30,1601.8906,45705.66,75.94693,0.008392275,0.0,0.0,5.0,5.0,0.5
1011,6825.0,0.0,-1e+30,-1e+30,1601.8906,9743.974,50.517868,0.009932307,0.0,0.0,5.0,5.0,0.5
1012,7312.5,0.0,-1e+30,-1e+30,1601.8906,11827.579,57.591736,0.00963253,0.0,0.0,5.0,5.0,0.5
1013,6337.5,0.0,-1e+30,-1e+30,1601.8906,8202.828,48.2699,0.009950127,0.0,0.0,5.0,5.0,0.5
1014,6825.0,0.0,-1e+30,-1e+30,1601.8906,8140.9976,47.961452,0.009804712,0.0,0.0,5.0,5.0,0.5
1015,7312.5,0.0,-1e+30,-1e+30,1601.8906,11843.631,58.466614,0.008848662,0.0,0.0,5.0,5.0,0.5
1016,6825.0,0.0,-1e+30,-1e+30,1601.8906,8524.636,50.053974,0.009681424,0.0,0.0,5.0,5.0,0.5
1017,5850.0,0.0,-1.0000000000000002e+30,-1.0000000000000002e+30,1603.9688,10531.441,56.002384,0.0054884325,0.0,0.0,5.0,5.0,0.5
1018,5362.5,0.0,-1e+30,-1e+30,1603.9688,10888.618,57.97804,0.005094873,0.0,0.0,5.0,5.0,0.5
1019,4387.5,0.0,-1e+30,-1e+30,1603.9688,10891.26,58.960175,0.004796874,0.0,0.0,5.0,5.0,0.5
1020,3412.5,0.0,-1e+30,-1e+30,1603.9688,15939.926,66.52503,0.0035208294,0.0,0.0,5.0,5.0,0.5
1021,1950.0,0.0,-1e+30,-1e+30,1603.9688,11519.526,61.4518,0.004014231,0.0,0.0,5.0,5.0,0.5
1022,1950.0,0.0,-1e+30,-1e+30,1603.9688,15926.99,70.07965,0.003237247,0.0,0.0,5.0,5.0,0.5
1023,975.0,0.0,-1e+30,-1e+30,1603.9688,13954.317,65.65069,0.003410423,0.0,0.0,5.0,5.0,0.5
1035,4387.5,0.0,-1e+30,-1e+30,1602.2031,27152.11,40.793556,0.014960636,0.0,0.0,5.0,5.0,0.5
1036,4875.0,0.0,-1e+30,-1e+30,1602.0312,27187.906,45.21067,0.012108844,0.0,0.0,5.0,5.0,0.5
1037,5362.5,0.0,-1e+30,-1e+30,1601.9375,26708.57,49.902653,0.010763365,0.0,0.0,5.0,5.0,0.5
1038,6825.0,0.0,-1e+30,-1e+30,1601.9062,22843.744,56.99961,0.010117033,0.0,0.0,5.0,5.0,0.5
1039,7800.0,0.0,-1e+30,-1e+30,1601.8906,31524.584,65.37523,0.007968762,0.0,0.0,5.0,5.0,0.5
1040,5850.0,0.0,-1.0000000000000002e+30,-9.999999999999999e+29,1601.8906,8044.07,40.94005,0.010173889,0.0,-6875296658504.138,5.0,5.0,0.5
1041,6337.5,0.0,-1e+30,-1e+30,1601.8906,10956.945,49.79379,0.009364345,0.0,0.0,5.0,5.0,0.5
1042,5850.0,0.0,-1.0000000000000002e+30,-9.999999999999999e+29,1601.8906,7990.337,44.042522,0.010126269,0.0,-6390982195793.6455,5.0,5.0,0.5
1043,5850.0,0.0,-1.0000000000000002e+30,-9.999999999999999e+29,1601.8906,7878.2637,43.145443,0.009650831,0.0,-6523863411353.668,5.0,5.0,0.5
1044,6337.5,0.0,-1e+30,-1e+30,1601.8906,8650.976,45.986202,0.009208583,0.0,0.0,5.0,5.0,0.5
1045,5850.0,0.0,-1.0000000000000002e+30,-9.999999999999999e+29,1601.8906,7866.9634,44.308105,0.01017307,0.0,-6352674611853.515,5.0,5.0,0.5
1046,6337.5,0.0,-1e+30,-1e+30,1601.8906,8774.369,47.73745,0.009522735,0.0,0.0,5.0,5.0,0.5
1047,6337.5,0.0,-1e+30,-1e+30,1601.8906,10732.717,52.502815,0.009393644,0.0,0.0,5.0,5.0,0.5
1048,4875.0,0.0,-1e+30,-1e+30,1603.9688,11161.478,55.502277,0.0047475914,0.0,0.0,5.0,5.0,0.5
1049,4387.5,0.0,-1e+30,-1e+30,1603.9688,10489.433,53.983433,0.004848098,0.0,0.0,5.0,5.0,0.5
1050,3412.5,0.0,-1e+30,-1e+30,1603.9688,15602.789,61.622524,0.0035011084,0.0,0.0,5.0,5.0,0.5
1051,1950.0,0.0,-1e+30,-1e+30,1603.9688,10982.838,56.048946,0.004045986,0.0,0.0,5.0,5.0,0.5
1052,1950.0,0.0,-1e+30,-1e+30,1603.9688,12775.27,58.93929,0.0039140503,0.0,0.0,5.0,5.0,0.5
1053,975.0,0.0,-1e+30,-1e+30,1603.9688,13342.595,60.567596,0.0034104243,0.0,0.0,5.0,5.0,0.5
1061,1950.0,0.0,-1e+30,-1e+30,1601.8906,17114.768,19.036766,0.021537712,0.0,0.0,5.0,5.0,0.5
1062,2437.5,0.0,-1e+30,-1e+30,1601.8906,20301.861,24.27208,0.018023018,0.0,0.0,5.0,5.0,0.5
1063,2925.0,0.0,-1.0000000000000002e+30,-9.999999999999999e+29,1601.9219,20944.176,29.344816,0.016090391,0.0,-9591982949104.861,5.0,5.0,0.5
1064,3900.0,0.0,-1e+30,-1e+30,1601.9688,22213.275,35.25382,0.013256355,0.0,0.0,5.0,5.0,0.5
1065,4387.5,0.0,-1e+30,-1e+30,1601.9531,19925.94,40.75643,0.01140827,0.0,0.0,5.0,5.0,0.5
1066,5362.5,0.0,-1e+30,-1e+30,1601.9219,22993.129,46.73591,0.009407842,0.0,0.0,5.0,5.0,0.5
1067,5850.0,0.0,-1.0000000000000002e+30,-9.999999999999999e+29,1601.9062,24854.465,52.069733,0.008871239,0.0,-5405731166627.756,5.0,5.0,0.5
1068,6825.0,0.0,-1e+30,-1e+30,1601.8906,31821.018,58.88851,0.007885756,0.0,0.0,5.0,5.0,0.5
1069,4875.0,0.0,-1e+30,-1e+30,1601.8906,7085.6763,34.079807,0.010433811,0.0,0.0,5.0,5.0,0.5
1070,5362.5,0.0,-1e+30,-1e+30,1601.8906,9153.066,40.34913,0.009728852,0.0,0.0,5.0,5.0,0.5
1071,4875.0,0.0,-1e+30,-1e+30,1601.8906,7044.596,37.049038,0.010423446,0.0,0.0,5.0,5.0,0.5
1072,5362.5,0.0,-1e+30,-1e+30,1601.8906,7787.881,41.783154,0.009696644,0.0,0.0,5.0,5.0,0.5
1073,5362.5,0.0,-1e+30,-1e+30,1601.8906,7346.233,38.405678,0.009470928,0.0,0.0,5.0,5.0,0.5
1074,5850.0,0.0,-1.0000000000000002e+30,-9.999999999999999e+29,1601.8906,8817.783,43.518654,0.009186804,0.0,-6467915518570.156,5.0,5.0,0.5
1075,5362.5,0.0,-1e+30,-1e+30,1601.8906,7090.6035,38.31813,0.009428078,0.0,0.0,5.0,5.0,0.5
1076,5850.0,0.0,-1.0000000000000002e+30,-9.999999999999999e+29,1601.8906,8780.19,44.34317,0.009400296,0.0,-6347651186346.099,5.0,5.0,0.5
1077,5850.0,0.0,-1.0000000000000002e+30,-9.999999999999999e+29,1601.8906,8693.051,45.699417,0.009351514,0.0,-6159268421452.9795,5.0,5.0,0.5
1078,4387.5,0.0,-1e+30,-1e+30,1603.9688,9149.41,47.615982,0.004625808,0.0,0.0,5.0,5.0,0.5
1079,4387.5,0.0,-1e+30,-1e+30,1603.9688,9847.022,49.030403,0.004809877,0.0,0.0,5.0,5.0,0.5
1080,3412.5,0.0,-1e+30,-1e+30,1603.9688,15237.005,56.924652,0.0036115372,0.0,0.0,5.0,5.0,0.5
1081,1950.0,0.0,-1e+30,-1e+30,1603.9688,9889.871,50.875946,0.004204566,0.0,0.0,5.0,5.0,0.5
1082,1950.0,0.0,-1e+30,-1e+30,1603.9688,11112.899,52.666546,0.003920311,0.0,0.0,5.0,5.0,0.5
1083,975.0,0.0,-1e+30,-1e+30,1603.9688,12322.469,55.45054,0.003409022,0.0,0.0,5.0,5.0,0.5
1084,975.0,0.0,-1e+30,-1e+30,1603.9688,16658.701,56.66071,0.0040663644,0.0,0.0,5.0,5.0,0.5
1090,1950.0,0.0,-1e+30,-1e+30,1601.8906,14101.042,18.571817,0.018933728,0.0,0.0,5.0,5.0,0.5
1091,2437.5,0.0,-1e+30,-1e+30,1601.8906,19394.084,24.511072,0.015343385,0.0,0.0,5.0,5.0,0.5
1092,2925.0,0.0,-1.0000000000000002e+30,-9.999999999999999e+29,1601.8906,20388.244,29.705593,0.013305741,0.0,-9475487517673.453,5.0,5.0,0.5
1093,3900.0,0.0,-1e+30,-1e+30,1601.8906,19857.553,34.810295,0.010698355,0.0,0.0,5.0,5.0,0.5
1094,4387.5,0.0,-1e+30,-1e+30,1601.9062,22545.242,40.539986,0.009580601,0.0,0.0,5.0,5.0,0.5
1095,4875.0,0.0,-1e+30,-1e+30,1601.8906,26776.828,46.45881,0.0087594325,0.0,0.0,5.0,5.0,0.5
1096,5850.0,0.0,-1.0000000000000002e+30,-9.999999999999999e+29,1601.8906,32200.441,52.604496,0.0076233577,0.0,-5350777939187.915,5.0,5.0,0.5
1097,3900.0,0.0,-1e+30,-1e+30,1601.8906,6208.329,27.066633,0.010886864,0.0,0.0,5.0,5.0,0.5
1098,4387.5,0.0,-1e+30,-1e+30,1601.8906,7902.68,32.59356,0.009878584,0.0,0.0,5.0,5.0,0.5
1099,4875.0,0.0,-1e+30,-1e+30,1601.8906,9495.303,39.268883,0.009504089,0.0,0.0,5.0,5.0,0.5
1100,4387.5,0.0,-1e+30,-1e+30,1601.8906,6743.295,34.189583,0.009967221,0.0,0.0,5.0,5.0,0.5
1101,4387.5,0.0,-1e+30,-1e+30,1601.8906,6262.2056,32.059635,0.009973215,0.0,0.0,5.0,5.0,0.5
1102,4875.0,0.0,-1e+30,-1e+30,1601.8906,7615.849,35.500233,0.009236494,0.0,0.0,5.0,5.0,0.5
1103,5362.5,0.0,-1e+30,-1e+30,1601.8906,9893.567,42.799973,0.008629299,0.0,0.0,5.0,5.0,0.5
1104,4875.0,0.0,-1e+30,-1e+30,1601.8906,7190.6953,36.085686,0.009405094,0.0,0.0,5.0,5.0,0.5
1105,5362.5,0.0,-1e+30,-1e+30,1601.8906,8938.859,40.721287,0.009062756,0.0,0.0,5.0,5.0,0.5
1106,5362.5,0.0,-1e+30,-1e+30,1601.8906,9123.139,42.192196,0.0091536,0.0,0.0,5.0,5.0,0.5
1107,4875.0,0.0,-1e+30,-1e+30,1601.8906,8438.993,42.618824,0.009809901,0.0,0.0,5.0,5.0,0.5
1108,3900.0,0.0,-1e+30,-1e+30,1603.9688,9059.451,43.48449,0.004776312,0.0,0.0,5.0,5.0,0.5
1109,3412.5,0.0,-1e+30,-1e+30,1603.9688,15088.221,52.33437,0.004008487,0.0,0.0,5.0,5.0,0.5
1110,1950.0,0.0,-1e+30,-1e+30,1603.9688,9378.241,45.91696,0.0041835075,0.0,0.0,5.0,5.0,0.5
1111,1950.0,0.0,-1e+30,-1e+30,1603.9688,10226.028,47.601574,0.003921379,0.0,0.0,5.0,5.0,0.5
1112,975.0,0.0,-1e+30,-1e+30,1603.9688,11359.686,50.436398,0.0034113445,0.0,0.0,5.0,5.0,0.5
1113,975.0,0.0,-1e+30,-1e+30,1603.9688,20832.191,52.292133,0.10500086,0.0,0.0,5.0,5.0,0.5
1116,1950.0,0.0,-1e+30,-1e+30,1601.8906,16748.848,19.647919,0.017227527,0.0,0.0,5.0,5.0,0.5
1117,2437.5,0.0,-1e+30,-1e+30,1601.8906,18306.064,24.56289,0.013946603,0.0,0.0,5.0,5.0,0.5
1118,2925.0,0.0,-1.0000000000000002e+30,-9.999999999999999e+29,1601.8906,20846.207,29.902142,0.0118018575,0.0,-9413204604155.045,5.0,5.0,0.5
1119,3900.0,0.0,-1e+30,-1e+30,1601.8906,26911.773,36.097794,0.009132943,0.0,0.0,5.0,5.0,0.5
1120,4387.5,0.0,-1e+30,-1e+30,1601.8906,34146.21,42.19261,0.008276726,0.0,0.0,5.0,5.0,0.5
1121,2437.5,0.0,-1e+30,-1e+30,1601.8906,4821.133,17.274921,0.0138326865,0.0,0.0,5.0,5.0,0.5
1122,2925.0,0.0,-1.0000000000000002e+30,-9.999999999999999e+29,1601.8906,5119.464,20.659159,0.0124885095,0.0,-13624706635311.67,5.0,5.0,0.5
1123,3412.5,0.0,-1e+30,-1e+30,1601.8906,7061.9873,26.319817,0.010905826,0.0,0.0,5.0,5.0,0.5
1124,3900.0,0.0,-1e+30,-1e+30,1601.8906,8531.678,32.766,0.009967962,0.0,0.0,5.0,5.0,0.5
1125,3412.5,0.0,-1e+30,-1e+30,1601.8906,5080.7554,25.439674,0.01112055,0.0,0.0,5.0,5.0,0.5
1126,3412.5,0.0,-1e+30,-1e+30,1601.8906,5232.2583,25.659645,0.010642299,0.0,0.0,5.0,5.0,0.5
1127,3900.0,0.0,-1e+30,-1e+30,1601.8906,5802.3623,27.662579,0.010000577,0.0,0.0,5.0,5.0,0.5
1128,4387.5,0.0,-1e+30,-1e+30,1601.8906,8262.319,34.11659,0.009122718,0.0,0.0,5.0,5.0,0.5
1129,3900.0,0.0,-1e+30,-1e+30,1601.8906,5455.129,28.29981,0.010350058,0.0,0.0,5.0,5.0,0.5
1130,4387.5,0.0,-1e+30,-1e+30,1601.8906,7377.2075,33.366432,0.009579748,0.0,0.0,5.0,5.0,0.5
1131,4387.5,0.0,-1e+30,-1e+30,1601.8906,6219.7314,32.625893,0.010066384,0.0,0.0,5.0,5.0,0.5
1132,4875.0,0.0,-1e+30,-1e+30,1601.8906,9168.646,40.952984,0.0091082575,0.0,0.0,5.0,5.0,0.5
1133,4875.0,0.0,-1e+30,-1e+30,1601.8906,7766.514,37.919064,0.009374611,0.0,0.0,5.0,5.0,0.5
1134,3412.5,0.0,-1e+30,-1e+30,1603.9688,12793.868,45.59687,0.0035606264,0.0,0.0,5.0,5.0,0.5
1135,3412.5,0.0,-1e+30,-1e+30,1603.9688,14723.685,47.836254,0.0039570266,0.0,0.0,5.0,5.0,0.5
1136,1950.0,0.0,-1e+30,-1e+30,1603.9688,8577.201,41.324673,0.003996089,0.0,0.0,5.0,5.0,0.5
1137,1950.0,0.0,-1e+30,-1e+30,1603.9688,9912.538,44.511723,0.0040108557,0.0,0.0,5.0,5.0,0.5
1138,975.0,0.0,-1e+30,-1e+30,1603.9688,10025.636,45.558464,0.0034412437,0.0,0.0,5.0,5.0,0.5
1139,487.5,0.0,-1e+30,-1e+30,1603.9688,36460.95,48.64205,0.0028544357,0.0,0.0,5.0,5.0,0.5
1140,2437.5,0.0,-1e+30,-1e+30,1601.8906,30917.06,21.779593,0.013337548,0.0,0.0,5.0,5.0,0.5
1141,2437.5,0.0,-1e+30,-1e+30,1601.8906,32186.63,26.616903,0.012970599,0.0,0.0,5.0,5.0,0.5
1142,2925.0,0.0,-1.0000000000000002e+30,-9.999999999999999e+29,1601.8906,38898.234,31.966291,0.0106936805,0.0,-8805368534790.979,5.0,5.0,0.5
1146,2437.5,0.0,-1e+30,-1e+30,1601.8906,6194.3833,19.90874,0.012435114,0.0,0.0,5.0,5.0,0.5
1147,2925.0,0.0,-1.0000000000000002e+30,-9.999999999999999e+29,1601.8906,7193.326,25.127499,0.011217486,0.0,-11201870146018.65,5.0,5.0,0.5
1148,2437.5,0.0,-1e+30,-1e+30,1601.8906,3800.214,17.090853,0.012905638,0.0,0.0,5.0,5.0,0.5
1149,2925.0,0.0,-1.0000000000000002e+30,-9.999999999999999e+29,1601.8906,4951.048,22.65361,0.011179518,0.0,-12425170816447.195,5.0,5.0,0.5
1150,2925.0,0.0,-1.0000000000000002e+30,-9.999999999999999e+29,1601.8906,4516.8154,19.701622,0.010841436,0.0,-14286893565317.19,5.0,5.0,0.5
1151,3412.5,0.0,-1e+30,-1e+30,1601.8906,5889.5527,24.680922,0.010058245,0.0,0.0,5.0,5.0,0.5
1152,2925.0,0.0,-1.0000000000000002e+30,-9.999999999999999e+29,1601.8906,4536.0845,21.870646,0.011151571,0.0,-12869989430066.377,5.0,5.0,0.5
1153,3412.5,0.0,-1e+30,-1e+30,1601.8906,4790.3853,22.830463,0.010350908,0.0,0.0,5.0,5.0,0.5
1154,3900.0,0.0,-1e+30,-1e+30,1601.8906,7631.6465,30.569214,0.009479042,0.0,0.0,5.0,5.0,0.5
1155,3900.0,0.0,-1e+30,-1e+30,1601.8906,6248.375,29.680296,0.010005799,0.0,0.0,5.0,5.0,0.5
1156,3900.0,0.0,-1e+30,-1e+30,1601.8906,6879.729,31.614555,0.009594383,0.0,0.0,5.0,5.0,0.5
1157,4387.5,0.0,-1e+30,-1e+30,1601.8906,7185.8887,33.225014,0.009535387,0.0,0.0,5.0,5.0,0.5
1158,3900.0,0.0,-1e+30,-1e+30,1601.8906,12567.362,40.999275,0.009750079,0.0,0.0,5.0,5.0,0.5
1159,3412.5,0.0,-1e+30,-1e+30,1603.9688,14510.444,43.777687,0.003844591,0.0,0.0,5.0,5.0,0.5
1160,1950.0,0.0,-1e+30,-1e+30,1603.9688,7986.304,36.571766,0.0039525395,0.0,0.0,5.0,5.0,0.5
1161,975.0,0.0,-1e+30,-1e+30,1603.9688,8752.389,39.35064,0.0033514816,0.0,0.0,5.0,5.0,0.5
1162,975.0,0.0,-1e+30,-1e+30,1603.9688,9307.528,40.544662,0.003465448,0.0,0.0,5.0,5.0,0.5
1169,1950.0,0.0,-1e+30,-1e+30,1601.8906,3576.1765,15.762363,0.0141356345,0.0,0.0,5.0,5.0,0.5
1171,2437.5,0.0,-1e+30,-1e+30,1601.8906,4573.677,17.820786,0.011651946,0.0,0.0,5.0,5.0,0.5
1172,2925.0,0.0,-1.0000000000000002e+30,-9.999999999999999e+29,1601.8906,6494.667,23.539791,0.0102446405,0.0,-11957411832122.371,5.0,5.0,0.5
1173,2437.5,0.0,-1e+30,-1e+30,1601.8906,3619.3635,16.280785,0.011911927,0.0,0.0,5.0,5.0,0.5
1174,2925.0,0.0,-1.0000000000000002e+30,-9.999999999999999e+29,1601.8906,5532.494,22.153105,0.010786511,0.0,-12705892897596.656,5.0,5.0,0.5
1175,2925.0,0.0,-1.0000000000000002e+30,-9.999999999999999e+29,1601.8906,4216.202,20.867615,0.011012991,0.0,-13488603280034.479,5.0,5.0,0.5
1176,3412.5,0.0,-1e+30,-1e+30,1601.8906,6224.121,26.110935,0.009896004,0.0,0.0,5.0,5.0,0.5
1177,3412.5,0.0,-1e+30,-1e+30,1601.8906,5964.232,26.70768,0.00996604,0.0,0.0,5.0,5.0,0.5
1178,3900.0,0.0,-1e+30,-1e+30,1601.8906,6180.201,28.19454,0.010042319,0.0,0.0,5.0,5.0,0.5
1179,3900.0,0.0,-1e+30,-1e+30,1601.8906,12193.015,36.409016,0.009843204,0.0,0.0,5.0,5.0,0.5
1180,2437.5,0.0,-1e+30,-1e+30,1603.9688,6021.7095,30.184284,0.0045820586,0.0,0.0,5.0,5.0,0.5
1181,1950.0,0.0,-1e+30,-1e+30,1603.9688,7068.4824,31.635582,0.0039075906,0.0,0.0,5.0,5.0,0.5
1182,975.0,0.0,-1e+30,-1e+30,1603.9688,7709.0435,34.322575,0.003362009,0.0,0.0,5.0,5.0,0.5
1183,975.0,0.0,-1e+30,-1e+30,1603.9688,8195.489,35.54614,0.0034654476,0.0,0.0,5.0,5.0,0.5
1192,2437.5,0.0,-1e+30,-1e+30,1601.8906,5784.0195,19.809753,0.011235339,0.0,0.0,5.0,5.0,0.5
1193,2437.5,0.0,-1e+30,-1e+30,1601.8906,4440.479,18.669184,0.011936274,0.0,0.0,5.0,5.0,0.5
1194,2925.0,0.0,-1.0000000000000002e+30,-9.999999999999999e+29,1601.8906,5764.7607,22.218275,0.010547533,0.0,-12668624176334.113,5.0,5.0,0.5
1195,2925.0,0.0,-1.0000000000000002e+30,-9.999999999999999e+29,1601.8906,5262.8574,21.85666,0.010800633,0.0,-12878224113641.277,5.0,5.0,0.5
1196,3412.5,0.0,-1e+30,-1e+30,1601.8906,7253.729,26.694086,0.0102706775,0.0,0.0,5.0,5.0,0.5
1197,3900.0,0.0,-1e+30,-1e+30,1601.8906,12095.925,31.95202,0.009858949,0.0,0.0,5.0,5.0,0.5
1198,1950.0,0.0,-1e+30,-1e+30,1603.9688,5193.146,25.212307,0.004382545,0.0,0.0,5.0,5.0,0.5
1199,1950.0,0.0,-1e+30,-1e+30,1603.9688,6709.584,27.587152,0.0039100926,0.0,0.0,5.0,5.0,0.5
1200,975.0,0.0,-1e+30,-1e+30,1603.9688,6916.281,29.286402,0.0033791438,0.0,0.0,5.0,5.0,0.5
1201,975.0,0.0,-1e+30,-1e+30,1603.9688,7047.884,30.189156,0.0033588589,0.0,0.0,5.0,5.0,0.5
1210,2437.5,0.0,-1e+30,-1e+30,1601.8906,5282.854,19.132534,0.011382405,0.0,0.0,5.0,5.0,0.5
1211,2437.5,0.0,-1e+30,-1e+30,1601.8906,4250.454,18.168919,0.011872729,0.0,0.0,5.0,5.0,0.5
1212,2925.0,0.0,-1.0000000000000002e+30,-9.999999999999999e+29,1601.8906,8534.901,24.475216,0.010391514,0.0,-11500408320165.256,5.0,5.0,0.5
1213,2437.5,0.0,-1e+30,-1e+30,1601.8906,4265.745,19.578213,0.013300076,0.0,0.0,5.0,5.0,0.5
1214,2437.5,0.0,-1e+30,-1e+30,1601.8906,4670.1724,20.535809,0.014256097,0.0,0.0,5.0,5.0,0.5
1215,975.0,0.0,-1e+30,-1e+30,1603.9688,5702.0566,23.650558,0.0033504667,0.0,0.0,5.0,5.0,0.5
1216,975.0,0.0,-1e+30,-1e+30,1603.9688,5701.4565,24.152964,0.003446398,0.0,0.0,5.0,5.0,0.5
1217,975.0,0.0,-1e+30,-1e+30,1603.9688,10456.442,25.74387,0.007165719,0.0,0.0,5.0,5.0,0.5
1225,2437.5,0.0,-1e+30,-1e+30,1601.8906,8462.169,20.139715,0.011429441,0.0,0.0,5.0,5.0,0.5
1227,2437.5,0.0,-1e+30,-1e+30,1601.8906,3981.6724,15.902228,0.014075732,0.0,0.0,5.0,5.0,0.5
1228,1462.5,0.0,-1.0000000000000002e+30,-1.0000000000000002e+30,1601.8906,4819.965,18.471966,0.023095794,0.0,0.0,5.0,5.0,0.5
1229,975.0,0.0,-1e+30,-1e+30,1603.9688,4894.8755,19.200695,0.0035377722,0.0,0.0,5.0,5.0,0.5
1230,975.0,0.0,-1e+30,-1e+30,1603.9688,13635.319,21.43199,0.111405686,0.0,0.0,5.0,5.0,0.5
1236,1950.0,0.0,-1e+30,-1e+30,1601.8906,9122.716,18.243279,0.013253986,0.0,0.0,5.0,5.0,0.5
1240,1462.5,0.0,-1.0000000000000002e+30,-1.0000000000000002e+30,1601.9062,3984.1047,14.296682,0.028536046,0.0,0.0,5.0,5.0,0.5
1248,1462.5,0.0,-1.0000000000000002e+30,-9.999999999999999e+29,1601.9531,3447.4888,9.645556,0.028356573,0.0,-29181828769854.125,5.0,5.0,0.5
