particleid,tot_vol_ft,hypvol_ft,head_strt,head_end,z_elevation,total_residence_time_days,total_length_ft,particle_velocity_ft_per_day,flow_rate_cubic_ft_per_day,hydraulic_gradient,x_cell_size_ft,y_cell_size_ft,z_cell_size_ft
6,1023.7945556640625,2519.1131591796875,1600.78964,1600.7883900000002,1600.125,583.449,4.958011,0.10826491,122299.43645752834,0.0002521172223884817,5.0,5.0,0.5
7,1535.400390625,2535.8551025390625,1600.7861300000002,1600.7845033333333,1599.875,493.4704,12.491938,0.052469213,81288.86722134986,0.00013021732209252568,5.0,5.0,0.5
11,1023.223876953125,2485.9954833984375,1600.77795,1600.776975,1599.8438,694.7501,7.886467,0.027812578,120681.84463775255,0.00012362950385778448,5.0,5.0,0.5
15,1536.3800048828125,2631.8450927734375,1600.8067433333333,1600.7975666666669,1600.1562,942.29834,13.204795,0.11772692,83618.86631192136,0.0006949495806080829,5.0,5.0,0.5
16,1536.04736328125,2573.162841796875,1600.79787,1600.79313,1599.9844,142.80498,8.529406,0.10332525,82510.72408157287,0.0005557245399947795,5.0,5.0,0.5
17,1535.7147216796875,2582.757568359375,1600.7913016666669,1600.7886966666667,1599.875,318.87674,11.987319,0.065024845,82031.80365745544,0.00021731297896847846,5.0,5.0,0.5
18,511.9232177734375,2466.7449951171875,1600.78943,1600.78943,1599.8594,1.0,0.07590927,0.07590927,244232.1777350921,0.0,5.0,5.0,0.5
19,1023.590087890625,2508.1298828125,1600.78546,1600.7843,1599.8438,95.01975,3.7050076,0.047534645,121767.14212872485,0.00031308978008867417,5.0,5.0,0.5
20,2046.636962890625,2545.4254150390625,1600.7800575,1600.7788675000002,1599.8438,1123.6014,15.133953,0.02436068,60615.85859100251,7.86311410192787e-05,5.0,5.0,0.5
21,1023.284912109375,2516.30859375,1600.7793000000001,1600.7782000000002,1599.8438,595.72894,9.179759,0.03218241,120987.27454538629,0.00011982885355560863,5.0,5.0,0.5
27,2049.3896484375,2725.2838134765625,1600.81540125,1600.8063975,1600.1562,2165.26,20.907936,0.12272233,63777.15812771676,0.00043063791464141425,5.0,5.0,0.5
28,2049.1607666015625,2680.74951171875,1600.81005875,1600.8041075,1599.9688,214.86641,16.740082,0.10825507,63303.027924539376,0.0003555090157645175,5.0,5.0,0.5
29,2048.2666015625,2662.469482421875,1600.79861375,1600.795165,1599.875,411.7875,19.00839,0.07771844,62275.50967670765,0.00018143303680930086,5.0,5.0,0.5
30,1023.980712890625,2548.089599609375,1600.79584,1600.792115,1599.875,237.18488,11.50255,0.076754674,123718.81707672302,0.0003238412316844179,5.0,5.0,0.5
31,2046.8994140625,2596.441650390625,1600.78321625,1600.7814925,1599.875,1618.7377,27.777092,0.035780974,61272.00435654733,6.205653209216886e-05,5.0,5.0,0.5
32,2046.88720703125,2611.3983154296875,1600.7832612500001,1600.78137,1599.8594,1197.7709,21.4794,0.032901544,61043.13463845729,8.804947737404539e-05,5.0,5.0,0.5
33,1535.07080078125,2573.73046875,1600.7814366666669,1600.7801133333335,1599.8438,817.503,15.392823,0.030515028,80953.32923774484,8.597080045352988e-05,5.0,5.0,0.5
34,1023.37646484375,2495.703125,1600.78174,1600.78003,1599.8438,446.60028,7.991834,0.034005858,121154.95550388991,0.00021396840387118414,5.0,5.0,0.5
35,1534.771728515625,2510.968017578125,1600.7769366666664,1600.7761233333333,1599.8906,7653.9663,18.746603,0.031542834,80485.0933596115,4.3385638057974544e-05,5.0,5.0,0.5
36,1023.150634765625,2483.148193359375,1600.77686,1600.7755149999998,1599.875,7464.2817,8.262515,0.10040491,120544.50478277942,0.00016278336427230715,5.0,5.0,0.5
38,3077.630615234375,2929.1748046875,1600.8410258333333,1600.8300383333335,1600.1562,3727.592,33.62353,0.20584075,44591.47427347492,0.00032678007221239376,5.0,5.0,0.5
39,2563.3819580078125,2876.5350341796875,1600.830689,1600.819556,1600.1562,2255.1345,28.51558,0.119945504,52987.640733536995,0.0003904181609870946,5.0,5.0,0.5
40,2562.90283203125,2801.6510009765625,1600.824941,1600.815724,1600.0312,543.9929,23.209326,0.111661136,52027.294921554385,0.0003971248490055415,5.0,5.0,0.5
41,1536.85302734375,2723.47412109375,1600.8049916666666,1600.8038733333333,1599.875,434.83264,25.527853,0.085319124,85828.11907310491,4.380835837712485e-05,5.0,5.0,0.5
42,512.7593994140625,2551.1993408203125,1600.82288,1600.82288,1599.9844,1.0,0.1507709,0.1507709,252593.99414136662,0.0,5.0,5.0,0.5
43,2047.4334716796875,2650.91552734375,1600.78855625,1600.7868325,1599.875,1672.6559,34.616486,0.044160437,62607.14518636774,4.9795638420444494e-05,5.0,5.0,0.5
44,2047.186279296875,2592.9412841796875,1600.7864675,1600.7843625,1599.875,1403.4666,28.935919,0.04197503,61790.59687330875,7.274695557439495e-05,5.0,5.0,0.5
46,2046.673583984375,2558.795166015625,1600.7811299999998,1600.7792375,1599.875,18935.324,24.868765,0.030177332,60943.731769099664,7.609947696541565e-05,5.0,5.0,0.5
47,2046.5850830078125,2525.4791259765625,1600.780245,1600.7783525,1599.875,33202.7,21.052496,0.056241974,60722.379844533854,8.989432910270662e-05,5.0,5.0,0.5
54,3592.3126220703125,3026.873779296875,1600.8506571428572,1600.8400014285714,1600.1562,2899.8862,40.06671,0.12048169,38834.98627717542,0.00026594931070252976,5.0,5.0,0.5
55,3592.034912109375,2971.64306640625,1600.8482764285714,1600.8384142857142,1600.0938,1301.521,35.342346,0.10429023,38436.61063765845,0.0002790460713548013,5.0,5.0,0.5
56,3076.4739990234375,2924.859619140625,1600.8318891666668,1600.8223266666666,1599.9688,340.57068,31.505516,0.10966489,44511.533716803126,0.0003035182786490945,5.0,5.0,0.5
57,1026.96533203125,2725.69580078125,1600.85651,1600.85181,1600.0,80.631355,9.456978,0.13596699,131090.7883101057,0.0004969875236672937,5.0,5.0,0.5
58,1537.95166015625,2746.42333984375,1600.8244033333333,1600.8185233333334,1599.875,542.9145,31.088932,0.10260645,86518.59675235715,0.00018913483399393924,5.0,5.0,0.5
59,2047.8424072265625,2692.626953125,1600.79264625,1600.7909225,1599.875,1666.7659,41.061623,0.05204577,63629.46345522027,4.1979587992676425e-05,5.0,5.0,0.5
60,2047.6776123046875,2692.0196533203125,1600.79116625,1600.789275,1599.875,1266.7274,34.90168,0.05161327,63019.477881899176,5.418793594945465e-05,5.0,5.0,0.5
61,2559.02099609375,2631.109619140625,1600.787868,1600.78467,1599.875,9142.489,36.032192,0.043837108,49695.03064454595,8.875396699292003e-05,5.0,5.0,0.5
62,2558.868408203125,2590.850830078125,1600.786646,1600.783448,1599.875,88928.375,33.5009,0.05146142,49389.71337743129,9.546012120495316e-05,5.0,5.0,0.5
71,4107.3638916015625,3091.351318359375,1600.859566875,1600.84932,1600.125,1698.6227,42.759014,0.1001132,34440.48072690532,0.00023964245220496613,5.0,5.0,0.5
72,3592.5445556640625,3034.2010498046875,1600.8514664285715,1600.8413257142856,1600.0312,513.0309,37.377075,0.101690546,38941.79554909597,0.0002713083951289252,5.0,5.0,0.5
73,1541.5313720703125,2864.666748046875,1600.875041666667,1600.8662533333334,1600.0,126.34332,15.949926,0.13506866,90223.46313702369,0.0005509952288291594,5.0,5.0,0.5
74,2565.771484375,2864.202880859375,1600.84584,1600.838674,1599.875,625.5906,38.645313,0.11114581,53207.01045465239,0.00018542998865381813,5.0,5.0,0.5
75,2048.74267578125,2784.454345703125,1600.80164875,1600.799925,1599.875,1638.3082,47.36546,0.05324381,65880.59980531156,3.639255314283409e-05,5.0,5.0,0.5
76,2048.2818603515625,2753.6529541015625,1600.79720875,1600.7953175,1599.875,1337.5479,42.014797,0.058192074,64529.991328037104,4.501390285159173e-05,5.0,5.0,0.5
77,2559.716796875,2702.081298828125,1600.793434,1600.790236,1599.875,52714.97,44.188488,0.05127155,51086.77855081299,7.23717905760171e-05,5.0,5.0,0.5
78,2559.344482421875,2630.389404296875,1600.7909439999999,1600.7872579999998,1599.875,191388.06,41.040035,0.052532088,50170.95041641718,8.98147376765085e-05,5.0,5.0,0.5
86,11390.811157226562,4328.7017822265625,-1.3636363636363635e+29,-4.545454545454546e+28,1600.1406,29919.535,119.77668,1.133546,16299.213482227013,-7.589882347269093e+26,5.0,5.0,0.5
87,10840.460205078125,4265.850830078125,-1.4285714285714285e+29,-9.523809523809524e+28,1600.25,33205.32,116.298584,21.431147,17405.008239643696,-4.0945509384228916e+26,5.0,5.0,0.5
88,5110.29052734375,3128.6346435546875,-1.5e+29,-1.0000000000000001e+29,1600.1562,11900.715,53.29369,113.62654,28922.66424592997,-9.381973786276212e+26,5.0,5.0,0.5
89,4108.1512451171875,3145.4010009765625,1600.863518125,1600.85325625,1600.0625,870.93604,45.07004,0.10744193,34768.33866740463,0.0002276872756892735,5.0,5.0,0.5
90,2570.9136962890625,2961.5386962890625,1600.888711,1600.879812,1600.0,200.68687,23.573181,0.1270928,54970.852515886145,0.0003775052650995764,5.0,5.0,0.5
91,3078.7750244140625,2987.14599609375,1600.8472208333333,1600.8376683333333,1599.875,592.74133,43.15801,0.101147376,45472.92091087903,0.00022133783080443615,5.0,5.0,0.5
92,3075.3387451171875,2931.927490234375,1600.8196908333332,1600.8147583333332,1599.875,1604.046,53.841522,0.06869797,44669.05536436197,9.161145147669242e-05,5.0,5.0,0.5
93,3073.760986328125,2829.72412109375,1600.8086966666667,1600.8042416666667,1599.875,31715.854,54.972965,0.065927334,44240.729572933655,8.103983440803791e-05,5.0,5.0,0.5
94,2560.247802734375,2747.613525390625,1600.79817,1600.794484,1599.875,485018.5,52.787193,0.051578093,51977.834730963295,6.982754281296464e-05,5.0,5.0,0.5
95,2560.1593017578125,2691.6290283203125,1600.797854,1600.793776,1599.875,498898.62,48.95674,0.047199313,51379.4052211338,8.329802778736765e-05,5.0,5.0,0.5
97,1569.580078125,3712.7197265625,1601.240355,1601.2402333333332,1600.2031,6520.536,10.482145,0.021115163,118998.23367780005,1.1607038741476162e-05,5.0,5.0,0.5
101,11913.995361328125,4443.5760498046875,-6.521739130434782e+28,-4.347826086956522e+28,1600.1562,25168.014,124.10389,9.040086,15926.089993009822,-1.7516880839464223e+26,5.0,5.0,0.5
102,11390.811157226562,4382.6324462890625,-9.090909090909092e+28,-4.545454545454546e+28,1600.1406,23635.725,119.49995,3.1949663,16858.172261166994,-3.8037293530252556e+26,5.0,5.0,0.5
103,10867.636108398438,4292.718505859375,-1.4285714285714285e+29,-4.761904761904762e+28,1600.125,23213.787,115.33743,0.6819972,17033.355842845787,-8.25734480778685e+26,5.0,5.0,0.5
104,10317.28515625,4229.559326171875,-1.5e+29,-1.0000000000000001e+29,1600.2031,27562.672,111.76311,11.055687,18037.47715547802,-4.473748199025544e+26,5.0,5.0,0.5
105,8252.874755859375,4087.237548828125,-1.875e+29,-1.25e+29,1600.2812,44226.688,108.82377,0.14388561,22299.226970425225,-5.7432306191030125e+26,5.0,5.0,0.5
106,5626.6632080078125,3257.2998046875,-1.3636363636363635e+29,-9.090909090909092e+28,1600.1562,10749.475,58.057926,41.268784,26627.968052103555,-7.829171389140391e+26,5.0,5.0,0.5
107,5134.429931640625,3308.10546875,1600.859998,1600.8502199999998,1599.875,810.07367,56.88509,0.12421329,28666.72348977932,0.00017189038501492831,5.0,5.0,0.5
108,3081.622314453125,3069.3389892578125,1600.8663141666666,1600.85665,1599.875,776.87366,53.820683,0.12413168,46829.918387648824,0.00017956232089865788,5.0,5.0,0.5
109,4105.426025390625,3087.8997802734375,1600.847045,1600.83963,1599.875,1654.3022,60.976734,0.10023029,34758.69744280749,0.00012160375759733555,5.0,5.0,0.5
110,3074.456787109375,2900.69580078125,1600.813335,1600.8088799999998,1599.875,38485.684,62.330128,0.065546826,45400.3401520958,7.147426394710213e-05,5.0,5.0,0.5
111,3074.9176025390625,2845.8404541015625,1600.8190533333334,1600.8119516666666,1599.875,498539.34,60.998066,0.0553977,44932.15767242925,0.00011642445635588415,5.0,5.0,0.5
113,1046.405029296875,3677.6611328125,1601.2406600000002,1601.2405999999999,1600.2031,1369.0573,3.732926,0.02909101,178528.00663548885,1.6073182817220374e-05,5.0,5.0,0.5
114,1046.392822265625,3677.032470703125,1601.2404174999997,1601.240355,1600.1875,2067.3818,4.306567,0.022440258,178497.35856030654,1.4512719063186633e-05,5.0,5.0,0.5
116,12973.995971679688,4614.404296875,1601.0845444,1601.0708944,1600.1562,13815.448,125.867065,0.15571357,14286.432923049073,0.00010844774964182922,5.0,5.0,0.5
117,12450.74462890625,4578.0731201171875,1601.0785179166667,1601.0637420833334,1600.1562,11053.038,121.35047,0.11925269,14871.168759798236,0.0001217616474912218,5.0,5.0,0.5
118,11404.67529296875,4471.1181640625,1601.0649452272728,1601.0482740909092,1600.1406,12038.724,116.825386,0.33776295,16235.537461344195,0.0001427013162774851,5.0,5.0,0.5
119,10881.509399414062,4384.5489501953125,-4.761904761904762e+28,1601.0391852380953,1600.1406,15507.936,112.2326,12.667053,17537.064337015392,-4.2428892089248115e+26,5.0,5.0,0.5
120,10308.795166015625,4219.83642578125,-1.7500000000000002e+29,-1.0000000000000001e+29,1600.125,19960.049,108.15231,26.449322,17888.00064874338,-6.934664433743848e+26,5.0,5.0,0.5
121,8217.208862304688,4050.030517578125,-2.5e+29,-1.875e+29,1600.25,41705.832,104.082794,24.137838,22287.55168900185,-6.004834947670269e+26,5.0,5.0,0.5
122,5656.9671630859375,3481.3262939453125,1600.900165,1600.8832909090909,1600.1094,7997.3984,62.491764,3.097994,27824.772788871243,0.00027002103654197963,5.0,5.0,0.5
123,3598.64501953125,3272.662353515625,1600.8864857142858,1600.8761871428574,1599.875,545.8798,53.747795,0.15864225,42558.30378813682,0.00019160918895887665,5.0,5.0,0.5
124,3593.9666748046875,3143.4295654296875,1600.8561300000001,1600.8494514285715,1599.875,1807.5046,69.18283,0.10657329,41199.59850878973,9.653509910506717e-05,5.0,5.0,0.5
125,3589.6392822265625,3017.4102783203125,1600.8320485714285,1600.8247257142855,1599.9688,5850.963,75.00448,0.07063433,40575.49872847653,9.763226535085318e-05,5.0,5.0,0.5
126,1569.6380615234375,3750.93994140625,1601.241173333333,1601.24101,1600.2031,4780.483,13.421836,0.028659604,119079.63471237842,1.2169224417071225e-05,5.0,5.0,0.5
127,1569.61669921875,3750.29296875,1601.2408833333332,1601.24072,1600.2031,4557.467,12.258333,0.019550977,119059.30415358668,1.3324269327744265e-05,5.0,5.0,0.5
128,1046.405029296875,3677.6611328125,1601.2406600000002,1601.2405999999999,1600.1875,1453.7458,4.0652905,0.022289809,178527.8953125709,1.4759093114187634e-05,5.0,5.0,0.5
129,12974.127197265625,4615.899658203125,1601.0841104,1601.0711048,1600.1562,13560.847,129.28267,0.10323173,14281.50258506512,0.00010059817061220838,5.0,5.0,0.5
130,12450.927734375,4578.6590576171875,1601.0775695833333,1601.0640475,1600.1562,12011.071,124.08442,0.10725231,14870.206794035372,0.00010897486900455166,5.0,5.0,0.5
131,11927.749633789062,4542.6727294921875,1601.0705186956523,1601.0564139130436,1600.1562,8202.17,118.53262,0.11161316,15515.403713030553,0.00011899494178960269,5.0,5.0,0.5
132,11404.568481445312,4505.7586669921875,1601.0628040909091,1601.0480804545455,1600.1406,6311.0547,113.529076,0.1165456,16215.224241533515,0.0001296904452267356,5.0,5.0,0.5
133,10881.167602539062,4469.4183349609375,1601.0547438095236,1601.0385342857144,1600.1406,5118.3784,109.98284,0.12610605,16986.50188108208,0.00014738229699665917,5.0,5.0,0.5
134,9835.16845703125,4361.6455078125,1601.037370263158,1601.0181184210528,1600.125,9000.17,105.48283,1.5087762,18890.664100184542,0.00018251162575667497,5.0,5.0,0.5
135,8747.808837890625,4092.205810546875,-2.058823529411765e+29,-1.1764705882352942e+29,1600.2031,30008.693,99.82853,98.00809,22505.68744407094,-8.838685161964226e+26,5.0,5.0,0.5
136,6176.57470703125,3725.9002685546875,1600.9225629166667,1600.9010833333334,1600.1562,9205.625,70.271935,8.853228,27602.81883772025,0.00030566375443196386,5.0,5.0,0.5
137,3093.9666748046875,3403.5858154296875,1600.952405,1600.9389466666669,1600.0469,260.66766,40.763523,0.21902739,51616.88766007291,0.0003301562845661597,5.0,5.0,0.5
138,3080.0079345703125,3297.5311279296875,1600.8522441666667,1600.8458866666667,1599.875,1557.9312,74.708244,0.1214008,50625.00811419146,8.509770317146173e-05,5.0,5.0,0.5
139,3591.8853759765625,3098.0865478515625,1600.846872857143,1600.83756,1599.875,497684.53,79.93668,0.06721218,41695.919481882556,0.00011650292102656344,5.0,5.0,0.5
140,2092.901611328125,3755.0201416015625,1601.2421575,1601.2415175,1600.3125,3788.281,14.74673,0.028602786,89408.94369649037,4.339945238383783e-05,5.0,5.0,0.5
141,2092.8680419921875,3824.5147705078125,1601.24144,1601.24118,1600.2031,6840.465,21.856245,0.01916119,89363.54909441022,1.1895913480985318e-05,5.0,5.0,0.5
142,1569.6563720703125,3752.4871826171875,1601.2415183333333,1601.2412533333334,1600.2031,3747.3022,12.787991,0.019078458,119130.53150004814,2.072256766591883e-05,5.0,5.0,0.5
143,14020.556640625,4689.776611328125,1601.0957611111112,1601.0836962962962,1600.1562,15734.836,137.38435,0.09607409,13232.661726955748,8.781796831657656e-05,5.0,5.0,0.5
144,12974.142456054688,4653.1402587890625,1601.0841348,1601.0711292,1600.1562,13340.73,130.86311,0.10324611,14287.625828503556,9.938323842052877e-05,5.0,5.0,0.5
145,12450.946044921875,4615.5914306640625,1601.0776081249999,1601.0640783333336,1600.1562,10293.905,124.574715,0.10725552,14875.15576621608,0.00010860784793424185,5.0,5.0,0.5
146,10890.0634765625,4507.6202392578125,1601.0704442857143,1601.055479047619,1600.1562,5056.568,115.69944,0.119344674,16996.157785800373,0.00012934581269375783,5.0,5.0,0.5
147,10366.668701171875,4471.307373046875,1601.06114325,1601.0458385,1600.1562,3775.6338,110.25864,0.14324157,17841.761293292227,0.00013880772055044943,5.0,5.0,0.5
148,9843.707275390625,4433.1817626953125,1601.0525715789474,1601.036095263158,1600.1406,2818.414,105.810875,0.13061972,18768.710986940452,0.00015571476749470518,5.0,5.0,0.5
149,9835.07080078125,4394.44580078125,1601.0348715789473,1601.0179131578946,1600.1406,2929.4277,102.42109,0.16495097,18755.961261983022,0.00016557548049736325,5.0,5.0,0.5
150,8788.894653320312,4285.748291015625,1601.0136620588235,1600.9922529411765,1600.1406,8627.77,98.27233,2.6181705,21176.556834641422,0.00021785498906247945,5.0,5.0,0.5
151,8265.792846679688,4185.3729248046875,-6.25e+28,1600.976983125,1600.1562,14026.821,92.93188,81.75903,25627.698155006256,-6.72535645743819e+26,5.0,5.0,0.5
152,7693.2861328125,4034.36279296875,-1.6666666666666666e+29,-1.3333333333333333e+29,1600.25,16407.566,87.77773,9.2127905,25415.324311223038,-3.797470298148295e+26,5.0,5.0,0.5
153,7170.4681396484375,3959.033203125,-2.1428571428571427e+29,-1.4285714285714285e+29,1600.1562,15447.483,82.78787,51.38288,25901.78165699333,-8.627902787169638e+26,5.0,5.0,0.5
154,7185.3607177734375,3910.723876953125,-1.0714285714285713e+29,-7.142857142857143e+28,1600.1562,11654.474,77.92445,76.71076,24687.515113505953,-4.583193593577083e+26,5.0,5.0,0.5
155,4130.6365966796875,3727.9632568359375,1600.981453125,1600.96568375,1600.0938,282.3761,48.211536,0.22191767,41596.08230935435,0.0003270871698987628,5.0,5.0,0.5
156,4113.7298583984375,3510.1348876953125,1600.8899000000001,1600.88114875,1599.875,1792.4984,82.83316,0.13671714,40231.44472126357,0.00010564911392802715,5.0,5.0,0.5
157,3594.2474365234375,3336.6546630859375,1600.86037,1600.8510571428571,1599.875,506780.44,87.939255,0.061225753,45070.291485809816,0.00010590102415919338,5.0,5.0,0.5
158,2616.19873046875,3829.9713134765625,1601.2427360000001,1601.2420900000002,1600.4844,8699.932,21.327066,0.030855302,71595.29309367658,3.029014807723945e-05,5.0,5.0,0.5
159,2616.1773681640625,3864.35546875,1601.242336,1601.24192,1600.2188,4910.7705,22.118683,0.01972285,71570.00192668996,1.8807629852765584e-05,5.0,5.0,0.5
160,2616.1224365234375,3861.81640625,1601.241857,1601.2414780000001,1600.2031,6629.877,23.482378,0.014927134,71521.07118115888,1.6139762324854225e-05,5.0,5.0,0.5
161,14020.602416992188,4764.0380859375,1601.0958446296297,1601.083764074074,1600.1562,16555.707,143.25829,0.09630659,13242.84347609067,8.432709851060287e-05,5.0,5.0,0.5
162,14020.596313476562,4726.129150390625,1601.0958155555554,1601.0837551851853,1600.1562,15138.695,137.91516,0.09606534,13234.959544497737,8.744774882670182e-05,5.0,5.0,0.5
163,11936.300659179688,4619.683837890625,1601.0846654347827,1601.0712852173915,1600.1562,7030.4634,125.13502,0.107831314,15533.829840046834,0.0001069262439059809,5.0,5.0,0.5
164,11413.088989257812,4581.4971923828125,1601.07753,1601.0635722727272,1600.1562,5411.3413,119.392525,0.111982495,16228.857722588595,0.00011690620753355189,5.0,5.0,0.5
165,10879.928588867188,4473.6236572265625,1601.0509566666667,1601.0361747619047,1599.9688,3689.9104,114.458954,0.12197935,16998.30451294421,0.00012914590133696863,5.0,5.0,0.5
166,10364.993286132812,4506.7291259765625,1601.0566605,1601.042488,1599.9688,2831.9062,109.77261,0.12214299,17835.179007648047,0.00012910779423667976,5.0,5.0,0.5
167,9318.83544921875,4398.3184814453125,1601.0372058333332,1601.0210244444445,1599.9688,1820.201,104.43775,0.15964139,19823.58621406551,0.00015493811973649516,5.0,5.0,0.5
168,8797.216796875,4358.19091796875,1601.029696764706,1601.0118347058824,1600.1406,1389.8378,98.512474,0.14346883,20948.62606379832,0.0001813177366010449,5.0,5.0,0.5
169,8274.31640625,4318.2769775390625,1601.017659375,1600.998291875,1600.125,1522.2786,94.438576,0.15464096,22239.060433592756,0.00020508039058546955,5.0,5.0,0.5
170,7751.239013671875,4266.6717529296875,1601.0027066666667,1600.9824713333333,1600.125,1636.431,90.03323,0.16575159,23617.0886974351,0.00022475404375383334,5.0,5.0,0.5
171,7742.8466796875,4217.7001953125,1600.9806613333335,1600.960092,1600.125,1642.0032,85.41991,0.16561504,23525.765695182803,0.000240802573408172,5.0,5.0,0.5
172,6705.328369140625,4136.163330078125,1600.9651965384617,1600.94428,1600.125,637.5036,78.00961,0.17616732,26784.409548166648,0.00026812770436104497,5.0,5.0,0.5
173,4115.7257080078125,3768.4814453125,1600.899775,1600.89113,1599.875,628.47064,75.165955,0.13374016,42640.33270549002,0.00011501217602155119,5.0,5.0,0.5
174,3595.6634521484375,3587.53662109375,1600.8661942857143,1600.85915,1599.875,49981.293,95.61907,0.0887881,48153.21431967987,7.367029997126966e-05,5.0,5.0,0.5
175,3595.635986328125,3450.958251953125,1600.8707985714286,1600.858992857143,1599.875,526118.06,95.54932,0.062169928,46683.36710848616,0.0001235562401664287,5.0,5.0,0.5
176,3139.53857421875,3870.0836181640625,1601.2434375,1601.2427566666665,1600.2656,6953.236,25.417315,0.021482974,59733.2841491818,2.6786202480289782e-05,5.0,5.0,0.5
177,3139.4683837890625,3939.55078125,1601.2428075,1601.2422883333331,1600.2188,7506.14,31.312668,0.016015476,59702.70101893132,1.658008411907707e-05,5.0,5.0,0.5
178,2616.1956787109375,3864.996337890625,1601.242567,1601.242066,1600.2031,4410.443,21.975098,0.0151042845,71582.15653862002,2.279853349562526e-05,5.0,5.0,0.5
179,14020.645141601562,4731.060791015625,1601.0959035185185,1601.0838274074074,1600.1562,16129.284,145.08858,0.09624776,13253.036044122202,8.323267991395862e-05,5.0,5.0,0.5
180,12982.785034179688,4694.22607421875,1601.0972966000002,1601.0849575999998,1600.1562,8636.767,132.68439,0.10035381,14303.561734704233,9.299511615549295e-05,5.0,5.0,0.5
181,11413.1591796875,4585.2783203125,1601.0777015909089,1601.0636995454545,1600.1562,6160.2188,125.83116,0.11434095,16246.87624169393,0.00011127645400061549,5.0,5.0,0.5
182,10888.2080078125,4547.37548828125,1601.065489047619,1601.0519452380952,1599.9688,5054.563,121.210945,0.117416315,17009.61438069192,0.00011173751272457287,5.0,5.0,0.5
183,10365.054321289062,4558.9599609375,1601.0564705000002,1601.0426095,1599.875,3460.3965,120.43055,0.116979755,17853.923564765013,0.00011509538106143112,5.0,5.0,0.5
184,8818.1396484375,4396.6949462890625,1601.0758070588236,1601.0610652941177,1599.875,2769.4893,114.478264,0.12961912,20986.02000686527,0.00012877348248840106,5.0,5.0,0.5
185,7268.1976318359375,4283.30078125,1601.092059642857,1601.07878,1600.1562,1573.2498,86.663956,0.13120863,25468.867593073133,0.00015323144150896753,5.0,5.0,0.5
186,6745.0469970703125,4242.718505859375,1601.0806419230769,1601.0664915384614,1600.1406,1137.6377,81.61684,0.1406938,27390.199352796113,0.00017337580349868572,5.0,5.0,0.5
187,6221.9451904296875,4203.41796875,1601.06752625,1601.0523183333335,1600.1406,736.33453,76.69517,0.15100248,29643.44657003321,0.0001982904158623931,5.0,5.0,0.5
188,5698.8800048828125,4154.5989990234375,1601.051814090909,1601.035700909091,1600.125,568.2341,71.4054,0.16371709,32217.897884674665,0.00022565773891001335,5.0,5.0,0.5
189,4648.1201171875,3972.406005859375,1600.9806261111112,1600.9708122222223,1599.875,724.846,86.33708,0.12813987,39269.22671363418,0.00011366945316938708,5.0,5.0,0.5
190,3089.3890380859375,3834.027099609375,1600.9184991666668,1600.9084283333334,1599.875,805.29205,86.76184,0.1104764,58424.27080710194,0.00011607445437086503,5.0,5.0,0.5
191,3605.5633544921875,3729.91943359375,1600.9237071428572,1600.9157214285715,1599.875,1480.1793,94.93264,0.10611995,49462.489134281066,8.411979567151087e-05,5.0,5.0,0.5
192,3597.296142578125,3618.634033203125,1600.8802857142857,1600.8684799999999,1599.875,545457.44,103.67428,0.05482131,49055.017331760384,0.00011387312729905254,5.0,5.0,0.5
193,3662.9425048828125,3948.3001708984375,1601.2445507142857,1601.2436,1600.25,7780.4336,33.08088,0.022752961,51291.53607693873,2.873908760284872e-05,5.0,5.0,0.5
194,3662.8509521484375,4015.545654296875,1601.243642857143,1601.2430757142859,1600.2188,8454.653,38.99729,0.016596204,51234.87444918033,1.454313451905324e-05,5.0,5.0,0.5
195,3139.53857421875,3977.880859375,1601.24344,1601.242758333333,1600.2188,8098.677,35.19121,0.0150497155,59743.63438504539,1.9370366461970608e-05,5.0,5.0,0.5
196,14543.954467773438,4806.0333251953125,1601.1012437499999,1601.0895792857143,1600.1562,17300.361,152.72612,0.09325896,12791.692166237606,7.637504498858435e-05,5.0,5.0,0.5
197,12459.710693359375,4698.748779296875,1601.091586875,1601.0786854166665,1600.1562,7804.655,137.14246,0.10396198,14917.46922899326,9.407340880930472e-05,5.0,5.0,0.5
198,12449.4140625,4659.9212646484375,1601.0747610416668,1601.0615241666667,1599.9688,7105.35,132.38782,0.108395554,14904.825779511893,9.998559732878858e-05,5.0,5.0,0.5
199,11411.517333984375,4670.7611083984375,1601.0733677272729,1601.060714090909,1599.875,5468.5415,131.88268,0.106904574,16251.27429201891,9.594616083952145e-05,5.0,5.0,0.5
200,8837.789916992188,4433.184814453125,1601.1183800000001,1601.1073005882354,1600.1719,4184.036,102.87488,0.10932058,21017.558418461605,0.00010769793352574042,5.0,5.0,0.5
201,8314.935302734375,4396.075439453125,1601.1111834375,1601.09983875,1600.1719,3067.912,96.980286,0.117149144,22323.30803271707,0.0001169793162044923,5.0,5.0,0.5
202,6239.8956298828125,4171.49658203125,1601.1193087499998,1601.1121524999999,1600.1562,2282.7544,91.513565,0.09591717,29733.503093745818,7.819878938183865e-05,5.0,5.0,0.5
203,6741.217041015625,4183.123779296875,1601.0633465384615,1601.0547069230768,1599.875,1945.2133,107.520294,0.10078749,27442.91339018995,8.035334584823438e-05,5.0,5.0,0.5
204,5701.904296875,4109.0118408203125,1601.056196818182,1601.0466972727272,1599.875,1796.295,109.64766,0.0890155,32373.070163790897,8.663701090535784e-05,5.0,5.0,0.5
205,5172.802734375,4028.7628173828125,1601.014111,1601.003711,1599.875,1276.1414,103.350334,0.09074912,35585.88866148221,0.00010062860544831109,5.0,5.0,0.5
206,5158.5357666015625,4004.486083984375,1600.9550165,1600.946643,1599.875,2285.178,113.65447,0.07922591,35462.48091635367,7.367505938698238e-05,5.0,5.0,0.5
207,3616.3604736328125,3837.31689453125,1600.9848735714288,1600.97742,1599.875,1488.7744,104.9788,0.09921553,50555.42759388262,7.100073135790934e-05,5.0,5.0,0.5
208,4119.9859619140625,3806.3140869140625,1600.921938125,1600.91243125,1599.875,504289.56,113.012924,0.058255024,43957.42456072546,8.412201584656643e-05,5.0,5.0,0.5
209,4119.6258544921875,3737.4267578125,1600.9234175,1600.91063125,1599.875,545874.9,110.76446,0.098452926,43543.99389203937,0.00011543639778555429,5.0,5.0,0.5
210,4120.098876953125,3680.792236328125,1600.9234175,1600.91299625,1599.875,558437.5,108.638176,0.057330616,43258.98796382947,9.592622397514911e-05,5.0,5.0,0.5
211,4709.86328125,4062.59765625,1601.2461411111112,1601.2452255555554,1600.5938,24139.652,45.681976,2.8296404,40414.5611636506,2.004194278812198e-05,5.0,5.0,0.5
212,4186.395263671875,4025.0885009765625,1601.24543,1601.24447625,1600.2656,9978.372,40.3167,0.021778086,44941.27265534549,2.365645006761517e-05,5.0,5.0,0.5
213,4186.2884521484375,4094.744873046875,1601.24480375,1601.24394125,1600.2188,9004.343,46.00351,0.017123079,44922.380630537475,1.8748569598510496e-05,5.0,5.0,0.5
214,3663.0035400390625,4019.4549560546875,1601.2445864285712,1601.24395,1600.2188,7347.472,38.658184,0.015439527,51287.12432381499,1.646297121255558e-05,5.0,5.0,0.5
215,14544.024658203125,4813.12255859375,1601.1013676785715,1601.0896792857143,1600.1562,17929.922,159.85762,0.09342391,12816.756029135304,7.311752070186709e-05,5.0,5.0,0.5
216,12982.968139648438,4703.6041259765625,1601.0976382,1601.0852504000002,1600.1562,9547.88,145.51976,0.099915676,14339.906048797237,8.512795780100187e-05,5.0,5.0,0.5
217,12972.738647460938,4666.0858154296875,1601.0816434,1601.0688824,1599.9688,7791.6553,139.46284,0.10422621,14332.804960810296,9.150107337931176e-05,5.0,5.0,0.5
218,12446.4599609375,4675.68359375,1601.0685608333333,1601.0566008333335,1599.875,7262.189,143.11443,0.10155913,14917.019189742035,8.356949304537203e-05,5.0,5.0,0.5
219,9361.09619140625,4439.068603515625,1601.1254683333334,1601.1149366666666,1600.1875,4926.4644,109.903595,0.10393938,19881.282361687732,9.582640740369399e-05,5.0,5.0,0.5
220,8838.18359375,4400.0823974609375,1601.1189326470587,1601.1082264705883,1600.1875,4104.4346,104.19097,0.11047427,21032.991125615463,0.00010275531871123648,5.0,5.0,0.5
221,7263.61083984375,4225.4150390625,1601.0728946428571,1601.0656742857143,1599.875,3281.932,118.585526,0.088710845,25523.64465547115,6.08873394254914e-05,5.0,5.0,0.5
222,6225.1007080078125,4129.718017578125,1601.0720275,1601.0628358333333,1599.875,2753.1855,114.71454,0.08261076,29749.173279506274,8.01264319327655e-05,5.0,5.0,0.5
223,5181.1981201171875,4047.637939453125,1601.04497,1601.037292,1599.875,2224.4045,115.261955,0.075780116,35680.15283518603,6.661348041979858e-05,5.0,5.0,0.5
224,6193.4844970703125,4106.9549560546875,1600.9650666666666,1600.9574483333333,1599.875,3089.797,125.671745,0.06863417,29694.722444651707,6.06208922706368e-05,5.0,5.0,0.5
225,5678.3538818359375,4049.322509765625,1600.9703318181819,1600.96106,1599.875,2382.4421,119.437675,0.09923718,32375.0834694365,7.762892357733948e-05,5.0,5.0,0.5
226,4139.3951416015625,3852.11181640625,1601.0163668750001,1601.00947875,1599.875,1735.6493,111.82327,0.090645164,44419.10093927174,6.159831342377406e-05,5.0,5.0,0.5
227,4120.3125,3839.6209716796875,1600.923570625,1600.91406375,1599.875,513428.78,120.45979,0.053062424,44365.46596792503,7.892156175940845e-05,5.0,5.0,0.5
228,4642.5018310546875,3792.5994873046875,1600.9587011111112,1600.9458433333334,1599.875,547274.75,118.469925,0.06256312,39307.390974594135,0.0001085319990343775,5.0,5.0,0.5
229,5233.3648681640625,4101.9561767578125,1601.24685,1601.245959,1600.3125,13605.232,48.614258,0.023657456,36002.491921865745,1.83279564474065e-05,5.0,5.0,0.5
230,4709.7564697265625,4169.732666015625,1601.2455844444444,1601.24475,1600.2188,9897.315,53.006905,0.01718051,39965.151293337265,1.5742183977216487e-05,5.0,5.0,0.5
231,4186.42578125,4096.575927734375,1601.245485,1601.24463,1600.2188,6415.377,43.050888,0.015596482,44941.9261540399,1.9860217489114594e-05,5.0,5.0,0.5
232,15590.80810546875,4960.31494140625,1601.1112036666666,1601.1002456666668,1600.1562,18786.295,166.98729,0.088037215,11974.698902282295,6.562176101746976e-05,5.0,5.0,0.5
233,12983.160400390625,4781.024169921875,1601.0979874,1601.085558,1600.1562,9201.541,151.16438,0.10090863,14362.524420971768,8.222439544739536e-05,5.0,5.0,0.5
234,13496.127319335938,4742.0928955078125,1601.0880599999998,1601.0757734615386,1599.9688,8608.11,146.57745,0.104291126,13800.158182170118,8.382284013239498e-05,5.0,5.0,0.5
235,12458.053588867188,4752.490234375,1601.08759875,1601.0759233333335,1599.875,7709.337,148.33414,0.09903569,14939.022651378335,7.871024772584606e-05,5.0,5.0,0.5
236,9361.1328125,4442.767333984375,1601.1255905555556,1601.1150183333332,1600.1875,5794.9956,116.97998,0.10406044,19901.62422019407,9.037633772951494e-05,5.0,5.0,0.5
237,7286.4349365234375,4290.8538818359375,1601.1372160714286,1601.1308857142856,1600.1875,4447.903,109.72332,0.08357095,25570.86834678507,5.769381698092856e-05,5.0,5.0,0.5
238,7787.70751953125,4300.823974609375,1601.0873056666667,1601.0797206666668,1599.875,4211.009,125.552284,0.08849387,23844.831640597957,6.0413078469306234e-05,5.0,5.0,0.5
239,6227.6397705078125,4161.5570068359375,1601.0778404166667,1601.0712991666667,1599.875,3599.896,126.69425,0.06459408,29850.86963853697,5.163020339173474e-05,5.0,5.0,0.5
240,6219.2138671875,4149.01123046875,1601.0520566666667,1601.0432125,1599.875,3141.729,121.17097,0.07648956,29760.10709588708,7.298915638123244e-05,5.0,5.0,0.5
241,6208.6456298828125,4112.6983642578125,1601.0153283333332,1601.0079841666666,1599.875,3552.563,131.0512,0.07935191,29745.373862839126,5.604044103055117e-05,5.0,5.0,0.5
242,5174.4354248046875,4045.54443359375,1601.0155345,1601.0102430000002,1599.875,2949.4863,126.06069,0.07114239,35651.509711704006,4.1975812784479244e-05,5.0,5.0,0.5
243,5688.714599609375,4030.7464599609375,1601.0070977272728,1600.9987363636362,1599.875,333131.8,129.8168,0.056751486,32391.64494036359,6.4408947414759e-05,5.0,5.0,0.5
244,5688.9801025390625,3989.154052734375,1601.0077586363636,1600.9997018181818,1599.875,507625.53,127.33003,0.05108415,32338.436098431772,6.327508155912114e-05,5.0,5.0,0.5
245,4642.669677734375,3845.0958251953125,1600.9594466666667,1600.946588888889,1599.875,546471.6,125.39353,0.0665405,39495.41265920788,0.00010253940209875921,5.0,5.0,0.5
246,4643.2830810546875,3801.9256591796875,1600.9610611111111,1600.9493155555556,1599.875,554213.94,124.155876,0.058486834,39401.87434833985,9.460329964914533e-05,5.0,5.0,0.5
247,5649.7772216796875,4036.0382080078125,-2.2727272727272728e+29,-2.727272727272727e+29,1600.4062,30107.473,57.54377,7.8580775,32958.5632808567,7.89912541075337e+26,5.0,5.0,0.5
248,5233.270263671875,4248.211669921875,1601.246398,1601.24558,1600.2344,10487.726,59.913956,0.017503852,36032.765963447586,1.3652912590754546e-05,5.0,5.0,0.5
249,4710.0067138671875,4173.1292724609375,1601.2465750000001,1601.2458633333333,1600.2188,9023.511,53.123478,0.015668321,39998.55009833464,1.3396462250885203e-05,5.0,5.0,0.5
250,16114.328002929688,5039.00146484375,1601.1158303225807,1601.105182580645,1600.1562,19558.268,174.40302,0.085759826,11609.94684777529,6.105251063035047e-05,5.0,5.0,0.5
251,14553.240966796875,4928.4912109375,1601.114230357143,1601.102845,1600.1562,12685.385,163.83528,0.09164054,12842.778946384442,6.94927066244676e-05,5.0,5.0,0.5
252,13506.2744140625,4820.6695556640625,1601.1028238461538,1601.0913846153849,1599.9688,9224.591,154.03056,0.19839126,13838.477220793227,7.426598020421376e-05,5.0,5.0,0.5
253,13496.4599609375,4781.4544677734375,1601.0883492307694,1601.0762853846152,1599.9688,8649.541,150.20123,0.10076658,13811.593925188277,8.031789034262994e-05,5.0,5.0,0.5
254,10407.821655273438,4593.121337890625,1601.1377045000002,1601.1281435,1600.1875,6403.127,124.05199,0.09466774,17947.188899478388,7.707252624364971e-05,5.0,5.0,0.5
255,8846.853637695312,4454.3914794921875,1601.1394729411763,1601.1286264705882,1600.1875,5402.665,117.661606,0.11199762,21099.173049030214,9.218360153406966e-05,5.0,5.0,0.5
256,7787.774658203125,4307.672119140625,1601.087485,1601.0799,1599.875,4830.9014,132.6245,0.08867266,23891.76116358162,5.719154607574844e-05,5.0,5.0,0.5
257,6750.4608154296875,4166.3116455078125,1601.0890550000001,1601.0831484615385,1599.875,4525.3833,134.69414,0.06097144,27535.100816005426,4.385148877357045e-05,5.0,5.0,0.5
258,5704.718017578125,4155.9234619140625,1601.064258181818,1601.0569290909089,1599.875,3761.7253,128.06119,0.07089465,32529.31151794568,5.7231164557798535e-05,5.0,5.0,0.5
259,7240.4388427734375,4189.94140625,1601.0061157142857,1600.9994678571427,1599.875,4544.969,139.62683,0.06356567,25532.503651763167,4.7611602245531265e-05,5.0,5.0,0.5
260,5175.1129150390625,4053.619384765625,1601.0194285000002,1601.012953,1599.875,3480.0332,132.74396,0.07495351,35724.73142429403,4.878188146042945e-05,5.0,5.0,0.5
261,6211.90185546875,4036.602783203125,1601.0265770833332,1601.0188408333333,1599.875,193308.81,136.45325,0.05350308,29740.12702695018,5.669524299332715e-05,5.0,5.0,0.5
262,6212.2039794921875,4069.9676513671875,1601.0273916666665,1601.0198483333334,1599.875,506190.3,134.35088,0.047764372,29722.543830517272,5.61465140080666e-05,5.0,5.0,0.5
263,5166.7755126953125,3960.693359375,1600.9892340000001,1600.979603,1599.875,542505.06,132.14146,0.045777295,35632.849854760534,7.288401150993544e-05,5.0,5.0,0.5
264,4642.742919921875,3816.949462890625,1600.9597722222222,1600.9469144444445,1599.875,550313.0,130.19078,0.058052223,39574.907286358524,9.876104678519711e-05,5.0,5.0,0.5
265,4643.408203125,3814.56298828125,1600.9616166666665,1600.949871111111,1599.875,558510.25,129.44814,0.05787305,39540.87105771177,9.073561022274121e-05,5.0,5.0,0.5
266,5757.012939453125,4289.227294921875,1601.247953181818,1601.2470936363636,1600.2656,9433.633,62.15931,0.019607441,32798.27557607311,1.3828104959752202e-05,5.0,5.0,0.5
267,5233.55712890625,4250.4180908203125,1601.2475774999998,1601.246729,1600.2188,9436.429,59.62987,0.01634436,36050.68590439311,1.4229445416794858e-05,5.0,5.0,0.5
268,17684.268188476562,5221.820068359375,1601.1272436764707,1601.1175226470589,1600.1562,22180.86,184.63208,0.07886722,10596.290384847738,5.2650814569753784e-05,5.0,5.0,0.5
269,14553.40576171875,4935.5010986328125,1601.114261607143,1601.1030807142856,1600.1562,10974.908,165.8699,0.090952866,12861.968460638736,6.740760449612315e-05,5.0,5.0,0.5
270,14029.766845703125,4896.2799072265625,1601.1083829629629,1601.0973403703704,1599.9688,10093.4,161.17365,0.09848917,13326.859978697144,6.851363689866719e-05,5.0,5.0,0.5
271,13504.998779296875,4858.75244140625,1601.1005603846154,1601.089421923077,1599.9688,9233.273,156.86696,0.09762622,13833.202571110005,7.100578500732331e-05,5.0,5.0,0.5
272,10931.210327148438,4669.3511962890625,1601.143354761905,1601.1338538095238,1600.1875,7267.822,131.55157,0.09383734,17111.94149378449,7.222226265470574e-05,5.0,5.0,0.5
273,7809.89990234375,4373.7152099609375,1601.1448486666666,1601.1389000000001,1600.1875,5781.738,123.60892,0.07914536,23939.432819254034,4.812489907223885e-05,5.0,5.0,0.5
274,8834.426879882812,4383.6181640625,1601.1061905882354,1601.0993870588234,1599.875,5633.3975,139.76016,0.07917353,21103.24496454033,4.8680033691379745e-05,5.0,5.0,0.5
275,7274.2889404296875,4315.8416748046875,1601.1019457142859,1601.096182142857,1599.875,5033.346,140.79124,0.057111334,25615.213261722318,4.09370017930021e-05,5.0,5.0,0.5
276,5704.754638671875,4159.6588134765625,1601.0643918181815,1601.0570627272728,1599.875,4546.647,134.43665,0.07135399,32558.33687925221,5.451706178113008e-05,5.0,5.0,0.5
277,7770.91064453125,4317.132568359375,1601.0413736666667,1601.034928,1599.875,4998.93,144.88309,0.07848434,23873.955233686534,4.448874463595521e-05,5.0,5.0,0.5
278,5175.2044677734375,4056.744384765625,1601.0197955,1601.01332,1599.875,4353.1187,139.37537,0.076251686,35755.27592888275,4.6460864470686616e-05,5.0,5.0,0.5
279,6735.25390625,4184.2681884765625,1601.043285,1601.0363599999998,1599.875,487893.88,144.44754,0.04903985,27493.13451946075,4.7941280180752094e-05,5.0,5.0,0.5
280,6212.1856689453125,4073.992919921875,1601.0274879166666,1601.0197866666667,1599.875,509841.6,141.54305,0.047929037,29755.680758788076,5.4409243474050756e-05,5.0,5.0,0.5
281,5166.827392578125,4001.617431640625,1600.9893200000001,1600.979811,1599.875,542731.1,139.07208,0.045347936,35684.70386834012,6.837461428588256e-05,5.0,5.0,0.5
282,4642.78564453125,3821.2646484375,1600.9599622222222,1600.9471044444444,1599.875,547137.44,136.63373,0.07967426,39626.499500953265,9.410398123061166e-05,5.0,5.0,0.5
283,5165.8935546875,3891.5740966796875,1600.9877155,1600.976076,1599.875,553482.0,135.21638,0.052696742,35650.95773486124,8.608054423040806e-05,5.0,5.0,0.5
284,4643.450927734375,3818.878173828125,1600.9618066666667,1600.9500611111112,1599.875,559561.3,134.69771,0.058161132,39588.32856123923,8.719937197602166e-05,5.0,5.0,0.5
285,5686.21826171875,4080.438232421875,-1.8181818181818183e+29,-1.8181818181818183e+29,1600.3594,74429.44,70.478874,0.16707022,32945.199300013956,0.0,5.0,5.0,0.5
286,5757.232666015625,4329.0618896484375,1601.248685,1601.2478918181819,1600.2188,10752.214,68.0851,0.017443955,32831.565074920996,1.1649859342897219e-05,5.0,5.0,0.5
287,5757.03125,4326.190185546875,1601.2479754545454,1601.24716,1600.2188,11230.389,67.157135,0.015013593,32809.438694467346,1.2142485611199114e-05,5.0,5.0,0.5
288,16638.003540039062,5083.1268310546875,1601.12035296875,1601.1100053125,1600.1562,20370.574,184.52005,0.08335037,11271.418576602116,5.607876351197169e-05,5.0,5.0,0.5
289,14553.338623046875,4975.701904296875,1601.1136744642859,1601.102984642857,1599.9688,10709.625,168.43404,0.107855044,12877.5986147801,6.346592212849916e-05,5.0,5.0,0.5
290,14543.267822265625,4936.639404296875,1601.1000782142858,1601.0885971428572,1599.9688,10263.158,164.58966,0.09446054,12864.220813710253,6.975572696106368e-05,5.0,5.0,0.5
291,11966.250610351562,4797.1710205078125,1601.131902826087,1601.1233713043478,1599.875,8339.619,161.57603,0.08734338,15653.67495914144,5.2801900747792893e-05,5.0,5.0,0.5
292,10408.489990234375,4637.14599609375,1601.1386965,1601.12948,1600.1875,6968.608,132.61235,0.0959837,17986.525903140388,6.949955994013589e-05,5.0,5.0,0.5
293,9357.907104492188,4462.82958984375,1601.1143563888888,1601.1078494444444,1599.875,6211.2207,146.84401,0.07560949,19971.620758127046,4.431195028721135e-05,5.0,5.0,0.5
294,8318.435668945312,4365.8416748046875,1601.1157040625,1601.108589375,1599.875,5824.4634,143.5194,0.06458998,22443.2775658516,4.957300407726128e-05,5.0,5.0,0.5
295,5704.833984375,4167.7520751953125,1601.0646799999997,1601.057350909091,1599.875,5072.722,141.28444,0.07144368,32630.519691783258,5.187472135051373e-05,5.0,5.0,0.5
296,7778.607177734375,4271.74072265625,1601.0616206666668,1601.055452,1599.875,5765.278,151.86511,0.06598209,23904.107993680245,4.061937974539437e-05,5.0,5.0,0.5
297,6745.0347900390625,4207.4798583984375,1601.071628846154,1601.0664553846154,1599.875,4971.9497,146.66779,0.060814224,27563.149079865878,3.5273332285112754e-05,5.0,5.0,0.5
298,6735.2630615234375,4118.8995361328125,1601.0435896153845,1601.0363876923077,1599.875,225309.2,150.8483,0.050176248,27534.640895063538,4.77428198680665e-05,5.0,5.0,0.5
299,6735.4583740234375,4152.252197265625,1601.0442007692307,1601.0369884615384,1599.875,512759.0,148.71758,0.044965472,27522.875089136618,4.849667356880158e-05,5.0,5.0,0.5
300,5689.825439453125,4042.3248291015625,1601.0100604545455,1601.0027745454545,1599.875,526746.3,145.97084,0.0416743,32487.814274419485,4.991345578581616e-05,5.0,5.0,0.5
301,5690.05126953125,4041.30859375,1601.012314090909,1601.0035972727273,1599.875,545737.06,143.30832,0.042372767,32477.12325960503,6.0825625734448456e-05,5.0,5.0,0.5
302,5689.1021728515625,3932.208251953125,1601.0108931818183,1601.0001454545454,1599.875,549988.8,141.33287,0.050146844,32454.518502319,7.604548917861865e-05,5.0,5.0,0.5
303,4643.511962890625,3825.042724609375,1600.9620777777777,1600.9503322222222,1599.875,556337.9,140.27684,0.057560537,39656.17682150876,8.373125269969693e-05,5.0,5.0,0.5
304,5159.8388671875,3852.64892578125,1600.968568,1600.9518560000001,1599.875,560551.56,139.86092,0.05669868,35678.32620907989,0.0001194901367828676,5.0,5.0,0.5
305,3972.296142578125,3725.408935546875,-7.5e+29,-7.5e+29,1600.4531,227168.73,78.3723,0.039566442,45212.79178402591,0.0,5.0,5.0,0.5
306,7220.6390380859375,4191.2078857421875,-1.7857142857142857e+29,-2.1428571428571427e+29,1600.25,32682.764,73.17293,6.443641,25990.520010575256,4.880805888258559e+26,5.0,5.0,0.5
307,6280.7342529296875,4368.27392578125,1601.2491720833332,1601.2482816666668,1600.2188,9122.352,68.383255,0.01582797,30121.150523203894,1.3020975183414415e-05,5.0,5.0,0.5
308,17161.614990234375,5160.2325439453125,1601.124551969697,1601.1144584848485,1600.1562,21079.266,191.55115,0.081339054,10945.297247362649,5.269341887183309e-05,5.0,5.0,0.5
309,15077.2705078125,5051.470947265625,1601.1195774137932,1601.1087362068965,1600.1562,11683.05,176.02713,0.09333021,12446.811576223201,6.158827272158796e-05,5.0,5.0,0.5
310,15066.836547851562,5014.27001953125,1601.1055048275862,1601.0943437931035,1599.9688,10927.875,171.65701,0.09210151,12439.588421095421,6.501939123598784e-05,5.0,5.0,0.5
311,14551.931762695312,5094.3023681640625,1601.1110608928573,1601.1009746428572,1599.875,9818.297,172.32329,0.086539924,12871.120946795772,5.853097465387657e-05,5.0,5.0,0.5
312,10417.303466796875,4687.5701904296875,1601.156522,1601.147107,1600.1875,7378.397,138.88753,0.113979295,18032.889426364447,6.778866448109932e-05,5.0,5.0,0.5
313,10393.325805664062,4563.5040283203125,1601.1054052499999,1601.099152,1599.875,6976.2607,154.02411,0.070660435,17995.15262452067,4.0599163631399726e-05,5.0,5.0,0.5
314,8841.90673828125,4444.1925048828125,1601.1238332352941,1601.1169864705882,1599.875,6421.3984,150.59393,0.06170946,21161.089268033484,4.546507661151596e-05,5.0,5.0,0.5
315,7798.20556640625,4386.75537109375,1601.1133213333333,1601.1077146666669,1599.875,5923.402,149.43266,0.05499137,23958.081082397028,3.7519686494087845e-05,5.0,5.0,0.5
316,8817.974853515625,4473.47412109375,1601.0670626470587,1601.060675882353,1599.875,6243.627,158.79262,0.068089604,21128.11858120188,4.022079108109019e-05,5.0,5.0,0.5
317,5698.5748291015625,4140.081787109375,1601.0406172727273,1601.0345918181818,1599.875,5696.5645,153.59622,0.07052795,32610.66277973338,3.922918461215331e-05,5.0,5.0,0.5
318,7258.8134765625,4267.1630859375,1601.058617142857,1601.0519685714285,1599.875,495374.66,158.95456,0.042300615,25607.129427768818,4.182686836223966e-05,5.0,5.0,0.5
319,6213.17138671875,4157.0770263671875,1601.0298725,1601.0230716666665,1599.875,516140.34,155.97191,0.039217163,29842.222405686083,4.360293719478897e-05,5.0,5.0,0.5
320,5689.8590087890625,4047.93701171875,1601.0103159090907,1601.002897272727,1599.875,530600.3,153.27467,0.041557185,32537.803512889073,4.8400927537615335e-05,5.0,5.0,0.5
321,6213.3056640625,4115.869140625,1601.0316129166667,1601.0235208333334,1599.875,546277.25,150.32735,0.03909874,29796.133761400662,5.382974891498728e-05,5.0,5.0,0.5
322,6212.3382568359375,4007.342529296875,1601.03026875,1601.020295,1599.875,551742.9,148.60701,0.045503695,29780.451345111378,6.711493628402345e-05,5.0,5.0,0.5
323,5689.849853515625,3969.8333740234375,1601.0124968181817,1601.0028645454547,1599.875,555526.06,146.5987,0.048321486,32465.49350025863,6.57050378430606e-05,5.0,5.0,0.5
324,4643.524169921875,3826.275634765625,1600.9621322222222,1600.9503866666666,1599.875,560498.06,145.54807,0.059521623,39669.72270891489,8.069880929411075e-05,5.0,5.0,0.5
325,5055.657958984375,3876.30615234375,-5e+29,-5e+29,1600.3594,188981.66,82.5537,1.3024163,36397.88318959919,0.0,5.0,5.0,0.5
326,7327.801513671875,4482.40966796875,1601.2499950000001,1601.249075,1600.2344,12435.043,81.60645,0.015973436,25861.68783928709,1.127361828645331e-05,5.0,5.0,0.5
327,18208.743286132812,5312.1551513671875,1601.1320794285714,1601.1224934285715,1600.1562,21860.281,199.26434,0.07784792,10341.679102115522,4.810695101285028e-05,5.0,5.0,0.5
328,16124.285888671875,5131.0089111328125,1601.1282537096774,1601.1180312903227,1600.1562,12615.178,183.78838,0.08358597,11665.179884996141,5.562059791418856e-05,5.0,5.0,0.5
329,15600.509643554688,5092.236328125,1601.1232465,1601.11318,1599.9688,11758.852,179.23607,0.103400335,12047.922304920734,5.616336082111662e-05,5.0,5.0,0.5
330,15587.393188476562,5102.81982421875,1601.1054876666667,1601.0956916666667,1599.875,11241.309,184.39081,0.0846968,12038.559076203179,5.312629246924307e-05,5.0,5.0,0.5
331,12501.824951171875,4865.0634765625,1601.1573799999999,1601.1488758333335,1600.1875,8949.521,149.78334,0.083828144,15038.761573578262,5.677645217829987e-05,5.0,5.0,0.5
332,10916.925048828125,4643.255615234375,1601.1126714285715,1601.1066433333333,1599.875,7550.77,161.1698,0.067991,17174.43288728453,3.740213889644554e-05,5.0,5.0,0.5
333,10404.864501953125,4579.376220703125,1601.1282345,1601.122229,1599.875,7208.0107,157.83066,0.06944041,18019.156576008234,3.805027538731881e-05,5.0,5.0,0.5
334,9359.500122070312,4538.6871337890625,1601.1176711111111,1601.1113883333335,1599.875,6493.258,157.07234,0.05486641,20012.916349301755,3.999926212906468e-05,5.0,5.0,0.5
335,8298.403930664062,4378.6163330078125,1601.0643534375,1601.05851,1599.875,7154.4775,167.24692,0.05500056,22486.913850792615,3.493898470198446e-05,5.0,5.0,0.5
336,7791.9281005859375,4363.9556884765625,1601.0956303333335,1601.090976,1599.875,6212.2046,160.76099,0.05445194,23976.881811785835,2.8951883412929256e-05,5.0,5.0,0.5
337,7258.7554931640625,4202.9693603515625,1601.0586085714287,1601.0518028571428,1599.875,228831.55,165.13,0.047612667,25655.10454972965,4.121428017157825e-05,5.0,5.0,0.5
338,7259.9151611328125,4237.4053955078125,1601.0611232142858,1601.055115,1599.875,516178.4,163.02919,0.03579166,25641.67133989706,3.68536105929574e-05,5.0,5.0,0.5
339,6213.4735107421875,4125.84228515625,1601.0323341666665,1601.0240791666665,1599.875,528534.4,160.22858,0.039613552,29877.16941758987,5.152014810361587e-05,5.0,5.0,0.5
340,6736.63330078125,4194.8486328125,1601.0481869230769,1601.0406046153844,1599.875,547480.1,157.47424,0.036941003,27560.684740443467,4.814951029530555e-05,5.0,5.0,0.5
341,6735.6689453125,4084.1033935546875,1601.0468673076923,1601.0376369230771,1599.875,551265.9,155.31778,0.043727778,27530.37940567986,5.942902765202115e-05,5.0,5.0,0.5
342,5689.215087890625,3975.3021240234375,1601.0111427272727,1601.0005563636362,1599.875,555441.9,153.39577,0.047887422,32520.938436614666,6.90134012754309e-05,5.0,5.0,0.5
343,4643.5638427734375,3830.2825927734375,1600.9623088888889,1600.9505633333333,1599.875,560966.25,151.75864,0.05715653,39713.814044963714,7.739629077057758e-05,5.0,5.0,0.5
344,5159.8876953125,3857.58056640625,1600.968764,1600.952052,1599.875,561771.94,150.52773,0.058004092,35727.16915598314,0.00011102273667841417,5.0,5.0,0.5
345,7744.9066162109375,4205.26123046875,-2e+29,-2e+29,1600.3125,87468.69,86.24704,0.9335823,24255.409346774137,0.0,5.0,5.0,0.5
346,6804.4769287109375,4414.2822265625,1601.2503626923076,1601.2493530769232,1600.25,10125.949,79.75777,0.016315317,27879.248733525423,1.2658521243670145e-05,5.0,5.0,0.5
347,16124.298095703125,5137.1368408203125,1601.1282612903226,1601.1180467741935,1600.1562,14322.775,192.55318,0.08396992,11684.709043919376,5.304776734702026e-05,5.0,5.0,0.5
348,15600.582885742188,5097.784423828125,1601.123387,1601.1132776666668,1599.9688,12400.148,186.27527,0.091398686,12064.54540498473,5.427093683296787e-05,5.0,5.0,0.5
349,16114.315795898438,5130.6793212890625,1601.1154787096773,1601.1051658064516,1599.9688,11780.295,182.4198,0.08754319,11663.84632263115,5.6533902771021826e-05,5.0,5.0,0.5
350,13537.002563476562,4991.0247802734375,1601.146376923077,1601.1386584615384,1599.875,10028.518,179.28583,0.08145591,13902.656049007037,4.305115267814453e-05,5.0,5.0,0.5
351,10927.786254882812,4694.1650390625,1601.1324673809524,1601.1273314285713,1599.875,8384.897,168.53667,0.063076116,17193.06381341748,3.047379823336794e-05,5.0,5.0,0.5
352,10928.485107421875,4657.3577880859375,1601.1344366666667,1601.1286619047619,1599.875,7856.9175,164.82956,0.06677387,17188.700060654854,3.5034746974018444e-05,5.0,5.0,0.5
353,9367.825317382812,4515.8172607421875,1601.1344436111112,1601.1298894444444,1599.875,7523.842,166.70274,0.047610566,20030.650833108488,2.7319086479187784e-05,5.0,5.0,0.5
354,9349.014282226562,4506.1553955078125,1601.0933736111112,1601.0880872222222,1599.875,7680.4536,173.37263,0.05688137,20022.162908269893,3.0491483806046196e-05,5.0,5.0,0.5
355,8315.383911132812,4439.90478515625,1601.1053737500001,1601.100960625,1599.875,6976.0625,167.9763,0.051256064,22500.0903497558,2.6272306978401207e-05,5.0,5.0,0.5
356,8305.706787109375,4423.76708984375,1601.0827465625,1601.07676875,1599.875,492359.62,172.96016,0.03907507,22486.696707169325,3.456178882009626e-05,5.0,5.0,0.5
357,6736.6943359375,4241.9403076171875,1601.0471342307692,1601.0407907692306,1599.875,517913.7,170.14842,0.037009474,27645.311318115237,3.728192982930117e-05,5.0,5.0,0.5
358,6213.592529296875,4132.3516845703125,1601.0328320833332,1601.024475833333,1599.875,545416.44,167.79526,0.03947669,29928.032425443165,4.980027517600846e-05,5.0,5.0,0.5
359,6736.907958984375,4199.7344970703125,1601.0490646153846,1601.0414492307693,1599.875,549026.25,164.70117,0.037552472,27594.58162359014,4.623758609970113e-05,5.0,5.0,0.5
360,6735.72998046875,4126.116943359375,1601.0470034615387,1601.0378246153846,1599.875,552364.06,162.50716,0.04304616,27576.79523898376,5.6482719647647306e-05,5.0,5.0,0.5
361,5689.2547607421875,3979.30908203125,1601.0112872727273,1601.0007009090907,1599.875,555287.56,160.15456,0.04828479,32557.009270143622,6.610092077811006e-05,5.0,5.0,0.5
362,4643.6126708984375,3871.0052490234375,1600.9625255555557,1600.9507800000001,1599.875,562627.7,160.54851,0.055410717,39768.072785746546,7.31589207803979e-05,5.0,5.0,0.5
363,5159.912109375,3895.7977294921875,1600.9688609999998,1600.952149,1599.875,563797.56,158.24698,0.054477356,35751.58930622686,0.00010560707149575876,5.0,5.0,0.5
364,5159.893798828125,3858.197021484375,1600.968788,1600.952076,1599.875,567406.9,156.64285,0.059264522,35733.25631122619,0.00010668855746007213,5.0,5.0,0.5
365,5507.65380859375,3828.1646728515625,-5.909090909090909e+29,-6.363636363636364e+29,1600.4375,322165.88,95.466415,37.845745,33150.646907902235,4.761312683793789e+26,5.0,5.0,0.5
366,7851.79443359375,4577.1881103515625,1601.251534,1601.2506186666665,1600.2812,12584.895,91.237526,0.017826319,24284.17042709672,1.0032421682784148e-05,5.0,5.0,0.5
367,17685.479736328125,5219.158935546875,1601.1288086764707,1601.118947647059,1600.1562,22372.37,209.87973,0.08002393,10689.089595642747,4.698419138018764e-05,5.0,5.0,0.5
368,15601.077270507812,5110.0555419921875,1601.1245148333333,1601.1139373333333,1600.1562,12919.814,194.1468,0.0956205,12108.182184121446,5.448196796403076e-05,5.0,5.0,0.5
369,16114.22119140625,5141.400146484375,1601.1155596774192,1601.1050438709676,1599.9688,12353.357,189.7165,0.0886387,11697.19800112179,5.542905369826013e-05,5.0,5.0,0.5
370,15599.252319335938,5220.12939453125,1601.1210455,1601.1115036666667,1599.875,11328.563,190.44313,0.08189017,12071.056250237338,5.010332117823378e-05,5.0,5.0,0.5
371,10945.343017578125,4715.0909423828125,1601.166914047619,1601.160772857143,1600.1875,8794.791,156.23064,0.08301938,17242.468534571708,3.930849038178481e-05,5.0,5.0,0.5
372,11964.141845703125,4760.4644775390625,1601.1253502173913,1601.119703043478,1599.875,8542.016,172.13367,0.06342003,15719.778068534539,3.2806911117273496e-05,5.0,5.0,0.5
373,10412.692260742188,4640.740966796875,1601.1438595,1601.137884,1599.875,8017.0293,168.63564,0.054510035,18069.07101197575,3.543438483007652e-05,5.0,5.0,0.5
374,8845.61767578125,4512.530517578125,1601.130948235294,1601.1257182352942,1599.875,7421.549,167.05396,0.05075809,21238.11254371152,3.1307250386918044e-05,5.0,5.0,0.5
375,8838.400268554688,4519.6990966796875,1601.1122911764705,1601.1087370588234,1599.875,7538.3516,175.46562,0.04726547,21224.72077730845,2.0255350351052577e-05,5.0,5.0,0.5
376,8305.288696289062,4359.3505859375,1601.0810321874999,1601.0757225,1599.875,78659.47,178.57382,0.045181975,22528.4333007481,2.9733851467120303e-05,5.0,5.0,0.5
377,8829.229736328125,4393.6279296875,1601.0929364705883,1601.0871594117648,1599.875,514964.62,177.06613,0.03749566,21195.703072527132,3.2626560322598394e-05,5.0,5.0,0.5
378,7260.5194091796875,4247.37548828125,1601.0640217857142,1601.0568414285715,1599.875,532278.2,174.51204,0.035932533,25705.209286866422,4.1145339750005195e-05,5.0,5.0,0.5
379,7783.7860107421875,4280.4901123046875,1601.0759366666668,1601.069264,1599.875,549216.44,171.70177,0.03374557,23973.923018587862,3.8861956896024345e-05,5.0,5.0,0.5
380,7259.3780517578125,4169.1680908203125,1601.0623060714286,1601.053582142857,1599.875,552329.94,169.49026,0.041506194,25654.861938617247,5.147156137273011e-05,5.0,5.0,0.5
381,5689.3310546875,3987.0147705078125,1601.0115645454543,1601.0009781818183,1599.875,555358.3,167.12143,0.048459735,32626.375118748194,6.334533920248442e-05,5.0,5.0,0.5
382,5683.2550048828125,3905.9600830078125,1600.9941863636363,1600.9788827272728,1599.875,562522.94,166.23029,0.048810553,32593.008566937075,9.206286510446544e-05,5.0,5.0,0.5
383,5159.9945068359375,3904.2022705078125,1600.969191,1600.952479,1599.875,564549.44,165.53189,0.053243347,35833.9912587311,0.00010095939768537937,5.0,5.0,0.5
384,4645.2117919921875,3836.8133544921875,1600.9739466666665,1600.9578866666666,1599.875,568282.25,164.03679,0.049421567,39767.97205237377,9.790486697320768e-05,5.0,5.0,0.5
385,6067.822265625,3944.6319580078125,-4.9999999999999994e+29,-4.9999999999999994e+29,1600.3281,236506.4,98.96395,0.03691605,30452.733275381248,0.0,5.0,5.0,0.5
386,17685.598754882812,5270.4315185546875,1601.128930882353,1601.119087647059,1600.1562,22568.572,216.79523,0.08041625,10732.009726666623,4.540337639329414e-05,5.0,5.0,0.5
389,15599.3408203125,5229.0679931640625,1601.1211635,1601.1116216666667,1599.875,11909.241,197.86076,0.08224077,12100.558102732723,4.822498994797145e-05,5.0,5.0,0.5
390,13549.27978515625,4990.2069091796875,1601.165504423077,1601.1575465384617,1600.1875,10383.249,167.7408,0.07881435,13944.26825475998,4.7441556646232026e-05,5.0,5.0,0.5
391,11964.212036132812,4767.5537109375,1601.1255069565218,1601.1198252173913,1599.875,9062.171,179.16576,0.06359227,15750.197713487976,3.171219350292157e-05,5.0,5.0,0.5
392,10412.70751953125,4645.7275390625,1601.1439850000002,1601.137915,1599.875,8747.175,175.827,0.054764383,18091.750381958693,3.4522571296890064e-05,5.0,5.0,0.5
393,9368.93310546875,4589.9383544921875,1601.1373383333332,1601.1323511111111,1599.875,8058.3457,174.34047,0.048397448,20090.794401197152,2.8606222298220708e-05,5.0,5.0,0.5
394,9884.65576171875,4667.047119140625,1601.1257836842105,1601.122302105263,1599.875,8364.99,183.51115,0.041289378,19013.23242693597,1.8972029047026863e-05,5.0,5.0,0.5
395,8828.897094726562,4437.97607421875,1601.091525,1601.0863764705882,1599.875,99247.25,185.77072,0.043225095,21242.273752593075,2.7714428689522055e-05,5.0,5.0,0.5
396,9352.81982421875,4541.0797119140625,1601.1019608333334,1601.0965455555554,1599.875,504215.28,184.23396,0.03570409,20038.692761822356,2.9393482555565515e-05,5.0,5.0,0.5
397,7784.0667724609375,4290.1336669921875,1601.0769986666667,1601.070012,1599.875,533106.4,181.72523,0.034405936,24034.291332314708,3.844632071778779e-05,5.0,5.0,0.5
398,8830.398559570312,4429.1534423828125,1601.095955,1601.089909411765,1599.875,548977.25,178.71555,0.03122349,21185.844614828366,3.382799304323051e-05,5.0,5.0,0.5
399,7782.6141357421875,4283.92333984375,1601.0742903333335,1601.06614,1599.875,553201.56,176.57275,0.039210517,23993.608834928225,4.615849927723147e-05,5.0,5.0,0.5
400,5689.68505859375,3993.1610107421875,1601.0129013636363,1601.0022654545455,1599.875,555381.5,173.92937,0.048832867,32676.419331786736,6.115073762529512e-05,5.0,5.0,0.5
401,5160.0799560546875,3912.9180908203125,1600.969533,1600.952821,1599.875,563906.94,174.95294,0.051975004,35919.45308159511,9.552282927568637e-05,5.0,5.0,0.5
402,5160.0311279296875,3907.9376220703125,1600.969337,1600.952625,1599.875,568355.8,174.69203,0.052036483,35870.60059921714,9.566549671514094e-05,5.0,5.0,0.5
403,4645.2667236328125,3878.2073974609375,1600.9741911111112,1600.958131111111,1599.875,572354.6,172.2773,0.047892008,39829.01338098579,9.322180106754567e-05,5.0,5.0,0.5
404,4645.2362060546875,3839.2791748046875,1600.9740555555554,1600.9579955555555,1599.875,577308.06,169.55415,0.053012088,39795.08464940779,9.471900082578841e-05,5.0,5.0,0.5
405,5996.5606689453125,3861.9354248046875,-6.666666666666666e+29,-6.666666666666666e+29,1600.5938,397730.2,113.086784,0.12596549,30693.078690753697,0.0,5.0,5.0,0.5
406,6068.463134765625,3968.4539794921875,-4.9999999999999994e+29,-4.9999999999999994e+29,1600.3594,335894.7,107.56653,0.03147069,30640.32178718845,0.0,5.0,5.0,0.5
407,7328.9764404296875,4532.3577880859375,1601.2535624999998,1601.2524335714284,1600.3125,11117.261,98.57382,0.019587537,26207.885892599694,1.1452620465654885e-05,5.0,5.0,0.5
408,17685.748291015625,5319.964599609375,1601.1290975,1601.119263529412,1600.1562,22034.527,220.34856,0.080261014,10774.130144237006,4.4629158200114645e-05,5.0,5.0,0.5
409,15601.300048828125,5132.55615234375,1601.1248118333335,1601.1142343333333,1600.1562,13453.327,205.6955,0.08751943,12178.59952612984,5.142309980608101e-05,5.0,5.0,0.5
410,16111.380004882812,5176.84326171875,1601.110909032258,1601.1013780645162,1599.875,12762.111,208.59465,0.082537934,11771.260876464223,4.5691333547952374e-05,5.0,5.0,0.5
411,14576.324462890625,5117.8375244140625,1601.1451751785714,1601.1358214285715,1599.875,11258.468,198.32126,0.08362793,13003.792789478946,4.716463614931591e-05,5.0,5.0,0.5
412,11451.617431640625,4753.3843994140625,1601.138686590909,1601.1336231818182,1599.875,9588.992,186.80917,0.06146675,16515.661234383973,2.710471329452272e-05,5.0,5.0,0.5
413,11452.28271484375,4714.7125244140625,1601.1404604545453,1601.1348318181817,1599.875,9159.874,182.94469,0.06468328,16502.165635409838,3.0766875273884116e-05,5.0,5.0,0.5
414,9891.552734375,4570.9991455078125,1601.141322105263,1601.1368215789473,1599.875,8958.9375,185.28113,0.046336394,19076.140338131983,2.4290257545450216e-05,5.0,5.0,0.5
415,11435.97412109375,4829.0740966796875,1601.1103954545456,1601.10518,1599.875,8933.873,190.91759,0.05604824,16467.05143515555,2.7317831845011486e-05,5.0,5.0,0.5
416,7792.7886962890625,4422.8515625,1601.0980273333334,1601.0932706666667,1599.875,8373.668,185.80293,0.055586714,24117.88452666901,2.560060057492849e-05,5.0,5.0,0.5
417,9352.908325195312,4550.018310546875,1601.1022016666666,1601.0967422222222,1599.875,496832.66,191.1546,0.03606825,20087.99597170163,2.8560361015481372e-05,5.0,5.0,0.5
418,8307.672119140625,4440.826416015625,1601.0881540625,1601.081680625,1599.875,525748.94,188.75072,0.033207197,22575.780865419285,3.429622730635424e-05,5.0,5.0,0.5
419,7784.2315673828125,4367.132568359375,1601.0771933333333,1601.0704513333333,1599.875,548054.94,185.7805,0.03451562,24068.67784378071,3.6290137640183396e-05,5.0,5.0,0.5
420,8306.500244140625,4328.216552734375,1601.0865721875,1601.078751875,1599.875,552152.06,183.35551,0.03945186,22541.768594170288,4.265108971561222e-05,5.0,5.0,0.5
421,7259.552001953125,4146.5484619140625,1601.062810357143,1601.0540785714286,1599.875,555305.0,180.9119,0.041330617,25746.344884887338,4.826540387586901e-05,5.0,5.0,0.5
422,4643.8201904296875,3856.1737060546875,1600.9634477777777,1600.9517022222221,1599.875,563248.56,179.92303,0.05630099,39998.64844910119,6.528099960747427e-05,5.0,5.0,0.5
423,5692.10205078125,3997.9339599609375,1601.0244540909089,1601.0110536363636,1599.875,571962.56,183.1012,0.038167562,32695.702267972694,7.318605676451876e-05,5.0,5.0,0.5
424,5692.0379638671875,3955.4962158203125,1601.0241050000002,1601.0108209090906,1599.875,584496.4,182.1885,0.039786264,32637.34324259993,7.291398959499691e-05,5.0,5.0,0.5
425,7008.453369140625,3909.50927734375,-6.071428571428572e+29,-6.428571428571428e+29,1600.4688,392323.62,117.42343,22.907019,26361.600767910677,3.0414956614319202e+26,5.0,5.0,0.5
426,7603.955078125,4087.3809814453125,-4.3333333333333336e+29,-4.666666666666667e+29,1600.3438,217874.83,110.07788,4.8266416,24577.254279647663,3.02815907002396e+26,5.0,5.0,0.5
427,18209.130859375,5334.429931640625,1601.132519142857,1601.1229362857143,1600.1562,22751.152,227.64424,0.07868462,10507.274795913341,4.209575909593806e-05,5.0,5.0,0.5
428,15601.513671875,5187.4969482421875,1601.1250175,1601.1145193333332,1600.1562,13743.554,212.8229,0.0872988,12240.358735826723,4.932818012759327e-05,5.0,5.0,0.5
429,16114.5751953125,5177.154541015625,1601.116016451613,1601.1055006451613,1599.9688,13080.669,207.8596,0.08796843,11811.286501934064,5.059090970653338e-05,5.0,5.0,0.5
430,14576.480102539062,5133.55712890625,1601.1453973214286,1601.1360435714287,1599.875,11536.328,205.63303,0.08385162,13058.987247552093,4.5487586193224346e-05,5.0,5.0,0.5
431,11975.6591796875,4840.0634765625,1601.144632826087,1601.1397339130435,1599.875,9835.401,193.78317,0.060574744,15858.467161525125,2.5280384140404916e-05,5.0,5.0,0.5
432,11964.352416992188,4783.8897705078125,1601.1256447826088,1601.1200691304348,1599.875,9565.114,190.16585,0.06405147,15820.931190617925,2.931994487518011e-05,5.0,5.0,0.5
433,10413.043212890625,4650.1434326171875,1601.14423525,1601.1385865,1599.875,9361.739,192.60434,0.05640024,18178.912725984326,2.9328259227356978e-05,5.0,5.0,0.5
434,10905.874633789062,4713.1866455078125,1601.0904533333332,1601.0855942857143,1599.875,9881.099,200.83888,0.047520798,17278.559332721034,2.4193759494217395e-05,5.0,5.0,0.5
435,7792.864990234375,4430.5572509765625,1601.0982306666667,1601.093474,1599.875,8842.125,192.78261,0.055927172,24168.69219550941,2.4673733358316706e-05,5.0,5.0,0.5
436,9353.22265625,4484.5611572265625,1601.1030516666667,1601.0974394444445,1599.875,276287.16,197.52405,0.04022765,20115.235254722153,2.8412855463772267e-05,5.0,5.0,0.5
437,8831.396484375,4519.921875,1601.0984288235293,1601.0922570588236,1599.875,526389.9,195.76205,0.03212522,21287.575590105793,3.152686930667088e-05,5.0,5.0,0.5
438,7784.2742919921875,4335.7635498046875,1601.0775270000001,1601.0705653333332,1599.875,547524.75,192.9025,0.034784336,24097.10500152216,3.608904394241136e-05,5.0,5.0,0.5
439,8830.169677734375,4407.2021484375,1601.0968097058824,1601.0893705882354,1599.875,552318.94,190.2284,0.039419185,21255.70196469487,3.9106242280509316e-05,5.0,5.0,0.5
440,7783.1695556640625,4223.919677734375,1601.0758396666668,1601.0676206666665,1599.875,554988.0,187.8253,0.03971171,24064.501525819425,4.37587476625166e-05,5.0,5.0,0.5
441,5167.3126220703125,3971.4813232421875,1600.9924815,1600.9817520000001,1599.875,564477.7,188.49713,0.051700704,36072.23214864483,5.692129064823014e-05,5.0,5.0,0.5
442,6215.6280517578125,4076.0894775390625,1601.04364625,1601.0312608333334,1599.875,581473.6,192.64624,0.03519267,30021.869248394218,6.429098565072908e-05,5.0,5.0,0.5
443,6735.833740234375,4069.4122314453125,1601.0546419230768,1601.038143076923,1599.875,608049.25,190.91966,0.028717427,27687.050671937104,8.641774210091382e-05,5.0,5.0,0.5
444,7533.1298828125,4011.5325927734375,-5.333333333333333e+29,-6e+29,1600.3906,389461.97,122.18522,10.706242,24789.204265949615,5.45619734656854e+26,5.0,5.0,0.5
445,7329.425048828125,4578.9093017578125,1601.2546525,1601.253715,1600.3594,10659.524,108.79735,0.020483984,26535.564577782294,8.616937976926383e-06,5.0,5.0,0.5
446,17686.1572265625,5359.7015380859375,1601.1295750000002,1601.1197444117647,1600.1562,22415.027,231.69633,0.0808255,10889.922321557595,4.242876022308214e-05,5.0,5.0,0.5
447,15601.394653320312,5173.2177734375,1601.1247161666665,1601.1143603333333,1600.1562,13477.125,215.8676,0.0926082,12313.839390625659,4.79730786735669e-05,5.0,5.0,0.5
448,16111.697387695312,5208.89892578125,1601.1113187096773,1601.1017877419356,1599.875,13114.45,220.48315,0.08352352,11873.674834255955,4.3227645994694896e-05,5.0,5.0,0.5
449,12503.408813476562,4968.890380859375,1601.1597779166668,1601.1515154166666,1600.1875,10629.398,184.53473,0.08403322,15312.04502367992,4.477476974024331e-05,5.0,5.0,0.5
450,11964.620971679688,4808.856201171875,1601.1262182608696,1601.1205365217393,1599.875,9776.586,197.29207,0.06476946,15927.95269189215,2.879861909314429e-05,5.0,5.0,0.5
451,11452.508544921875,4737.5213623046875,1601.1408713636365,1601.1352427272725,1599.875,9579.887,194.08287,0.0655911,16605.92270711507,2.9001201136345564e-05,5.0,5.0,0.5
452,11454.39453125,4802.0721435546875,1601.1441647727274,1601.1386713636364,1599.875,9073.208,193.5561,0.049183622,16582.379568661083,2.8381481672069057e-05,5.0,5.0,0.5
453,9885.4248046875,4693.731689453125,1601.1272260526316,1601.1239210526317,1599.875,9372.685,201.39354,0.043712594,19149.648534620257,1.6410655522168408e-05,5.0,5.0,0.5
454,8829.806518554688,4462.8387451171875,1601.0934738235294,1601.088515882353,1599.875,39239.723,203.0654,0.04443649,21377.12420829271,2.4415489771464608e-05,5.0,5.0,0.5
455,9876.681518554688,4597.88818359375,1601.11079,1601.105515263158,1599.875,501565.56,202.41045,0.035190832,19091.670502982222,2.605960780136642e-05,5.0,5.0,0.5
456,8307.8125,4345.91064453125,1601.0886693749999,1601.082031875,1599.875,534448.25,199.79367,0.033714704,22654.215054131306,3.3221773133053427e-05,5.0,5.0,0.5
457,8831.57958984375,4485.6964111328125,1601.0988052941177,1601.0926876470587,1599.875,548693.5,197.09885,0.0324426,21296.31361805445,3.1038472165794185e-05,5.0,5.0,0.5
458,9876.864624023438,4519.5526123046875,1601.1127081578948,1601.1059010526315,1599.875,554407.06,194.65744,0.03460124,19043.807858351178,3.4969663922516116e-05,5.0,5.0,0.5
459,6213.1927490234375,4086.02294921875,1601.032945,1601.0231441666665,1599.875,557374.75,192.38683,0.047037944,30128.79170887721,5.094337049755504e-05,5.0,5.0,0.5
460,6207.0892333984375,4006.9000244140625,1601.0170204166668,1601.0027983333332,1599.875,570958.25,197.1636,0.046647284,30116.007266990695,7.213341099452109e-05,5.0,5.0,0.5
461,6973.3734130859375,3937.7227783203125,-6.428571428571428e+29,-7.142857142857143e+29,1600.4844,459227.5,130.35425,0.038208432,26799.125960471596,5.479573738393701e+26,5.0,5.0,0.5
462,8166.7755126953125,4185.75439453125,-3.75e+29,-3.75e+29,1600.3594,381822.47,126.2528,0.43926972,23459.184525266617,0.0,5.0,5.0,0.5
463,18211.181640625,5401.0223388671875,1601.134983,1601.1252797142856,1600.1562,23000.174,239.01155,0.0805108,10687.766832600972,4.059755973141175e-05,5.0,5.0,0.5
464,16649.859619140625,5318.12744140625,1601.13488875,1601.1248253125,1600.1562,14424.308,224.79517,0.08408257,11650.540303326088,4.4767143700030255e-05,5.0,5.0,0.5
465,16115.170288085938,5237.2589111328125,1601.1167841935483,1601.1062683870969,1599.9688,13236.71,219.02655,0.08874759,12003.267474935112,4.801156041278327e-05,5.0,5.0,0.5
466,15600.7080078125,5271.063232421875,1601.1231285,1601.1134443333333,1599.875,12045.101,218.96223,0.08325121,12355.009813522638,4.4227565949195205e-05,5.0,5.0,0.5
467,11452.273559570312,4819.6533203125,1601.1398793181818,1601.1348159090908,1599.875,9985.219,204.69943,0.06256795,16813.89862464297,2.473582379935659e-05,5.0,5.0,0.5
468,11452.853393554688,4770.1934814453125,1601.1415068181816,1601.1358695454546,1599.875,9753.923,201.14618,0.06587646,16751.25778675947,2.802575097083267e-05,5.0,5.0,0.5
469,10413.265991210938,4698.687744140625,1601.14496125,1601.1390315,1599.875,9509.78,198.05402,0.055779338,18354.62788962918,2.9940064414339217e-05,5.0,5.0,0.5
470,11436.09619140625,4871.3104248046875,1601.110135,1601.105401818182,1599.875,9744.667,209.34793,0.055417296,16659.915406368393,2.2609164549413286e-05,5.0,5.0,0.5
471,7793.1365966796875,4457.989501953125,1601.0989553333334,1601.0941986666667,1599.875,9225.621,204.00491,0.056678552,24349.826571334175,2.3316431889127094e-05,5.0,5.0,0.5
472,9876.870727539062,4616.998291015625,1601.1111884210527,1601.1059136842105,1599.875,493490.97,209.09811,0.03609549,19191.808052493856,2.522613303864564e-05,5.0,5.0,0.5
473,8307.919311523438,4465.7928466796875,1601.0887075,1601.08229875,1599.875,527323.75,206.95795,0.033920858,22730.26751922138,3.096643593437987e-05,5.0,5.0,0.5
474,8308.102416992188,4426.08642578125,1601.0893515625,1601.0827562499999,1599.875,548391.7,204.02165,0.034276612,22705.4784622487,3.232653215160148e-05,5.0,5.0,0.5
475,8831.893920898438,4457.281494140625,1601.0997252941177,1601.093427647059,1599.875,552480.75,201.39609,0.06646086,21347.69074181506,3.126995728848119e-05,5.0,5.0,0.5
476,8306.918334960938,4275.42724609375,1601.0877165625,1601.0797975,1599.875,555922.44,199.0273,0.038754072,22655.86867193847,3.978882585730487e-05,5.0,5.0,0.5
477,4644.0277099609375,3877.1331787109375,1600.96437,1600.9526244444444,1599.875,561701.56,198.13487,0.058269355,40229.230422237364,5.9280607250488814e-05,5.0,5.0,0.5
478,6739.4317626953125,4056.8817138671875,1601.0608149999998,1601.0492138461536,1599.875,576243.94,203.65068,0.036869515,27839.242073370835,5.696594686210284e-05,5.0,5.0,0.5
479,7498.492431640625,3985.41259765625,-6e+29,-6.666666666666666e+29,1600.3906,440802.06,134.57501,0.03628179,25079.564161224316,4.953866663159289e+26,5.0,5.0,0.5
480,8167.596435546875,4238.4033203125,-3.75e+29,-3.75e+29,1600.3594,337500.4,128.19026,0.035830915,23505.491869037007,0.0,5.0,5.0,0.5
481,18736.077880859375,5523.333740234375,1601.1401491666666,1601.130364722222,1600.1562,22164.242,242.60434,0.07952939,10427.445105757179,4.0330871494702604e-05,5.0,5.0,0.5
482,16126.669311523438,5296.466064453125,1601.1312403225807,1601.1211064516128,1600.1562,13775.713,227.78728,0.11334057,12077.729379662453,4.448830984514602e-05,5.0,5.0,0.5
483,16636.923217773438,5338.0828857421875,1601.11801390625,1601.1086546875,1599.875,12923.572,228.41435,0.08096604,11672.793604761471,4.0974740208615496e-05,5.0,5.0,0.5
484,14598.74267578125,5233.8165283203125,1601.1751337500002,1601.1678467857143,1600.1875,11093.069,197.03146,0.0748019,13292.100641502879,3.6983759608104364e-05,5.0,5.0,0.5
485,11453.18603515625,4834.66796875,1601.141981590909,1601.1364745454543,1599.875,9901.614,208.2038,0.06602632,16912.32243385827,2.645026435709011e-05,5.0,5.0,0.5
486,10937.881469726562,4799.505615234375,1601.1523288095236,1601.1465595238094,1599.875,9655.9375,205.05466,0.05655379,17608.954168069944,2.8135355710148183e-05,5.0,5.0,0.5
487,10416.9921875,4764.8529052734375,1601.15124175,1601.1464845,1599.875,9269.01,203.95903,0.0469144,18436.704120650928,2.3324537268494128e-05,5.0,5.0,0.5
488,8317.498779296875,4553.466796875,1601.1108334375,1601.106248125,1599.875,9408.088,211.11938,0.056694027,22966.161558566062,2.171905012466076e-05,5.0,5.0,0.5
489,9876.812744140625,4596.563720703125,1601.1111684210525,1601.1057905263158,1599.875,301508.8,215.61684,0.040478587,19270.94435539308,2.4941905385693752e-05,5.0,5.0,0.5
490,8308.090209960938,4483.0535888671875,1601.089135,1601.08272625,1599.875,529286.44,214.157,0.034468394,22837.079895799452,2.9925475559513094e-05,5.0,5.0,0.5
491,8308.200073242188,4400.2655029296875,1601.0897790625,1601.083000625,1599.875,548344.44,210.96274,0.034881648,22766.557071435902,3.213097044023289e-05,5.0,5.0,0.5
492,8832.003784179688,4468.377685546875,1601.0999835294117,1601.093685882353,1599.875,552831.25,208.41135,0.07760715,21415.76600094828,3.021739059068162e-05,5.0,5.0,0.5
493,8307.037353515625,4353.2012939453125,1601.0877853125,1601.080095,1599.875,555524.4,205.8665,0.039437596,22692.212759656664,3.7355822671959314e-05,5.0,5.0,0.5
494,4644.097900390625,3920.4986572265625,1600.9646822222223,1600.9529366666666,1599.875,562289.2,205.29738,0.05778058,40307.23571026765,5.7212399102660195e-05,5.0,5.0,0.5
495,6730.7037353515625,4052.4749755859375,1601.0356642307693,1601.0223584615383,1599.875,567146.6,205.71239,0.045608573,27872.16249648912,6.468141962455062e-05,5.0,5.0,0.5
496,7786.676025390625,4167.8375244140625,1601.0872116666667,1601.0769699999998,1599.875,593685.25,211.24731,0.033551883,24145.699050636787,4.848187866130633e-05,5.0,5.0,0.5
497,8023.895263671875,4051.69677734375,-5.625e+29,-6.25e+29,1600.375,436256.78,139.41046,0.037506305,23689.511939524327,4.4831642733837065e+26,5.0,5.0,0.5
498,8692.172241210938,4338.458251953125,-3.529411764705882e+29,-3.529411764705882e+29,1600.3594,226269.36,130.78543,0.03472012,22276.73915953214,0.0,5.0,5.0,0.5
499,17700.286865234375,5485.9954833984375,1601.146285882353,1601.136367647059,1600.1562,14284.778,235.56693,0.08295804,11127.125223594358,4.21036836641e-05,5.0,5.0,0.5
500,17688.607788085938,5398.2208251953125,1601.1326923529411,1601.1226270588236,1599.9688,13591.882,230.60692,0.08476751,11088.152719678605,4.364697377789293e-05,5.0,5.0,0.5
501,16138.861083984375,5366.058349609375,1601.1460556451614,1601.1368374193548,1599.875,12061.037,229.04446,0.082531944,12140.578288625833,4.0246446655241636e-05,5.0,5.0,0.5
502,12501.3916015625,5018.0419921875,1601.1530339583333,1601.1481533333333,1599.875,10223.36,216.18001,0.06176464,15625.065134337163,2.2576671388682522e-05,5.0,5.0,0.5
503,11979.080200195312,4975.531005859375,1601.1514547826089,1601.1456830434781,1599.875,9857.22,212.25427,0.06888008,16276.066896610646,2.719256985421947e-05,5.0,5.0,0.5
504,10416.751098632812,4781.591796875,1601.150601,1601.146002,1599.875,9528.411,212.96387,0.04645604,18630.515292837903,2.1595212656658246e-05,5.0,5.0,0.5
505,10931.893920898438,4871.270751953125,1601.1399738095238,1601.1351552380952,1599.875,9859.364,219.88246,0.046509087,17658.844713761406,2.1914305464230052e-05,5.0,5.0,0.5
506,9353.494262695312,4599.7222900390625,1601.1028891666667,1601.098043888889,1599.875,45479.1,221.31142,0.043938283,20553.29947084254,2.189348318163149e-05,5.0,5.0,0.5
507,10400.799560546875,4725.5950927734375,1601.1191999999999,1601.1141005,1599.875,506308.4,220.57927,0.035197735,18411.748695350878,2.311867299938816e-05,5.0,5.0,0.5
508,7784.869384765625,4395.867919921875,1601.0791136666667,1601.072152,1599.875,535163.56,217.9554,0.03639207,24493.995451971387,3.194078565027553e-05,5.0,5.0,0.5
509,8831.964111328125,4524.5330810546875,1601.099641764706,1601.0935923529412,1599.875,549395.5,215.24889,0.03354378,21522.49549394338,2.8104265132690576e-05,5.0,5.0,0.5
510,9877.243041992188,4553.4698486328125,1601.1134555263156,1601.1066968421053,1599.875,555269.9,212.90639,0.03549572,19221.446423718546,3.1744863529652894e-05,5.0,5.0,0.5
511,6214.1387939453125,4111.993408203125,1601.0351675000002,1601.0262974999998,1599.875,559700.9,211.05263,0.047701564,30337.32633334133,4.202743222268111e-05,5.0,5.0,0.5
512,6207.574462890625,4029.052734375,1601.0186979166667,1601.0044158333333,1599.875,566906.4,212.29451,0.049251184,30296.578732958176,6.727485953833972e-05,5.0,5.0,0.5
513,7263.1744384765625,4102.9388427734375,1601.075344642857,1601.0644278571428,1599.875,573170.5,213.48041,0.037555236,25920.543944874644,5.113717849380305e-05,5.0,5.0,0.5
514,8512.332153320312,4111.80419921875,-5.8823529411764705e+29,-6.470588235294117e+29,1600.5938,485026.66,148.15211,5.5609736,22422.82906762541,3.970481924210796e+26,5.0,5.0,0.5
515,9146.734619140625,4252.496337890625,-4.444444444444444e+29,-4.444444444444444e+29,1600.375,412742.75,143.72707,1.455784,21701.566477638913,0.0,5.0,5.0,0.5
516,20310.369873046875,5681.57958984375,1601.1528393589745,1601.1436492307691,1600.1562,23227.68,254.65306,0.07662701,9740.37168756119,3.608881893021989e-05,5.0,5.0,0.5
517,17177.4169921875,5462.2467041015625,1601.143676060606,1601.1336124242423,1600.1562,13897.218,238.57237,0.08616672,11498.509331654877,4.218274002489081e-05,5.0,5.0,0.5
518,17175.784301757812,5487.5213623046875,1601.141100909091,1601.1316333333334,1599.9688,13226.454,233.91403,0.08636962,11468.533106218667,4.0474595206145905e-05,5.0,5.0,0.5
519,14078.84521484375,5259.6343994140625,1601.1782209259259,1601.170048888889,1600.1875,10958.935,206.78949,0.08257464,13995.46611758359,3.951862856758681e-05,5.0,5.0,0.5
520,13015.249633789062,5022.686767578125,1601.1427566000002,1601.1368995999999,1599.875,10110.216,219.48683,0.064932086,15057.065543847442,2.6684972195832092e-05,5.0,5.0,0.5
521,10941.616821289062,4815.2801513671875,1601.1580026190477,1601.1536747619048,1599.875,9784.513,220.88979,0.047267478,17887.329366873375,1.9592835077935348e-05,5.0,5.0,0.5
522,11456.793212890625,4977.8076171875,1601.1482095454544,1601.1430331818183,1599.875,10003.619,227.03506,0.047456756,17035.220032041798,2.2799842143382027e-05,5.0,5.0,0.5
523,8842.092895507812,4638.9129638671875,1601.121966764706,1601.1174252941178,1599.875,9533.458,221.85538,0.05546869,21896.335407185015,2.0470410253914288e-05,5.0,5.0,0.5
524,10925.601196289062,4830.712890625,1601.1281578571427,1601.1231704761906,1599.875,507268.4,227.594,0.036784,17683.121950465833,2.1913499830906528e-05,5.0,5.0,0.5
525,8308.551025390625,4451.6510009765625,1601.09041625,1601.083878125,1599.875,534962.44,225.02861,0.035580307,23087.11284013743,2.9054638845549103e-05,5.0,5.0,0.5
526,8832.229614257812,4588.201904296875,1601.1002664705882,1601.0942170588235,1599.875,549968.94,222.30867,0.034014992,21678.75283914394,2.7211767150201194e-05,5.0,5.0,0.5
527,9354.312133789062,4498.5015869140625,1601.106961388889,1601.099861111111,1599.875,554856.6,219.9896,0.037696462,20377.846775026264,3.227551660401357e-05,5.0,5.0,0.5
528,5168.0206298828125,4025.9979248046875,1600.995155,1600.984584,1599.875,561531.75,218.80344,0.055067323,36603.634715665765,4.831276957887257e-05,5.0,5.0,0.5
529,6207.684326171875,4040.14892578125,1601.0190645833334,1601.0047825,1599.875,566993.0,219.2059,0.049682517,30388.140654313742,6.515373535410307e-05,5.0,5.0,0.5
530,7263.336181640625,4114.6484375,1601.0757846428571,1601.0648899999999,1599.875,579273.0,222.6945,0.036505755,26003.30642782538,4.892192071249505e-05,5.0,5.0,0.5
531,9075.384521484375,4213.6016845703125,-5e+29,-5.555555555555555e+29,1600.5781,481953.97,152.53282,0.8618239,21441.923629257028,3.64220336008154e+26,5.0,5.0,0.5
532,10268.692016601562,4464.07470703125,-3e+29,-3e+29,1600.3594,385147.25,147.373,1.2219613,19310.3309514179,0.0,5.0,5.0,0.5
533,20312.7197265625,5749.462890625,1601.155790897436,1601.1460592307692,1600.1562,22998.26,258.9484,0.078486055,9815.44943339329,3.758149061015717e-05,5.0,5.0,0.5
534,18739.7705078125,5566.0308837890625,1601.1444093055554,1601.1344675,1599.9688,13797.964,241.87761,0.086239345,10622.926557113758,4.110262866458061e-05,5.0,5.0,0.5
535,18213.064575195312,5566.6229248046875,1601.1367890000001,1601.1274317142856,1599.875,13146.508,244.10942,0.07963914,10893.019020083253,3.833234163895183e-05,5.0,5.0,0.5
536,13028.3203125,5115.2984619140625,1601.1631748,1601.1578132000002,1599.875,10332.703,227.05339,0.06330082,15224.934468834566,2.361382927562219e-05,5.0,5.0,0.5
537,13552.935791015625,5139.63623046875,1601.1689330769232,1601.1631703846153,1599.875,10073.651,223.57034,0.06534764,14589.478298414468,2.577574570064023e-05,5.0,5.0,0.5
538,11956.723022460938,5020.10498046875,1601.1117441304348,1601.1068008695654,1599.875,10694.384,237.66818,0.04900215,16455.134143113457,2.079900144819891e-05,5.0,5.0,0.5
539,10937.7685546875,4940.1458740234375,1601.1504754761904,1601.1463457142856,1599.875,9765.635,229.6673,0.051586453,17944.17327120432,1.798149737550952e-05,5.0,5.0,0.5
540,10403.7353515625,4763.9892578125,1601.125501,1601.119971,1599.875,190050.95,233.65385,0.044639237,18752.22736194835,2.366748887928954e-05,5.0,5.0,0.5
541,8833.587646484375,4644.8516845703125,1601.1037679411766,1601.0974129411763,1599.875,531483.44,232.23738,0.03822759,22003.783682932346,2.7364242454663748e-05,5.0,5.0,0.5
542,9357.65380859375,4661.5966796875,1601.1136613888889,1601.1072866666666,1599.875,548785.5,229.11952,0.038671162,20667.70938609497,2.782269343096188e-05,5.0,5.0,0.5
543,9354.730224609375,4540.728759765625,1601.1078908333334,1601.1007905555555,1599.875,554506.3,226.88972,0.0381465,20610.086080536807,3.129395915267956e-05,5.0,5.0,0.5
544,7783.9996337890625,4304.736328125,1601.0780246666666,1601.0698340000001,1599.875,557368.2,224.30072,0.04210887,24597.52582758077,3.6516452816582666e-05,5.0,5.0,0.5
545,6208.02001953125,4074.053955078125,1601.02018375,1601.0059016666667,1599.875,566787.44,225.814,0.049681287,30667.91770340149,6.324711322863334e-05,5.0,5.0,0.5
546,7254.9102783203125,4128.8543701171875,1601.0532760714286,1601.0408157142858,1599.875,573328.56,227.5725,0.045768566,26164.69675107911,5.475335307899173e-05,5.0,5.0,0.5
547,9601.419067382812,4268.00537109375,-4.736842105263158e+29,-5.263157894736842e+29,1600.4531,479376.4,157.22443,0.2036438,20306.24651746945,3.3475446656832845e+26,5.0,5.0,0.5
548,10233.45947265625,4482.92236328125,-3.25e+29,-3.5000000000000005e+29,1600.3594,309973.22,147.78252,3.0067906,19254.08691475041,1.6916750773742115e+26,5.0,5.0,0.5
549,19277.432250976562,5701.513671875,1601.1626283783783,1601.152968108108,1600.1562,15216.073,252.40149,0.08044311,10396.31864881483,3.827342817416139e-05,5.0,5.0,0.5
550,18742.337036132812,5656.488037109375,1601.1472459722222,1601.1373194444445,1599.9688,13471.665,245.72594,0.08858627,10662.063614573708,4.039674404471712e-05,5.0,5.0,0.5
551,17203.61328125,5605.70068359375,1601.1743248484847,1601.1653654545455,1599.875,12158.467,243.58743,0.0815846,11596.00869721535,3.678101876594808e-05,5.0,5.0,0.5
552,13554.57763671875,5169.0338134765625,1601.1717884615387,1601.1656965384614,1599.875,10256.296,230.56172,0.065473035,14695.348385763742,2.6422092226264784e-05,5.0,5.0,0.5
553,11468.771362304688,4942.9412841796875,1601.169616590909,1601.1648113636363,1599.875,10085.402,232.86635,0.050096855,17301.812251619172,2.0635129586234618e-05,5.0,5.0,0.5
554,11462.857055664062,5046.3592529296875,1601.1577070454548,1601.1540590909092,1599.875,9928.476,237.00803,0.04999287,17268.21680054488,1.5391692025312572e-05,5.0,5.0,0.5
555,10928.973388671875,4834.600830078125,1601.1356438095238,1601.1295923809525,1599.875,150639.23,240.59888,0.04597344,18015.728006495174,2.515152459515956e-05,5.0,5.0,0.5
556,9882.223510742188,4815.6463623046875,1601.122289736842,1601.1171815789473,1599.875,521259.0,238.6484,0.036998916,19811.63604643339,2.1404533804773235e-05,5.0,5.0,0.5
557,9882.6904296875,4770.2392578125,1601.1249097368423,1601.1181642105264,1599.875,549014.1,236.22469,0.040037848,19757.017569798863,2.855555208699491e-05,5.0,5.0,0.5
558,9879.69970703125,4638.56201171875,1601.1188071052632,1601.1118684210526,1599.875,553710.6,233.57712,0.04333382,19648.506326500647,2.9706181291954417e-05,5.0,5.0,0.5
559,6214.263916015625,4231.4361572265625,1601.0364183333334,1601.0267141666666,1599.875,559188.06,231.9694,0.049050197,31021.48427745375,4.183382122997467e-05,5.0,5.0,0.5
560,6208.2244873046875,4094.7052001953125,1601.0208645833334,1601.0065825,1599.875,566736.56,232.56458,0.050091673,30838.356825585044,6.141125887922092e-05,5.0,5.0,0.5
561,7263.787841796875,4164.892578125,1601.077096785714,1601.06618,1599.875,574401.9,235.12305,0.03658729,26358.711679371012,4.643009632237457e-05,5.0,5.0,0.5
562,10127.749633789062,4336.43798828125,-4.5e+29,-5e+29,1600.4062,477299.16,161.90315,0.08362704,19422.350341865746,3.088265993496055e+26,5.0,5.0,0.5
563,22412.78076171875,5988.96484375,1601.170697790698,1601.1615990697674,1600.1562,24140.36,272.72287,0.0748844,9023.13207187187,3.336251534299075e-05,5.0,5.0,0.5
564,18755.368041992188,5692.8558349609375,1601.1617986111112,1601.151798888889,1600.1562,14224.941,254.86322,0.09395198,10761.357467583648,3.923564260739371e-05,5.0,5.0,0.5
565,19265.087890625,5736.4501953125,1601.1488933783785,1601.139622972973,1599.875,13495.319,256.15887,0.079023965,10450.926249362417,3.619006143406213e-05,5.0,5.0,0.5
566,15656.280517578125,5490.814208984375,1601.1958441666668,1601.1875413333332,1600.1875,11136.086,222.18971,0.07984618,12854.618870597242,3.736821673353117e-05,5.0,5.0,0.5
567,13565.170288085938,5254.022216796875,1601.1883121153846,1601.1819926923076,1599.875,10204.554,234.66455,0.058319427,14805.559127661603,2.692960251543547e-05,5.0,5.0,0.5
568,13033.822631835938,5184.0545654296875,1601.172492,1601.166616,1599.875,9717.429,233.45615,0.053418383,15353.346828577352,2.5169609344519933e-05,5.0,5.0,0.5
569,10418.582153320312,4934.417724609375,1601.15512425,1601.1496650000001,1599.875,9670.007,239.14468,0.059296697,19142.400900366883,2.2828230643552118e-05,5.0,5.0,0.5
570,12501.5380859375,5117.437744140625,1601.1538883333333,1601.1483979166667,1599.875,506962.94,245.65048,0.041637212,15880.499384065917,2.2350522652818446e-05,5.0,5.0,0.5
571,9884.0087890625,4701.5625,1601.1280555263158,1601.1209405263157,1599.875,535388.6,243.11336,0.04163835,19956.629464848716,2.9266182952643592e-05,5.0,5.0,0.5
572,10406.16455078125,4833.3953857421875,1601.13079275,1601.1248295,1599.875,552583.5,240.29008,0.03739568,18907.411867878407,2.4816879164703343e-05,5.0,5.0,0.5
573,9357.745361328125,4631.5093994140625,1601.1148727777777,1601.1074911111111,1599.875,556201.44,238.08632,0.044080187,20883.12932114422,3.1004161425584925e-05,5.0,5.0,0.5
574,6208.6883544921875,4179.0252685546875,1601.02241125,1601.0081291666665,1599.875,566902.6,239.82169,0.05021058,31224.96650666816,5.9552926943816946e-05,5.0,5.0,0.5
575,7255.4962158203125,4225.250244140625,1601.054950357143,1601.04249,1599.875,571607.3,241.16713,0.04548868,26583.293865214848,5.1666896595745716e-05,5.0,5.0,0.5
576,7787.542724609375,4255.3741455078125,1601.0895636666667,1601.0792813333333,1599.875,589187.25,243.48515,0.03566766,24723.470152197406,4.22298164727748e-05,5.0,5.0,0.5
577,10654.208374023438,4388.214111328125,-4.2857142857142854e+29,-4.761904761904762e+29,1600.3594,468123.5,166.22765,0.04347828,18552.843647412097,2.864688804841525e+26,5.0,5.0,0.5
578,21891.397094726562,5969.7418212890625,1601.1710447619048,1601.1614502380953,1600.1562,23293.248,274.8105,0.07725881,9269.917583854198,3.4913237681455696e-05,5.0,5.0,0.5
579,20318.264770507812,5783.367919921875,1601.1614366666665,1601.1517461538463,1599.9688,14054.221,257.5911,0.081054546,9965.396798145219,3.761975087443458e-05,5.0,5.0,0.5
580,18768.026733398438,5787.9425048828125,1601.1747752777778,1601.165863888889,1599.875,12453.478,255.48553,0.08000316,10781.249595926747,3.4880209169180774e-05,5.0,5.0,0.5
581,15119.015502929688,5358.3526611328125,1601.17236,1601.1663151724138,1599.875,10543.045,242.3398,0.065483935,13345.978763165116,2.4943602482177312e-05,5.0,5.0,0.5
582,13044.699096679688,5224.072265625,1601.1891500000002,1601.184018,1599.875,10101.385,243.00845,0.050012525,15456.84689368843,2.111860690062038e-05,5.0,5.0,0.5
583,13037.85400390625,5283.1939697265625,1601.1773998,1601.1730668,1599.875,10199.622,248.85344,0.049336556,15401.169379105153,1.741185499278382e-05,5.0,5.0,0.5
584,12504.06494140625,5153.521728515625,1601.1582883333333,1601.1526095833333,1599.875,501354.78,252.63496,0.043277204,16011.147948950422,2.247808423008686e-05,5.0,5.0,0.5
585,10933.963012695312,4885.9130859375,1601.146112857143,1601.1390966666665,1599.875,535523.8,250.17316,0.07683043,18261.96846947292,2.804533694934476e-05,5.0,5.0,0.5
586,10932.82470703125,4971.575927734375,1601.142639047619,1601.136928095238,1599.875,549937.3,247.42418,0.03986177,18122.36799674457,2.3081626065100154e-05,5.0,5.0,0.5
587,9358.04443359375,4633.9111328125,1601.1154522222223,1601.1081555555556,1599.875,557011.06,245.4094,0.04392531,21083.372180720995,2.9732629905605313e-05,5.0,5.0,0.5
588,6208.935546875,4166.522216796875,1601.0232354166667,1601.0089533333332,1599.875,566828.8,246.47714,0.050871518,31430.982354135795,5.7944859301000404e-05,5.0,5.0,0.5
589,7789.2425537109375,4272.0733642578125,1601.0946576666668,1601.083814,1599.875,577512.75,251.6692,0.03783996,25063.25150105249,4.308698268864608e-05,5.0,5.0,0.5
590,9982.052612304688,4195.2423095703125,-7.000000000000001e+29,-7.000000000000001e+29,1600.4531,546129.25,175.44527,0.047113027,19621.02162220008,0.0,5.0,5.0,0.5
591,11180.923461914062,4453.06396484375,-4.090909090909091e+29,-4.5454545454545456e+29,1600.3594,460346.88,170.59,0.041939765,17825.653430055547,2.6645492954060934e+26,5.0,5.0,0.5
592,20856.87255859375,5894.677734375,1601.179108375,1601.16937325,1600.1562,16370.149,269.8872,0.079343885,9801.387431346096,3.6071087277505726e-05,5.0,5.0,0.5
593,20321.511840820312,5851.4434814453125,1601.1650564102565,1601.1550764102565,1599.9688,13988.649,261.99265,0.083293214,10038.211621705203,3.809267237252952e-05,5.0,5.0,0.5
594,17232.907104492188,5734.87548828125,1601.2089146969697,1601.200873030303,1600.1875,11648.479,234.9751,0.07645489,11852.388592533483,3.422348473061463e-05,5.0,5.0,0.5
595,15133.328247070312,5403.4912109375,1601.1925201724137,1601.1860565517243,1599.875,10506.258,246.3464,0.065497145,13449.985825082727,2.623793389071415e-05,5.0,5.0,0.5
596,12525.50048828125,5288.0157470703125,1601.1938550000002,1601.188334166667,1599.875,9770.123,243.26888,0.055000726,16227.70637797274,2.26943678288104e-05,5.0,5.0,0.5
597,11470.843505859375,5102.1087646484375,1601.1741390909092,1601.1685795454543,1599.875,9976.626,251.36978,0.058693185,17637.437401899944,2.2116999990205347e-05,5.0,5.0,0.5
598,10936.483764648438,5043.4539794921875,1601.1505195238094,1601.1438985714285,1599.875,531159.75,257.3988,0.04364287,18439.225603572693,2.5722545270003464e-05,5.0,5.0,0.5
599,11459.912109375,5062.451171875,1601.1554504545454,1601.1487036363635,1599.875,549379.4,254.2972,0.04517714,17523.523417047112,2.6531233151745103e-05,5.0,5.0,0.5
600,11456.28662109375,4931.82373046875,1601.149345,1601.1421127272727,1599.875,554655.8,251.98314,0.04407483,17437.747528822776,2.8701415320830118e-05,5.0,5.0,0.5
601,5685.6597900390625,4148.8433837890625,1601.002930909091,1600.9876272727272,1599.875,566454.8,252.84003,0.053857386,34779.17586766605,6.052695276980274e-05,5.0,5.0,0.5
602,7780.9722900390625,4301.9989013671875,1601.074065,1601.06176,1599.875,573119.44,256.46732,0.046534494,25317.61876989501,4.797882321823304e-05,5.0,5.0,0.5
603,10508.895874023438,4244.9615478515625,-6.666666666666668e+29,-6.666666666666668e+29,1600.4219,544995.5,179.99683,0.044138256,18735.647304073973,0.0,5.0,5.0,0.5
604,11707.723999023438,4506.0546875,-3.91304347826087e+29,-4.3478260869565215e+29,1600.3594,458905.6,175.45558,0.042811994,17108.91303899736,2.4780209587500724e+26,5.0,5.0,0.5
605,20860.305786132812,5953.0487060546875,1601.182595125,1601.1728065,1600.1562,14726.527,271.5567,0.08150035,9846.045400568644,3.604633927357735e-05,5.0,5.0,0.5
606,20333.331298828125,5942.718505859375,1601.1764808974358,1601.1671992307693,1599.9688,13763.698,265.73013,0.08296316,10078.538578468586,3.492892040422122e-05,5.0,5.0,0.5
607,15659.6923828125,5506.16455078125,1601.1978566666667,1601.1920906666667,1599.875,10795.63,254.07501,0.06375631,13086.360340980673,2.2694085301453336e-05,5.0,5.0,0.5
608,15144.522094726562,5476.0986328125,1601.2078706896552,1601.201495862069,1599.875,10458.637,250.43736,0.059237085,13503.58242651687,2.5454778465779435e-05,5.0,5.0,0.5
609,14090.878295898438,5424.1790771484375,1601.1927087037038,1601.187875925926,1599.875,10309.092,259.66696,0.051267605,14483.134741522137,1.861144654989067e-05,5.0,5.0,0.5
610,13556.912231445312,5322.9888916015625,1601.1751884615385,1601.1692892307692,1599.875,493338.28,263.51755,0.046200983,14984.835946000949,2.2386481746034566e-05,5.0,5.0,0.5
611,11986.660766601562,5172.637939453125,1601.1656386956522,1601.1588665217391,1599.875,549294.56,261.249,0.045714483,16902.831984610883,2.5922296723085566e-05,5.0,5.0,0.5
612,11982.818603515625,5043.426513671875,1601.1595308695653,1601.1521852173914,1599.875,554301.56,258.7703,0.04691707,16829.147933287484,2.8386767487598718e-05,5.0,5.0,0.5
613,5692.449951171875,4254.58984375,1601.0229063636364,1601.01232,1599.875,558854.75,256.81046,0.054386213,35026.17785731481,4.122247913558056e-05,5.0,5.0,0.5
614,7781.43310546875,4348.541259765625,1601.0752943333332,1601.0629893333332,1599.875,571642.9,262.99927,0.046372116,25624.905929693796,4.678720253969573e-05,5.0,5.0,0.5
615,12234.909057617188,4579.30908203125,-3.75e+29,-4.166666666666666e+29,1600.3594,459666.22,180.76024,0.053235907,16536.738107457,2.305079202065544e+26,5.0,5.0,0.5
616,20862.411499023438,5984.7991943359375,1601.184743625,1601.17491225,1600.1562,14525.609,275.21878,0.08336677,9917.958938016627,3.572203532581302e-05,5.0,5.0,0.5
617,21372.03369140625,6028.643798828125,1601.1724140243903,1601.1632651219513,1599.875,14060.15,279.16666,0.07872708,9666.503599276115,3.277218903515269e-05,5.0,5.0,0.5
618,16699.221801757812,5606.1065673828125,1601.193340625,1601.1865275,1599.875,10746.576,257.97308,0.066727,12376.82586009802,2.641021655311967e-05,5.0,5.0,0.5
619,14622.265625,5463.7115478515625,1601.2081098214287,1601.201450357143,1599.875,10580.288,260.64676,0.06048253,14107.710201880715,2.5549768239992653e-05,5.0,5.0,0.5
620,12524.417114257812,5282.9071044921875,1601.1924722916667,1601.1865291666666,1599.875,10042.392,261.91016,0.0606207,16431.070238687462,2.2691464451974774e-05,5.0,5.0,0.5
621,12513.467407226562,5288.1500244140625,1601.1749983333332,1601.1682795833333,1599.875,526190.75,268.4415,0.044803236,16364.666900732596,2.50287308589977e-05,5.0,5.0,0.5
622,13034.027099609375,5276.263427734375,1601.1729712000001,1601.1669436,1599.875,551756.2,265.44302,0.041219935,15673.930790740254,2.270769793287708e-05,5.0,5.0,0.5
623,10410.653686523438,4925.396728515625,1601.140956,1601.133809,1599.875,556630.7,263.26706,0.048061214,19492.726719803184,2.71473385934587e-05,5.0,5.0,0.5
624,6210.0128173828125,4275.3265380859375,1601.02682625,1601.0125441666667,1599.875,567107.06,264.80545,0.0516852,32328.679294339923,5.393424987950135e-05,5.0,5.0,0.5
625,7790.3045654296875,4383.9630126953125,1601.097511,1601.0866466666666,1599.875,574984.3,269.37875,0.039487693,25801.831173160484,4.0331069862063235e-05,5.0,5.0,0.5
626,12762.295532226562,4639.337158203125,-3.6e+29,-4e+29,1600.3594,439083.62,184.99843,0.0454785,15954.979130423577,2.1621805308239637e+26,5.0,5.0,0.5
627,22426.348876953125,6080.2581787109375,1601.1837896511627,1601.174220232558,1599.9688,14434.321,278.5153,0.094629735,9276.671442050725,3.435868324712934e-05,5.0,5.0,0.5
628,21899.276733398438,6087.2222900390625,1601.1781575,1601.1689545238096,1599.875,13762.764,280.85785,0.07722799,9480.892292490063,3.2767381147467015e-05,5.0,5.0,0.5
629,17238.595581054688,5677.685546875,1601.214392121212,1601.2077672727273,1599.875,10714.28,261.9612,0.066126935,12057.613582235681,2.5289425217505495e-05,5.0,5.0,0.5
630,15152.664184570312,5589.3463134765625,1601.2182858620688,1601.212725862069,1599.875,10090.605,259.98157,0.05357827,13682.630669863722,2.1386131546954117e-05,5.0,5.0,0.5
631,14610.858154296875,5506.6497802734375,1601.1914748214288,1601.1851557142857,1599.875,501088.9,275.0162,0.047832053,14145.82318308709,2.2977217458563296e-05,5.0,5.0,0.5
632,13040.374755859375,5311.7034912109375,1601.1842212000001,1601.1770996,1599.875,549357.56,272.44662,0.04835391,15777.265180385199,2.6139431921758364e-05,5.0,5.0,0.5
633,10937.692260742188,5039.8223876953125,1601.1533476190477,1601.146200952381,1599.875,556756.5,270.33337,0.04910291,18735.094326338265,2.643649417179751e-05,5.0,5.0,0.5
634,6210.3424072265625,4347.7386474609375,1601.0279245833333,1601.0136425,1599.875,567652.4,272.79874,0.05195288,32603.304730552132,5.235392037618405e-05,5.0,5.0,0.5
635,7781.9061279296875,4396.3165283203125,1601.0765556666665,1601.0642506666666,1599.875,572171.56,274.50638,0.048097968,25940.218321918353,4.482591654820262e-05,5.0,5.0,0.5
636,13290.008544921875,4715.7196044921875,-3.461538461538462e+29,-3.846153846153846e+29,1600.3594,431814.6,189.83275,0.048039515,15480.12381637341,2.026074994070258e+26,5.0,5.0,0.5
637,22954.046630859375,6160.797119140625,1601.1895461363638,1601.1798152272727,1599.9688,14432.097,283.1936,0.08071965,9150.551161793926,3.4361330800916457e-05,5.0,5.0,0.5
638,21915.573120117188,6204.78515625,1601.1939236904761,1601.1844747619048,1599.875,13193.737,283.9038,0.07881711,9578.39380168323,3.32821479858847e-05,5.0,5.0,0.5
639,17242.758178710938,5796.0540771484375,1601.2195601515152,1601.212813030303,1599.875,10678.167,266.38525,0.06966435,12206.538875274235,2.532843358703181e-05,5.0,5.0,0.5
640,15672.134399414062,5715.9088134765625,1601.2142634999998,1601.2086793333333,1599.875,10656.204,276.61145,0.05422113,13359.543891706215,2.018776396476616e-05,5.0,5.0,0.5
641,13044.314575195312,5407.40966796875,1601.1904402,1601.1834039999999,1599.875,531500.4,279.8521,0.04924098,15999.420889862882,2.5142565315875225e-05,5.0,5.0,0.5
642,13041.903686523438,5386.3067626953125,1601.1863865999999,1601.179546,1599.875,551482.25,276.71915,0.047588773,15926.291087677077,2.4720371107952654e-05,5.0,5.0,0.5
643,5687.1063232421875,4294.9432373046875,1601.0081909090911,1600.9928872727273,1599.875,566889.9,278.1015,0.054793347,36094.205037036154,5.502895986964394e-05,5.0,5.0,0.5
644,7782.427978515625,4449.0234375,1601.077947,1601.065642,1599.875,572303.6,281.74857,0.048028614,26288.11892099036,4.3673691720633274e-05,5.0,5.0,0.5
645,13250.384521484375,4698.8250732421875,-3.846153846153846e+29,-4.230769230769231e+29,1600.3906,434310.25,194.93568,3.7377293,15568.041613130055,1.973037344012835e+26,5.0,5.0,0.5
646,22958.746337890625,6223.9501953125,1601.1939767045455,1601.1840877272728,1599.9688,14466.925,288.01144,0.082415394,9201.716889334972,3.43353622769326e-05,5.0,5.0,0.5
647,22443.5302734375,6243.8140869140625,1601.1995727906976,1601.190203255814,1599.875,13040.022,287.20642,0.080087975,9408.719230344754,3.2622999354985e-05,5.0,5.0,0.5
648,16205.328369140625,5679.6417236328125,1601.229474516129,1601.2226009677418,1599.875,10738.388,276.10648,0.06395388,13041.89007918003,2.489455695120295e-05,5.0,5.0,0.5
649,14106.954956054688,5528.3721923828125,1601.2179475925925,1601.211692962963,1599.875,10259.243,277.83267,0.06374745,14923.226993404081,2.2512217809849408e-05,5.0,5.0,0.5
650,14095.37353515625,5544.1131591796875,1601.201967222222,1601.1945348148147,1599.875,549720.94,283.59558,0.051683407,14893.475307295115,2.620776875192899e-05,5.0,5.0,0.5
651,11465.664672851562,5186.328125,1601.1660168181816,1601.1591645454546,1599.875,556784.7,281.4676,0.05123701,18184.114342514044,2.4344801896696228e-05,5.0,5.0,0.5
652,6734.4818115234375,4422.1588134765625,1601.0473173076923,1601.033983076923,1599.875,570463.5,287.36005,0.049808614,30686.81433123677,4.640252163418493e-05,5.0,5.0,0.5
653,12275.949096679688,4796.148681640625,-3.75e+29,-3.75e+29,1600.4062,428516.0,199.67404,0.047572102,17114.387109752686,0.0,5.0,5.0,0.5
654,23487.191772460938,6320.0775146484375,1601.200206,1601.1900037777777,1599.9688,14463.468,292.79642,0.084553584,9119.10177392438,3.4844081490240595e-05,5.0,5.0,0.5
655,22460.015869140625,6324.310302734375,1601.2148656976744,1601.205538604651,1599.875,12910.4,290.74503,0.08170018,9532.671675151661,3.207997455147159e-05,5.0,5.0,0.5
656,17774.453735351562,5949.1668701171875,1601.2304736764706,1601.2236214705883,1599.875,10354.099,277.07025,0.059807397,12056.924557116972,2.4730933205818558e-05,5.0,5.0,0.5
657,16717.709350585938,5820.15380859375,1601.21640671875,1601.2096375,1599.875,491561.12,290.55496,0.059177503,12744.564734728674,2.3297549970038254e-05,5.0,5.0,0.5
658,14619.625854492188,5558.0963134765625,1601.2057439285713,1601.1976807142858,1599.875,554138.25,288.0657,0.11273935,14534.209445517294,2.7990885981721122e-05,5.0,5.0,0.5
659,5687.8265380859375,4367.6849365234375,1601.01081,1600.9955063636364,1599.875,566926.75,289.4055,0.05682508,36748.94682771267,5.287956534275229e-05,5.0,5.0,0.5
660,7783.2855224609375,4535.6353759765625,1601.0802336666668,1601.0679286666666,1599.875,572522.75,293.74576,0.049097236,26859.81028354127,4.1889966621489284e-05,5.0,5.0,0.5
661,12763.717651367188,4823.272705078125,-3.8000000000000004e+29,-4e+29,1600.4375,419056.44,204.36514,1.9669226,16537.22498834131,9.786404728223996e+25,5.0,5.0,0.5
662,24015.90576171875,6392.41943359375,1601.206183478261,1601.1958963043478,1599.9688,14442.019,297.48557,0.08564124,8987.82264157402,3.458041369761234e-05,5.0,5.0,0.5
663,20927.035522460938,6273.4161376953125,1601.24825,1601.239536,1600.1875,12100.58,270.3927,0.079383716,10321.901263992433,3.2227201376960756e-05,5.0,5.0,0.5
664,17257.504272460938,5958.2061767578125,1601.2367921212121,1601.2306872727272,1599.875,10692.453,291.36118,0.05997204,12494.201723292825,2.0952855073034353e-05,5.0,5.0,0.5
665,14628.692626953125,5601.947021484375,1601.2185853571427,1601.2106332142855,1599.875,535849.75,295.29956,0.05794025,14655.419340632665,2.692907108460928e-05,5.0,5.0,0.5
666,7274.127197265625,4728.509521484375,1601.1036260714286,1601.0957221428573,1599.875,561719.4,294.1539,0.05890447,29285.208935915907,2.6870045127258692e-05,5.0,5.0,0.5
667,6735.113525390625,4497.86376953125,1601.0492326923077,1601.0359269230769,1599.875,569430.6,297.4624,0.051425237,31264.30519678096,4.473092776076862e-05,5.0,5.0,0.5
668,13361.721801757812,5009.7564697265625,-3.076923076923077e+29,-3.076923076923077e+29,1600.4531,414530.88,209.23355,1.2797612,16673.50151435577,0.0,5.0,5.0,0.5
669,24545.318603515625,6506.2225341796875,1601.212778829787,1601.2021327659572,1599.9688,14395.772,302.27368,0.09154034,8949.050978996338,3.521994959037977e-05,5.0,5.0,0.5
670,19880.499267578125,6172.0550537109375,1601.2464336842106,1601.2393421052632,1599.875,11273.309,290.0441,0.07324008,11040.669980953637,2.4450002598824962e-05,5.0,5.0,0.5
671,15180.508422851562,5836.309814453125,1601.2581872413793,1601.2511324137931,1599.875,10273.619,292.50055,0.073379055,14444.652402008574,2.4119023375183995e-05,5.0,5.0,0.5
672,15681.130981445312,5850.201416015625,1601.229032,1601.2206746666666,1599.875,549902.1,299.35992,0.061821286,13877.320299000294,2.791734181675442e-05,5.0,5.0,0.5
673,6222.2686767578125,4554.3060302734375,1601.0641187499998,1601.0533974999998,1599.875,567594.06,302.1547,0.0633141,34551.36326191123,3.54826525184772e-05,5.0,5.0,0.5
674,13892.001342773438,5120.5902099609375,-2.962962962962963e+29,-2.962962962962963e+29,1600.4219,406713.0,213.96228,0.26518303,15928.75676238328,0.0,5.0,5.0,0.5
675,25075.680541992188,6618.4722900390625,1601.2197789583333,1601.208900625,1599.9688,14277.682,306.68658,0.08953185,8906.781572056456,3.5470522298756136e-05,5.0,5.0,0.5
676,20399.136352539062,6238.5589599609375,1601.242993974359,1601.2346915384617,1599.875,11120.381,293.5627,0.0770428,10938.40705677286,2.8281643110881473e-05,5.0,5.0,0.5
677,17782.675170898438,6133.2244873046875,1601.2415022058824,1601.233295,1599.875,498944.28,306.61386,0.06313834,12528.146909247189,2.6767236984604615e-05,5.0,5.0,0.5
678,15151.94091796875,5814.4134521484375,1601.219237413793,1601.21173,1599.875,554989.8,303.92252,0.061888598,14612.821334852046,2.4701736136906165e-05,5.0,5.0,0.5
679,6213.3941650390625,4616.8426513671875,1601.0380970833332,1601.0238149999998,1599.875,568140.5,307.55823,0.057193,35146.34300389722,4.6437006246699836e-05,5.0,5.0,0.5
680,14422.509765625,5194.195556640625,-2.857142857142857e+29,-2.857142857142857e+29,1600.4062,397263.97,218.60306,0.07738268,15397.610424238865,0.0,5.0,5.0,0.5
681,25091.131591796875,6695.7611083984375,1601.23236375,1601.221776875,1599.9688,14141.861,310.95587,0.088363886,8973.782188538242,3.4046229602643165e-05,5.0,5.0,0.5
682,20941.668701171875,6332.0770263671875,1601.2626357499998,1601.2541687500002,1599.875,11040.856,297.4204,0.077446535,10755.566747928271,2.846812024503228e-05,5.0,5.0,0.5
683,14630.361938476562,5796.4874267578125,1601.2203464285715,1601.2130175,1599.875,536016.06,311.0483,0.059157014,15347.766156873298,2.356202670695468e-05,5.0,5.0,0.5
684,7275.982666015625,4915.911865234375,1601.1086264285714,1601.1010235714286,1599.875,560627.3,309.7294,0.063219525,30551.368723721997,2.4546772528365834e-05,5.0,5.0,0.5
686,13892.880249023438,5215.56396484375,-2.962962962962963e+29,-2.962962962962963e+29,1600.4219,399717.06,223.69185,0.09493335,16210.782411338028,0.0,5.0,5.0,0.5
687,25622.381591796875,6807.8704833984375,1601.2396591836734,1601.2287304081633,1599.9688,14148.3,315.9326,0.09001162,8930.109484597926,3.459211227728089e-05,5.0,5.0,0.5
688,21472.586059570312,6486.846923828125,1601.2701813414633,1601.2613643902437,1599.875,11030.175,302.13803,0.080015786,10673.369421796295,2.9181864958415575e-05,5.0,5.0,0.5
689,15155.081176757812,5986.2548828125,1601.2240684482758,1601.2160603448276,1599.875,549643.8,315.44647,0.058245134,15080.996134040377,2.5386568418983513e-05,5.0,5.0,0.5
690,5179.6142578125,4707.769775390625,1601.04153,1601.030959,1599.875,563940.06,315.8318,0.076488964,43626.83415398323,3.3470348557304584e-05,5.0,5.0,0.5
691,13893.283081054688,5250.0457763671875,-2.962962962962963e+29,-2.962962962962963e+29,1600.4531,411584.16,229.12791,0.6680162,16560.449849810793,0.0,5.0,5.0,0.5
692,26154.058837890625,6923.907470703125,1601.2466276,1601.2357476,1599.9688,14276.776,321.02402,0.09151537,8824.61205477821,3.3891545219570315e-05,5.0,5.0,0.5
693,22004.21142578125,6568.5089111328125,1601.2778560714287,1601.2688916666666,1599.875,11061.823,307.09116,0.08075015,10510.971947918928,2.9191347867768698e-05,5.0,5.0,0.5
694,16213.912963867188,6181.1737060546875,1601.2411261290322,1601.233678064516,1599.875,550230.1,320.12213,0.06002236,14234.100713005708,2.3266321778054387e-05,5.0,5.0,0.5
695,4651.8646240234375,4668.6614990234375,1600.999201111111,1600.9874555555555,1599.875,566781.56,321.07986,0.072847374,48936.90660929269,3.658141432741199e-05,5.0,5.0,0.5
696,13296.826171875,5219.8333740234375,-3.653846153846154e+29,-3.846153846153846e+29,1600.5469,424083.38,234.55202,3.7428553,17251.011088833624,8.19893576672781e+25,5.0,5.0,0.5
697,27201.559448242188,7014.9932861328125,1601.2485153846153,1601.2367767307694,1599.9688,14422.182,326.74808,0.09467668,8646.065235622988,3.5925701352458924e-05,5.0,5.0,0.5
698,21473.736572265625,6607.92236328125,1601.2711220731708,1601.2624868292685,1599.875,11076.804,312.00806,0.07860307,10965.466827399327,2.7676349115037437e-05,5.0,5.0,0.5
699,15158.724975585938,6144.9249267578125,1601.2283496551725,1601.221086551724,1599.875,551787.25,324.72327,0.058300804,15489.9712141035,2.236705587624749e-05,5.0,5.0,0.5
700,5700.5126953125,4818.90869140625,1601.0596163636365,1601.041638181818,1599.875,567071.56,326.53235,0.07837243,40735.95098761255,5.505788903858738e-05,5.0,5.0,0.5
702,13297.286987304688,5226.07421875,-3.461538461538462e+29,-3.846153846153846e+29,1600.5938,458312.34,240.35538,0.052673537,17415.38603163235,1.600194633048382e+26,5.0,5.0,0.5
703,27734.4970703125,7106.8359375,1601.256206226415,1601.2441960377357,1599.9688,14668.154,332.59103,0.0959375,8571.381364105542,3.611098151760928e-05,5.0,5.0,0.5
704,20967.05322265625,6639.44091796875,1601.2886612500001,1601.27955325,1599.875,11036.667,316.4866,0.07794342,11346.766492286408,2.877846935731339e-05,5.0,5.0,0.5
705,14102.822875976562,6076.81884765625,1601.2113772222222,1601.2055722222224,1599.875,556233.25,329.67667,0.058675844,16789.08131227315,1.7608161553077636e-05,5.0,5.0,0.5
706,6216.3726806640625,4917.6727294921875,1601.0480254166666,1601.0337433333334,1599.875,568205.44,333.3744,0.058365136,37628.450959352755,4.284097332218375e-05,5.0,5.0,0.5
707,13831.195068359375,5380.2520751953125,-3.333333333333333e+29,-3.7037037037037035e+29,1600.5938,461301.1,245.70152,0.060674954,17170.821866496935,1.5073995720853823e+26,5.0,5.0,0.5
708,28268.524169921875,7251.629638671875,1601.2646325925928,1601.2521475925926,1599.9688,14756.809,337.89362,0.09860852,8595.249522248809,3.694949954439135e-05,5.0,5.0,0.5
709,20451.596069335938,6673.760986328125,1601.2986078205129,1601.288495897436,1599.875,10927.986,320.81363,0.086159416,11887.278811463471,3.15196181150388e-05,5.0,5.0,0.5
710,12000.100708007812,5900.762939453125,1601.1886289130434,1601.1822417391304,1599.875,557166.9,334.37628,0.059192006,20118.97336709706,1.9101755303402866e-05,5.0,5.0,0.5
711,13298.91357421875,5385.2142333984375,-3.461538461538462e+29,-3.846153846153846e+29,1600.5938,463678.72,250.91682,0.05300387,18022.357077730758,1.5328401577925314e+26,5.0,5.0,0.5
712,28802.932739257812,7348.8922119140625,1601.2727116363637,1601.2600874545456,1599.9688,14819.796,343.07355,0.099597625,8531.715869528967,3.6797304587330096e-05,5.0,5.0,0.5
713,20445.468139648438,6782.574462890625,1601.2908743589744,1601.2822102564103,1599.875,10744.586,328.31256,0.07562452,12060.421911319705,2.6389799210874165e-05,5.0,5.0,0.5
714,10948.59619140625,5730.340576171875,1601.1732247619047,1601.1669704761905,1599.875,557660.9,339.4006,0.0598455,22299.445018066082,1.8427444253098733e-05,5.0,5.0,0.5
715,13299.981689453125,5493.0938720703125,-3.461538461538462e+29,-3.846153846153846e+29,1600.5938,467470.88,256.25085,0.053627748,18433.413826051958,1.500933081286993e+26,5.0,5.0,0.5
716,28826.0498046875,7524.0753173828125,1601.2895011818182,1601.2769001818183,1600.1562,15086.39,350.14578,0.10408183,8750.286898927794,3.5987867427643494e-05,5.0,5.0,0.5
717,20457.891845703125,6945.3094482421875,1601.30466,1601.2949525641025,1599.875,10634.126,331.48715,0.08311126,12336.23664634583,2.9284501182224658e-05,5.0,5.0,0.5
718,10423.651123046875,5779.925537109375,1601.166371,1601.1598040000001,1599.875,557886.75,344.44925,0.058734365,24039.610413563543,1.9065217920690182e-05,5.0,5.0,0.5
719,13300.653076171875,5560.9039306640625,-3.461538461538462e+29,-3.846153846153846e+29,1600.5938,472293.78,261.73953,0.061232705,18692.839810419224,1.4694585146721557e+26,5.0,5.0,0.5
720,27735.244750976562,7401.0345458984375,1601.2559704716982,1601.2447605660377,1600.1562,24510.775,371.28088,0.092192814,9199.810926635992,3.019252040693869e-05,5.0,5.0,0.5
721,20425.152587890625,6950.537109375,1601.2700406410256,1601.261373846154,1599.875,11682.69,350.94925,0.07691107,12495.235307445453,2.469529394863311e-05,5.0,5.0,0.5
722,10955.825805664062,5887.7716064453125,1601.1886576190477,1601.1807409523808,1599.875,558050.3,349.60464,0.07577721,23199.370224446062,2.2644626681094176e-05,5.0,5.0,0.5
723,13838.079833984375,5743.8873291015625,-3.333333333333333e+29,-3.7037037037037035e+29,1600.5938,476561.88,266.74402,0.07229666,18493.74974387213,1.3884861312998384e+26,5.0,5.0,0.5
724,28272.61962890625,7557.8765869140625,1601.2670248148147,1601.2551814814815,1600.1562,24647.553,376.648,0.09554034,9232.548972775052,3.144403530828135e-05,5.0,5.0,0.5
725,20950.714111328125,7125.1983642578125,1601.27266175,1601.2632135,1599.875,11771.08,356.51575,0.08268305,12461.009123976644,2.6501634437599098e-05,5.0,5.0,0.5
726,10961.660766601562,6010.4888916015625,1601.2003361904763,1601.1918552380953,1599.875,558006.3,354.48984,0.07024088,23752.64335593242,2.3924387895812597e-05,5.0,5.0,0.5
727,14375.958251953125,5839.4317626953125,-3.214285714285714e+29,-3.5714285714285714e+29,1600.5938,471435.2,271.5043,0.07677222,17993.790742251073,1.3154224563841199e+26,5.0,5.0,0.5
728,28260.04638671875,7631.280517578125,1601.2568862037037,1601.2458681481482,1600.1562,24428.078,381.18106,0.09551605,9321.355496052875,2.8905044580735027e-05,5.0,5.0,0.5
729,20449.114990234375,7141.0247802734375,1601.2944615384615,1601.2859507692308,1599.875,10864.101,348.78345,0.08193583,12935.136911744521,2.4401299136891367e-05,5.0,5.0,0.5
730,12025.897216796875,6204.04052734375,1601.2359895652173,1601.2271052173915,1599.875,557712.2,359.39246,0.09097516,21974.003563967173,2.4720462759289676e-05,5.0,5.0,0.5
731,14916.830444335938,6192.181396484375,-3.103448275862069e+29,-3.448275862068965e+29,1600.5938,470476.06,276.3823,0.11358781,18406.228060141715,1.2476471686703943e+26,5.0,5.0,0.5
732,27739.90478515625,7863.592529296875,1601.259547264151,1601.24827754717,1600.1562,24680.992,386.61746,0.10185098,10064.502110224228,2.9149529144964263e-05,5.0,5.0,0.5
733,20464.163208007812,7426.904296875,1601.3139238461538,1601.3013848717949,1599.875,11077.422,350.9103,0.11547799,13791.160576924141,3.573270446351164e-05,5.0,5.0,0.5
734,12546.005249023438,6746.2158203125,1601.234643125,1601.2225099999998,1599.875,557400.0,364.29034,0.119180776,22562.582619114008,3.330619433679617e-05,5.0,5.0,0.5
735,14385.24169921875,6432.5164794921875,-3.214285714285714e+29,-3.5714285714285714e+29,1600.5938,470253.0,281.34946,0.11368247,20079.46007692287,1.269392382062067e+26,5.0,5.0,0.5
736,19320.208740234375,7239.105224609375,-1.081081081081081e+29,-1.3513513513513513e+29,1600.5938,108705.06,271.02078,0.7646439,15192.517666369198,9.972307946512774e+25,5.0,5.0,0.5
737,22559.127807617188,7879.1900634765625,1601.3091470930233,1601.2977348837208,1599.875,11287.861,357.28165,0.11609809,13156.031050100795,3.1941773127815e-05,5.0,5.0,0.5
738,14130.221557617188,7262.786865234375,1601.2558225925925,1601.2461633333335,1599.875,556917.3,369.38608,0.112495154,21090.021810268685,2.61494946275143e-05,5.0,5.0,0.5
739,14934.075927734375,7005.6304931640625,-3.103448275862069e+29,-3.448275862068965e+29,1600.5938,468421.38,286.20346,0.15816227,21152.578403991487,1.2048337409041584e+26,5.0,5.0,0.5
740,17721.298217773438,7503.8726806640625,-1.764705882352941e+29,-1.764705882352941e+29,1600.5938,251715.88,277.54465,0.136723,17926.094974494812,0.0,5.0,5.0,0.5
741,22554.815673828125,8320.587158203125,1601.3071905813954,1601.2937241860463,1599.875,11392.136,363.1881,0.124967024,14283.394566461433,3.707829349371147e-05,5.0,5.0,0.5
742,15205.392456054688,7853.558349609375,1601.3014518965517,1601.285456551724,1599.875,556404.5,374.65323,0.15430126,21319.86744710929,4.2693732763403075e-05,5.0,5.0,0.5
743,14944.024658203125,7214.2486572265625,-3.103448275862069e+29,-3.448275862068965e+29,1600.5938,461947.6,290.72748,0.12137762,21836.41164199581,1.1860852938519436e+26,5.0,5.0,0.5
744,18271.649169921875,7758.06884765625,-1.714285714285714e+29,-1.714285714285714e+29,1600.5938,294714.16,283.00092,0.26822832,17972.826435073082,0.0,5.0,5.0,0.5
745,26306.607055664062,9009.451293945312,1601.3750271,1601.3577859999998,1600.1875,12122.044,353.8257,0.13862672,12700.830448244398,4.87276625538507e-05,5.0,5.0,0.5
746,16793.26171875,8140.8782958984375,1601.320228125,1601.3040784375,1599.875,554885.8,379.65656,0.12291075,19955.579113901746,4.253762322783897e-05,5.0,5.0,0.5
747,14901.8310546875,7737.255859375,-4.137931034482758e+29,-4.137931034482758e+29,1600.5938,490029.66,299.51093,0.2472838,23685.696808826953,0.0,5.0,5.0,0.5
748,17169.329833984375,7941.058349609375,-2.4242424242424242e+29,-2.4242424242424242e+29,1600.5938,406231.34,294.86185,0.290918,20350.64267726111,0.0,5.0,5.0,0.5
749,18282.666015625,8108.489990234375,-1.714285714285714e+29,-1.714285714285714e+29,1600.5938,303440.62,288.6383,0.91234547,18999.67687416087,0.0,5.0,5.0,0.5
750,32077.090454101562,9778.662109375,1601.3658008196721,1601.3466581967214,1599.875,14487.734,391.92722,0.16743876,11014.005102896588,4.884229058353452e-05,5.0,5.0,0.5
751,16826.458740234375,8609.323120117188,1601.36534203125,1601.345574375,1599.875,551657.94,384.89886,0.15653576,21099.229462543644,5.135805288237617e-05,5.0,5.0,0.5
753,16058.615112304688,8183.3038330078125,-2.903225806451613e+29,-3.225806451612903e+29,1600.5938,483316.5,303.73203,0.648603,22956.776412741874,1.0620567423066944e+26,5.0,5.0,0.5
754,18804.39453125,8517.315673828125,-1.8055555555555556e+29,-1.9444444444444445e+29,1600.5938,312436.62,293.5597,2.0830448,19545.82291226109,4.7311975210742764e+25,5.0,5.0,0.5
755,32099.813842773438,10107.247924804688,1601.3805990163933,1601.3615581967213,1599.9688,14884.464,393.08057,0.15800248,11606.561340578208,4.8439992457732575e-05,5.0,5.0,0.5
756,17916.729736328125,9084.835815429688,1601.4142497058824,1601.3910061764707,1599.875,529937.75,391.96744,0.17417103,20914.785427264003,5.9299643729339164e-05,5.0,5.0,0.5
757,7967.1112060546875,7936.1846923828125,1601.606438,1601.5581313333334,1599.875,563990.1,392.8878,0.32828873,48278.82997122061,0.0001229528335609632,5.0,5.0,0.5
758,8517.12646484375,8151.513671875,1601.659279375,1601.605316875,1599.875,567308.5,398.0444,0.31753245,46473.61155829185,0.0001355690460237387,5.0,5.0,0.5
760,14375.9521484375,7989.09912109375,-4.2857142857142854e+29,-4.2857142857142854e+29,1600.5938,497578.9,310.41867,1.4557463,25639.549605137814,0.0,5.0,5.0,0.5
761,16665.75927734375,8439.712524414062,-2.5e+29,-2.5e+29,1600.5938,396067.94,307.07822,0.0923862,22484.80580555681,0.0,5.0,5.0,0.5
762,18349.542236328125,8674.18212890625,-1.714285714285714e+29,-1.714285714285714e+29,1600.5938,329038.47,299.06244,0.15347625,20572.76342893974,0.0,5.0,5.0,0.5
763,31079.049682617188,10204.681396484375,1601.4018433050846,1601.3830423728814,1600.1562,16144.84,403.76163,0.17891079,12282.982153226043,4.6564435391635075e-05,5.0,5.0,0.5
764,22712.6953125,9641.421508789062,1601.4587130232555,1601.440588139535,1599.875,10995.708,384.9909,0.16375178,16906.712957047723,4.707873211865635e-05,5.0,5.0,0.5
765,16905.078125,9291.708374023438,1601.4642953124999,1601.44384875,1599.875,556040.0,396.09195,0.17219496,23078.218053624518,5.162074747462471e-05,5.0,5.0,0.5
766,10644.027709960938,8630.136108398438,1601.633668,1601.6005565,1599.875,561813.2,399.42242,0.25507477,37751.2775744369,8.289845032254597e-05,5.0,5.0,0.5
769,15426.931762695312,8149.90234375,-4e+29,-4.3333333333333336e+29,1600.5938,488288.75,316.02225,8.657002,24248.126672251678,1.0547780612472377e+26,5.0,5.0,0.5
770,17286.929321289062,8732.464599609375,-1.818181818181818e+29,-1.818181818181818e+29,1600.5938,358254.25,307.04736,0.14441957,22263.529697953207,0.0,5.0,5.0,0.5
771,31089.92919921875,10449.432373046875,1601.4099809322033,1601.3904184745763,1600.1562,24638.816,421.89203,0.16141485,12704.274674131057,4.636839828956444e-05,5.0,5.0,0.5
772,25368.313598632812,10142.977905273438,1601.4722219791668,1601.4527610416665,1599.875,11298.464,387.51434,0.17206801,15728.9422001906,5.0219915310734244e-05,5.0,5.0,0.5
773,19057.565307617188,9735.379028320312,1601.5107901388888,1601.4875733333333,1599.875,534379.2,402.8053,0.18519397,21201.161630665963,5.7637785995497926e-05,5.0,5.0,0.5
774,14882.424926757812,9211.624145507812,1601.6004564285715,1601.5731085714285,1599.875,558211.94,402.74048,0.21033719,27435.97050337992,6.79044163720738e-05,5.0,5.0,0.5
775,1119.183349609375,7359.149169921875,1602.6984899999998,1602.6961700000002,1601.125,101.85868,2.8876922,0.08363934,360748.64811877435,0.0008034097225141336,5.0,5.0,0.5
776,1678.8421630859375,7432.2235107421875,1602.69873,1602.6970633333333,1601.0,135.98141,4.4207287,0.07611155,240530.14600225815,0.0003770117521598212,5.0,5.0,0.5
777,2239.2913818359375,7584.2132568359375,1602.71457,1602.705415,1601.125,135.23602,8.584487,0.14871289,182375.83899218094,0.001066458606250385,5.0,5.0,0.5
778,1681.561279296875,7626.898193359375,1602.7491000000002,1602.7333166666667,1601.1875,101.72524,13.007204,0.28010717,246933.5168655082,0.0012134301319337683,5.0,5.0,0.5
779,18390.133666992188,9110.659790039062,-1.714285714285714e+29,-1.714285714285714e+29,1600.5938,379260.5,320.6591,0.33950296,22084.450614254965,0.0,5.0,5.0,0.5
780,28089.205932617188,10609.527587890625,1601.5333540566037,1601.5119007547169,1600.1875,11694.742,377.1822,0.18030201,14523.264542860552,5.68778231288043e-05,5.0,5.0,0.5
781,22786.862182617188,10338.287353515625,1601.5301401162792,1601.5095813953487,1599.875,11098.607,402.75104,0.17864822,18068.04057934275,5.104573051653976e-05,5.0,5.0,0.5
782,16494.488525390625,9653.109741210938,1601.6211359677418,1601.5957122580646,1599.875,557408.25,407.25998,0.20696464,25117.49600117663,6.242624115463528e-05,5.0,5.0,0.5
783,1678.8482666015625,7432.8399658203125,1602.6988966666668,1602.6971466666666,1601.0156,1188.9435,7.9509835,0.06395023,240549.81729865065,0.00022009855696163863,5.0,5.0,0.5
784,1119.2047119140625,7361.3067626953125,1602.698915,1602.696595,1601.0312,1616.2861,9.246363,0.090287216,360855.2172366301,0.00025090947422250285,5.0,5.0,0.5
785,3930.3924560546875,8493.356323242188,1602.8170699999998,1602.7718857142859,1601.25,105.51188,27.045296,0.50629675,113951.55775387907,0.0016706892832509537,5.0,5.0,0.5
786,34917.17224121094,11484.649658203125,1601.4977462878787,1601.4744225757574,1599.9688,14603.418,412.70367,0.2055408,12183.497330791197,5.651442808188049e-05,5.0,5.0,0.5
787,25462.396240234375,10829.837036132812,1601.5542418750001,1601.531163125,1599.875,11892.977,412.93323,0.19674909,16830.7396516999,5.588978667988645e-05,5.0,5.0,0.5
788,17062.79296875,10029.324340820312,1601.66931453125,1601.6409925,1599.875,557315.94,412.22433,0.2317597,25256.453923705292,6.870538409470008e-05,5.0,5.0,0.5
791,3381.719970703125,8614.373779296875,1602.91518,1602.8573,1601.252,121.09373,27.248009,0.5530618,135971.3604908519,0.0021241919208772444,5.0,5.0,0.5
792,34919.29016113281,11654.232788085938,1601.497442121212,1601.4757062121212,1600.1562,24417.174,436.68344,0.18082201,12444.102070663866,4.977497894831391e-05,5.0,5.0,0.5
793,25542.617797851562,11002.618408203125,1601.6223623958333,1601.598014375,1599.875,10959.551,405.08243,0.2044854,17163.504492967266,6.010633676400753e-05,5.0,5.0,0.5
794,18155.92041015625,10340.066528320312,1601.7009269117646,1601.6724076470587,1599.875,557292.9,417.21423,0.2279151,24232.36616740678,6.835640403153816e-05,5.0,5.0,0.5
797,3953.90625,9010.0341796875,1602.9736314285715,1602.90625,1601.1903,124.808,30.880516,0.58475775,120992.85228505774,0.002182004616032924,5.0,5.0,0.5
798,22815.142822265625,10625.68359375,-1.3953488372093022e+29,-1.3953488372093022e+29,1600.5938,246443.3,324.43814,0.23012385,19796.54420626447,0.0,5.0,5.0,0.5
799,26117.02880859375,11359.02099609375,1601.6592654081633,1601.6325230612244,1599.875,11282.276,412.54675,0.22656296,17441.21954084169,6.482258495287577e-05,5.0,5.0,0.5
800,18728.94287109375,10740.530395507812,1601.7483112857142,1601.7170074285714,1599.875,557249.56,422.2186,0.2467581,24440.39910834468,7.41413507947591e-05,5.0,5.0,0.5
802,4527.2979736328125,9216.470336914062,1603.0142825,1602.94899,1600.9957,190.67532,35.525772,0.4694891,107375.71439752151,0.001837891090047086,5.0,5.0,0.5
803,21241.80908203125,10530.389404296875,-1.5e+29,-1.5e+29,1600.5938,367514.7,342.41873,0.19501498,21603.463722420427,0.0,5.0,5.0,0.5
804,28259.94873046875,11760.284423828125,1601.6668500943397,1601.6407628301888,1599.875,11308.737,412.9192,0.22165689,16379.96967159396,6.317765029381249e-05,5.0,5.0,0.5
805,19834.521484375,11047.286987304688,1601.786270945946,1601.7552272972973,1599.875,557117.44,427.13538,0.23750408,23478.577333050747,7.267871123445192e-05,5.0,5.0,0.5
807,28838.482666015625,11991.921997070312,1601.701780925926,1601.6743387037038,1599.875,11422.782,418.67142,0.21723138,16468.796299816207,6.554596538565303e-05,5.0,5.0,0.5
808,21457.70263671875,11457.373046875,1601.801173125,1601.770204,1599.875,557008.8,432.13367,0.23375456,22255.764074151724,7.166561498376202e-05,5.0,5.0,0.5
809,20675.808715820312,10757.77587890625,-2.3076923076923078e+29,-2.3076923076923078e+29,1600.0557,416971.25,352.17633,1.4214987,23033.954720479534,0.0,5.0,5.0,0.5
810,29929.092407226562,12088.851928710938,1601.71633263559,1601.6907795673458,1599.3489,11511.236,424.4252,0.20389841,16046.059744885019,6.0206293497845926e-05,5.0,5.0,0.5
811,23634.771728515625,11718.862915039062,1601.8303459434867,1601.7989801839178,1599.2234,555588.6,437.16937,0.23162875,20433.31729641164,7.174738565352505e-05,5.0,5.0,0.5
812,6963.1378173828125,9815.756225585938,1603.0842158448406,1603.031583701508,1599.4456,373.03397,49.50313,0.3826841,70542.1107219457,0.0010632083536576292,5.0,5.0,0.5
813,22311.154174804688,10995.108032226562,-2.023809523809524e+29,-2.1428571428571427e+29,1599.4475,399463.25,357.08102,7.8291597,21811.229753378022,3.3339105410140286e+25,5.0,5.0,0.5
814,29475.634765625,12209.603881835938,1601.77464197085,1601.7495496009897,1598.9468,11311.892,427.6626,0.21978049,16618.52115290012,5.867328589861862e-05,5.0,5.0,0.5
815,23161.614990234375,11606.784057617188,1601.8888911044216,1601.858854660127,1598.737,556609.3,442.72836,0.24404898,21244.402749555018,6.784395761000709e-05,5.0,5.0,0.5
816,7542.78564453125,9978.680419921875,1603.109186916626,1603.0650539299315,1599.2504,339.9939,53.931286,0.36874154,65828.46528947268,0.0008183188290836708,5.0,5.0,0.5
817,37334.27734375,12792.153930664062,1601.6714600066975,1601.6471428396046,1598.8358,24623.258,467.79587,0.19954078,13159.536233324066,5.198243242519207e-05,5.0,5.0,0.5
818,30034.86328125,12287.600708007812,1601.7940037800006,1601.7664828200323,1598.5103,12037.965,448.39902,0.21668704,16413.033359064546,6.137604879683199e-05,5.0,5.0,0.5
819,19860.989379882812,11061.410522460938,1602.088131314396,1602.0523108753548,1598.5209,558708.25,448.8421,0.28350207,24832.817461810366,7.980632582694918e-05,5.0,5.0,0.5
820,8123.0224609375,10130.316162109375,1603.1382764555174,1603.0955150012694,1599.2616,378.487,59.12201,0.35460344,61832.41784197275,0.0007232747122542848,5.0,5.0,0.5
821,38978.84521484375,13048.678588867188,1601.6963088420387,1601.6715095722236,1598.8224,24247.248,471.72318,0.19621766,12719.905508316022,5.257165881765581e-05,5.0,5.0,0.5
822,29579.266357421875,12473.7060546875,1601.8530563259023,1601.8251237673937,1598.4633,11454.012,449.33478,0.21958277,16898.21380312399,6.216424787633848e-05,5.0,5.0,0.5
823,17742.770385742188,10965.435791015625,1602.2579741222034,1602.2160341654196,1598.6031,559843.44,454.18887,0.32259512,28148.239114394575,9.234034396294636e-05,5.0,5.0,0.5
824,8703.64990234375,10237.506103515625,1603.168820686433,1603.1230355074754,1599.4117,480.49286,64.56553,0.348148,58213.00636573965,0.0007091272968600272,5.0,5.0,0.5
825,24715.792846679688,11665.924072265625,-1.3043478260869564e+29,-1.3043478260869564e+29,1599.4116,369371.2,372.23352,0.19795614,20302.769233486604,0.0,5.0,5.0,0.5
826,31230.572509765625,12640.426635742188,1601.8788869981147,1601.8516207579326,1598.6376,11038.794,444.62433,0.22177,16128.850533806497,6.132422008301472e-05,5.0,5.0,0.5
827,20418.05419921875,11339.059448242188,1602.1874553884963,1602.1502330170676,1598.598,559340.9,458.99973,0.2904314,24609.36767637002,8.109453965572547e-05,5.0,5.0,0.5
828,9285.72998046875,10477.349853515625,1603.1973488813487,1603.1508393011534,1599.5287,555.8322,69.59986,0.34366935,55647.57304244418,0.0006682424279328044,5.0,5.0,0.5
829,23017.416381835938,11631.280517578125,-2.0930232558139534e+29,-2.325581395348837e+29,1600.1329,477883.44,380.46,0.20843574,22100.793404135344,6.112551773064481e+25,5.0,5.0,0.5
830,31271.59423828125,12869.326782226562,1601.9067420699496,1601.879527349513,1598.8771,11313.53,447.30664,0.22791149,16432.10558511756,6.084130653326801e-05,5.0,5.0,0.5
831,21605.16357421875,11688.543701171875,1602.2025877158162,1602.1659993097032,1598.5425,558763.94,463.8933,0.29126817,23834.069767781013,7.887245899242591e-05,5.0,5.0,0.5
832,10321.875,11234.207153320312,1603.3011202777777,1603.25,1601.2018,241.03345,72.08437,0.41743627,53318.64740630085,0.0007091728111652343,5.0,5.0,0.5
833,33416.77551269531,13320.306396484375,1601.8979343553585,1601.8718927698799,1599.2534,11672.051,455.1979,0.21728659,15547.088601014802,5.720937005009436e-05,5.0,5.0,0.5
834,22917.7978515625,12049.029541015625,1602.175940457942,1602.1391818270858,1598.4103,558388.7,468.13248,0.28465748,22945.919199923876,7.852185583647717e-05,5.0,5.0,0.5
835,10908.389282226562,11707.977294921875,1603.3334892105263,1603.27753,1601.259,328.25986,82.96572,0.4942434,52489.31499177382,0.000674485917362087,5.0,5.0,0.5
836,37731.35681152344,14279.580688476562,1601.9023320193921,1601.8731207790827,1599.4343,12534.646,446.1897,0.24511585,14320.679995907672,6.54682088996346e-05,5.0,5.0,0.5
837,22974.06005859375,12501.409912109375,1602.2324649817515,1602.1927649223237,1598.4354,558052.9,472.92926,0.3272103,23889.565273369124,8.394502680268253e-05,5.0,5.0,0.5
838,11502.706909179688,12526.15966796875,1603.3853027500002,1603.317914,1601.1461,334.6178,87.68124,0.5807444,53427.30964162179,0.00076856523549594,5.0,5.0,0.5
839,42034.43298339844,15494.95849609375,1601.8999145964683,1601.8688297654212,1599.437,13675.784,478.39606,0.25466293,13727.807549844529,6.497718905474625e-05,5.0,5.0,0.5
840,23539.410400390625,13181.0546875,1602.3307617927467,1602.2861282403803,1598.342,559186.44,478.4475,0.3811699,24940.813300198763,9.328829486062889e-05,5.0,5.0,0.5
841,12100.32958984375,12966.787719726562,1603.4312221428572,1603.360747142857,1600.742,340.93872,92.701,0.5585392,52453.77862681827,0.0007602399406467617,5.0,5.0,0.5
842,36861.67907714844,15261.639404296875,1602.0280589953038,1601.9957382708735,1599.0638,11890.726,472.00064,0.26957065,16204.241765417477,6.847601810619752e-05,5.0,5.0,0.5
843,19079.043579101562,12919.467163085938,1602.6487285055168,1602.5906075737091,1598.4231,564272.06,486.08994,0.4546666,31555.207977480513,0.00011956826831131515,5.0,5.0,0.5
844,12702.7099609375,13557.437133789062,1603.4842579545455,1603.4083363636362,1600.0219,344.91434,97.97392,0.58942854,52233.69650185969,0.0007749163123629892,5.0,5.0,0.5
845,36922.320556640625,15604.226684570312,1602.0682271944756,1602.0319641191986,1598.5117,11644.641,474.92157,0.29211673,16896.7295059073,7.635592396959786e-05,5.0,5.0,0.5
846,19414.450073242188,12657.254028320312,1602.6767999281024,1602.62121187495,1599.0112,567410.56,494.6323,0.4490606,30260.511291310027,0.00011238257966631756,5.0,5.0,0.5
847,36399.20349121094,14888.467407226562,1602.0727727088508,1602.0421529203165,1597.3116,11765.165,481.56216,0.27152613,17459.788247845154,6.358429046929409e-05,5.0,5.0,0.5
848,27301.220703125,13920.1171875,1602.3286623587987,1602.2947892877057,1596.445,557504.7,495.91898,0.31757447,22439.2751511237,6.830363979582518e-05,5.0,5.0,0.5
849,22528.665161132812,12985.903930664062,1602.6708868613923,1602.6280014048473,1597.5217,564564.6,510.2638,0.3815591,25947.63457574078,8.404565844942695e-05,5.0,5.0,0.5
850,13677.032470703125,13041.201782226562,1603.46750683546,1603.417195778269,1597.7407,278.72833,111.10375,0.44770244,46183.14126301341,0.0004528295059679818,5.0,5.0,0.5
851,35989.68811035156,15127.99072265625,1602.1496847663075,1602.121048568923,1595.762,11100.103,486.14334,0.26625416,18183.091221109706,5.89048434187257e-05,5.0,5.0,0.5
852,28841.58935546875,14064.74609375,1602.4475943130924,1602.414071410829,1595.2188,558651.1,505.33636,0.33134946,21323.346760306507,6.633779914162412e-05,5.0,5.0,0.5
853,25454.241943359375,13307.937622070312,1602.7292167342193,1602.6855085973907,1597.378,564628.25,519.8965,0.38196838,23383.100052956936,8.407084514366634e-05,5.0,5.0,0.5
854,32228.598022460938,14494.7509765625,-9.83606557377049e+28,-9.83606557377049e+28,1596.0634,291140.62,405.9502,0.3245126,19849.174531741784,0.0,5.0,5.0,0.5
855,33518.71337890625,14918.972778320312,1602.3033521659106,1602.2758147230718,1593.4386,552623.4,507.45828,0.26476043,19178.771441624176,5.4265431839533e-05,5.0,5.0,0.5
856,30484.701538085938,14104.547119140625,1602.5823223125774,1602.5512619950578,1593.847,559319.44,519.0973,0.3181801,20054.751135575865,5.98352526889414e-05,5.0,5.0,0.5
857,23197.036743164062,13064.898681640625,1603.1061625301895,1603.060644832908,1596.8969,540.591,196.49556,0.43129995,25577.017519862366,0.00023164745988494737,5.0,5.0,0.5
858,11966.500854492188,13030.911254882812,1603.6645267633749,1603.6139417771362,1596.9119,873.5333,112.716,0.47385362,50963.99992071921,0.0004487826458062161,5.0,5.0,0.5
859,39125.0,15514.09912109375,1602.1746108386144,1602.1479112148456,1593.9786,11915.89,498.76456,0.2436651,16722.739517877693,5.353151782782398e-05,5.0,5.0,0.5
860,32966.290283203125,14941.445922851562,1602.3941391084188,1602.3667014268274,1592.1982,556331.06,516.1623,0.27256173,19354.471771944147,5.315708255165652e-05,5.0,5.0,0.5
861,29858.157348632812,14100.509643554688,1602.674505571278,1602.6420487333555,1593.0889,560289.1,526.4007,0.3353868,20605.950977358196,6.16580452520249e-05,5.0,5.0,0.5
862,23154.11376953125,13293.753051757812,1603.1539631824123,1603.1120619215346,1596.272,581.9788,202.76143,0.39663324,25849.11828478207,0.00020665301639890936,5.0,5.0,0.5
863,24983.932495117188,13198.614501953125,1603.0693893850043,1603.029196227602,1597.7441,657.7875,219.3133,0.3818028,23830.719252721636,0.00018326822222612907,5.0,5.0,0.5
864,29919.461059570312,14444.71435546875,-1.0344827586206896e+29,-1.0344827586206896e+29,1594.7186,338021.66,418.74448,0.28833905,21139.54745233101,0.0,5.0,5.0,0.5
865,34751.007080078125,15070.120239257812,1602.3826581410574,1602.3556519784634,1591.6621,531784.6,518.55255,0.27039555,19119.21674651305,5.20798953315672e-05,5.0,5.0,0.5
866,35202.84423828125,15016.311645507812,1602.4465318830237,1602.4208241538852,1590.8768,556900.56,526.69476,0.2615621,17976.19177532797,4.8809540051458475e-05,5.0,5.0,0.5
867,29666.668701171875,13885.44921875,1602.7332038503905,1602.6999305391028,1591.8552,568045.25,535.32446,0.32167697,20678.480226524225,6.215540965210089e-05,5.0,5.0,0.5
868,31406.38427734375,13809.725952148438,1602.764919968495,1602.7316522441436,1593.7217,568088.7,545.7885,0.32562062,19357.145896228212,6.0953507719205576e-05,5.0,5.0,0.5
869,33792.97180175781,13808.340454101562,1602.6923597255625,1602.658408899945,1596.2379,570843.8,550.3601,0.3179992,17940.004911336695,6.168838395011428e-05,5.0,5.0,0.5
870,34200.164794921875,13805.630493164062,1602.6038830506843,1602.5695305710558,1597.8958,571176.56,556.2618,0.30003682,17683.006118874207,6.175595893320516e-05,5.0,5.0,0.5
871,9873.220825195312,12881.024169921875,1603.9283013044455,1603.869565414711,1598.1134,200.65749,91.53344,0.4742886,61618.00194495289,0.000641687780641275,5.0,5.0,0.5
872,11479.977416992188,13093.194580078125,1603.8083360771507,1603.7515857497406,1597.5021,329.995,104.3398,0.4873739,53561.94811457382,0.0005438991498185677,5.0,5.0,0.5
873,12526.85546875,13163.449096679688,1603.7437842450486,1603.6944270148128,1596.0101,1513.7324,120.20195,0.43859342,49223.961508990644,0.00041061921379522765,5.0,5.0,0.5
874,38381.939697265625,15457.23876953125,1602.2339370005511,1602.2085358888753,1591.9666,11691.161,507.23166,0.2429927,17081.265718868628,5.007793032699275e-05,5.0,5.0,0.5
875,35055.108642578125,15257.345581054688,1602.3842375513686,1602.3598285403618,1590.294,551275.06,526.2923,0.24285568,18600.673372339435,4.637919104858444e-05,5.0,5.0,0.5
876,29591.000366210938,14010.147094726562,1602.859250245289,1602.8286925258062,1589.9923,564396.94,534.402,0.32564744,21290.45575298889,5.7181149709821234e-05,5.0,5.0,0.5
877,30534.307861328125,13894.125366210938,1602.8493105891653,1602.8182317839944,1590.9554,567449.44,544.88947,0.3158466,20129.45815408297,5.703689857891841e-05,5.0,5.0,0.5
878,34531.134033203125,14042.910766601562,1602.7431090957996,1602.712427881941,1592.5006,568755.6,552.7865,0.30029768,17754.5566735965,5.550282778748181e-05,5.0,5.0,0.5
879,34894.89440917969,14066.152954101562,1602.6371402939656,1602.6060348266265,1594.3713,569470.5,559.8664,0.29484573,17497.706468318727,5.5558732708495804e-05,5.0,5.0,0.5
880,37732.135009765625,14007.986450195312,1602.6671509418443,1602.63445884849,1596.5254,571330.0,564.1231,0.3062898,16130.377822673254,5.7952054960631176e-05,5.0,5.0,0.5
881,38139.30358886719,13996.673583984375,1602.598685769802,1602.5683050164398,1598.146,579421.44,576.8594,0.26120827,15901.9530829058,5.26657876750705e-05,5.0,5.0,0.5
882,9873.342895507812,12880.975341796875,1604.0001000459856,1603.9429202577523,1598.3773,213.87402,92.619125,0.4479947,61677.175544431586,0.0006173648045928371,5.0,5.0,0.5
883,10848.321533203125,12928.79638671875,1603.9280372743951,1603.8744466898447,1597.7032,215.4565,95.39874,0.46591994,56060.60048196842,0.0005617535729223535,5.0,5.0,0.5
884,12650.35400390625,13229.275512695312,1603.7889837693374,1603.741871915955,1595.5297,2739.7207,124.19458,0.42510206,49328.453171995905,0.00037933904484994187,5.0,5.0,0.5
885,29784.103393554688,14516.3818359375,-1.3793103448275862e+29,-1.3793103448275862e+29,1593.8492,408064.3,436.23666,0.34658927,21293.141245010655,0.0,5.0,5.0,0.5
886,46566.95556640625,16301.4892578125,1602.0803528629358,1602.0548731707372,1592.2258,15093.829,533.4546,0.24118584,13835.861246791035,4.7763563541650665e-05,5.0,5.0,0.5
887,36123.4375,15259.28955078125,1602.4479517994203,1602.4229790143897,1590.1927,527332.06,529.51013,0.25294968,18365.43154742511,4.716205324330036e-05,5.0,5.0,0.5
888,38173.76403808594,15269.882202148438,1602.4699219474237,1602.4461034644028,1589.0427,555663.75,536.23737,0.24846503,16839.67838843806,4.441779805633879e-05,5.0,5.0,0.5
889,30940.155029296875,14080.343627929688,1602.865420657571,1602.8360538856853,1589.2032,564415.44,545.59393,0.30729926,20137.108128571796,5.382532704951686e-05,5.0,5.0,0.5
890,32754.220581054688,14053.829956054688,1602.783022446405,1602.752508658181,1590.1875,567658.6,553.849,0.29313976,18897.03551217899,5.509405682415372e-05,5.0,5.0,0.5
891,34976.32141113281,14156.851196289062,1602.6952462151519,1602.6653558475655,1591.6416,569059.5,562.9327,0.2790952,17528.615545368888,5.3097588295596235e-05,5.0,5.0,0.5
892,37977.13317871094,14190.054321289062,1602.6679584594774,1602.6400223462442,1593.4384,570638.9,573.20764,0.27003902,16143.213113343261,4.873646337848352e-05,5.0,5.0,0.5
893,41299.82604980469,14218.07861328125,1602.6468629446988,1602.6193643151187,1595.5273,573991.4,586.41095,0.26210514,14768.919935913327,4.689310387853593e-05,5.0,5.0,0.5
895,11967.76123046875,13109.027099609375,1603.9219696755129,1603.8614545566013,1598.4761,593.43396,112.04968,0.46695638,51448.32246844537,0.0005400739876997262,5.0,5.0,0.5
896,10848.422241210938,12939.068603515625,1603.9934757349008,1603.9408254698815,1597.9799,241.49655,102.1082,0.43743315,56110.72360838961,0.000515632094009804,5.0,5.0,0.5
897,11603.561401367188,13204.669189453125,1603.9390535452417,1603.8901703154609,1596.2065,440.4101,111.277084,0.42588004,53659.97860028427,0.00043929287028048964,5.0,5.0,0.5
898,11603.512573242188,13264.984130859375,1603.8832758157305,1603.8367867872826,1594.6844,21732.682,123.47737,0.41519448,53650.39068930206,0.0003764983655723158,5.0,5.0,0.5
899,30943.12744140625,14429.815673828125,-1.6666666666666666e+29,-1.8333333333333336e+29,1593.2325,434335.38,441.29245,1.8475574,20557.521974773095,3.776784911799608e+25,5.0,5.0,0.5
900,45872.64404296875,16231.961059570312,1602.1234497891307,1602.0964899092623,1591.8625,15553.957,534.5543,0.23181883,14015.630224169965,5.0434312837256864e-05,5.0,5.0,0.5
901,38467.578125,15562.6953125,1602.37836901328,1602.3537953937569,1590.2703,11109.008,517.11346,0.24446212,17119.70188424438,4.752074973290739e-05,5.0,5.0,0.5
902,37322.54333496094,15389.901733398438,1602.4727299913468,1602.4493104123962,1588.6892,550892.44,538.2138,0.23931244,17614.484842474165,4.351352321854599e-05,5.0,5.0,0.5
903,31330.276489257812,14405.108642578125,1602.7629709368405,1602.735255035109,1588.2098,562843.75,544.8869,0.28350976,20184.649434310868,5.086542113059963e-05,5.0,5.0,0.5
904,34028.72009277344,14270.321655273438,1602.8321672194186,1602.8032734872936,1588.6682,563535.7,554.55835,0.29516235,18372.335292929623,5.210223981898915e-05,5.0,5.0,0.5
905,37749.713134765625,14216.970825195312,1602.83633138309,1602.8077976316265,1589.7708,567753.5,563.56805,0.2875059,16403.56833428833,5.063053388308131e-05,5.0,5.0,0.5
906,38634.34143066406,14285.360717773438,1602.7338151087718,1602.7061737726074,1591.3865,569489.2,578.3948,0.26732332,15970.39513673682,4.778974039955869e-05,5.0,5.0,0.5
907,44313.916015625,14382.681274414062,1602.7509305035994,1602.7244453299897,1593.6516,571130.5,598.2649,0.25992984,13817.085075588395,4.426997796166525e-05,5.0,5.0,0.5
909,12994.039916992188,13173.08349609375,1603.9296785373201,1603.8769678193623,1597.407,3217.7705,123.987724,0.4225612,47503.04533737347,0.00042512852182411174,5.0,5.0,0.5
910,13066.1865234375,13259.33837890625,1603.9299257998407,1603.8853480558614,1595.7452,790.46216,119.95037,0.41043282,47488.89884766171,0.00037163489938569973,5.0,5.0,0.5
911,13965.469360351562,13403.237915039062,1603.7913326728349,1603.7502367358268,1594.1967,1634.321,133.70543,0.37411273,45714.23467481876,0.00030736176751941817,5.0,5.0,0.5
912,14938.644409179688,13474.2919921875,1603.729728384801,1603.6892442774802,1593.0206,401.6651,143.52914,0.3781846,42561.50575612928,0.0002820619291086472,5.0,5.0,0.5
913,35528.057861328125,15546.505737304688,1602.4413254284498,1602.4150321384075,1591.7205,15750.997,437.77078,0.23672673,18144.5877481357,6.0061774552218946e-05,5.0,5.0,0.5
914,40587.53356933594,15719.17724609375,1602.3293709642428,1602.3051323325149,1590.113,11733.978,522.9818,0.23473172,16024.655914930165,4.6346987971403784e-05,5.0,5.0,0.5
915,38884.393310546875,15308.535766601562,1602.545614749672,1602.5209557863311,1588.5675,537056.9,541.3355,0.24989128,17126.7817267939,4.555208899811469e-05,5.0,5.0,0.5
916,36671.24328613281,14830.697631835938,1602.693515381492,1602.667541786816,1587.6364,558386.2,546.38885,0.26606283,17609.70860276705,4.753683103037826e-05,5.0,5.0,0.5
917,35843.56689453125,14577.557373046875,1602.798487644009,1602.771753514303,1587.6422,562686.4,556.3307,0.27786037,17600.468703529874,4.805438610443885e-05,5.0,5.0,0.5
918,39088.5009765625,14547.756958007812,1602.7950790094033,1602.7686788596357,1588.3954,561875.44,564.49036,0.2701448,16008.13622254719,4.67681147537087e-05,5.0,5.0,0.5
919,40746.69189453125,14398.495483398438,1602.7697870246138,1602.7426155246328,1589.7993,568083.94,579.84503,0.26430124,15209.525724185463,4.685993410957945e-05,5.0,5.0,0.5
920,43426.068115234375,14459.609985351562,1602.7654183631516,1602.7399352775894,1591.9031,569395.7,602.87354,0.24936815,14147.409002722046,4.226937172751458e-05,5.0,5.0,0.5
923,13481.57958984375,13238.07373046875,1603.9474764866388,1603.895234598022,1596.8191,526.3908,132.80353,0.39661667,45739.17759597953,0.0003933772654214864,5.0,5.0,0.5
924,14940.658569335938,13434.152221679688,1603.8012028954154,1603.7602950609376,1594.1646,1299.2406,140.3319,0.36880234,42583.1031421809,0.00029150774877220416,5.0,5.0,0.5
925,16180.426025390625,13576.025390625,1603.7271063838627,1603.6868304883744,1593.0125,448.52164,148.96188,0.3622124,39828.31600576483,0.00027037718998884207,5.0,5.0,0.5
926,33747.418212890625,14647.8271484375,-9.23076923076923e+28,-9.23076923076923e+28,1591.7982,364993.78,446.49835,0.26721013,18995.763024372183,0.0,5.0,5.0,0.5
927,46575.96435546875,16480.062866210938,1602.2324913151836,1602.209625844654,1590.2416,13530.096,539.43176,0.22751011,14026.585979045107,4.2388068539469444e-05,5.0,5.0,0.5
928,38561.737060546875,15541.482543945312,1602.454280798934,1602.430628188501,1588.6373,192899.05,545.1473,0.23587397,17145.193903297113,4.33875603799794e-05,5.0,5.0,0.5
929,41498.06213378906,15543.740844726562,1602.5633248184818,1602.53966383515,1587.4652,551030.06,549.7324,0.24470402,15823.80286703493,4.304090934124565e-05,5.0,5.0,0.5
930,39510.73303222656,14906.228637695312,1602.7504613767044,1602.7253943775283,1587.0011,558549.2,557.02673,0.2599957,16235.195101970785,4.500142932655805e-05,5.0,5.0,0.5
931,37227.593994140625,14519.989013671875,1602.8183608315971,1602.791060096881,1587.3796,563031.75,567.11975,0.27174264,16897.55522588983,4.813927687962335e-05,5.0,5.0,0.5
932,39331.744384765625,14555.490112304688,1602.7672772753124,1602.740844607197,1588.4576,560521.0,578.21875,0.25908375,15812.214846192339,4.571395880084509e-05,5.0,5.0,0.5
933,43636.138916015625,14465.371704101562,1602.8227269988465,1602.7976889282866,1590.3115,568036.7,600.43713,0.2510815,14210.908263423771,4.169973699320578e-05,5.0,5.0,0.5
938,14944.1162109375,13302.1240234375,1603.9210048104685,1603.8753662141282,1596.2148,10028.62,142.41858,0.3944333,41170.62171774721,0.0003204539507989475,5.0,5.0,0.5
939,16111.294555664062,13498.513793945312,1603.808523656316,1603.7672475555594,1593.3542,482.15393,145.44745,0.3672779,39839.370678892126,0.0002837870386657222,5.0,5.0,0.5
940,33911.42883300781,14609.768676757812,-1.2307692307692309e+29,-1.2307692307692309e+29,1592.1356,398708.12,454.51685,0.27982998,19009.048363818645,0.0,5.0,5.0,0.5
941,48141.48864746094,16338.229370117188,1602.2158080414852,1602.1913685353695,1590.558,15625.232,550.1927,0.22906573,13434.591964737014,4.441990351598711e-05,5.0,5.0,0.5
942,40396.84753417969,15590.365600585938,1602.4635945952355,1602.4404796571744,1588.9362,11613.583,537.4102,0.22831899,16245.980973066597,4.301172050257763e-05,5.0,5.0,0.5
943,41261.83776855469,15423.477172851562,1602.620670607446,1602.5962425099308,1587.5417,537118.25,553.00574,0.2444762,16260.552924676513,4.417331659947e-05,5.0,5.0,0.5
944,37289.44091796875,14932.369995117188,1602.7330397398177,1602.7079488484503,1586.6976,558856.0,557.7558,0.25738412,17404.4805387091,4.4985442450099945e-05,5.0,5.0,0.5
945,43161.0595703125,15395.428466796875,1602.6527521974126,1602.6286768527557,1586.6697,557659.94,567.28076,0.23973136,14699.133437479079,4.243991032584627e-05,5.0,5.0,0.5
946,46692.88330078125,15396.39892578125,1602.655751240059,1602.6326698858952,1587.4167,557768.5,578.68304,0.23392151,13561.58269156327,3.98860038943595e-05,5.0,5.0,0.5
947,43437.85705566406,14649.020385742188,1602.821498980111,1602.796989389994,1588.9342,562421.1,597.39825,0.24771912,14352.715427226427,4.1027220847703676e-05,5.0,5.0,0.5
959,15308.206176757812,13208.038330078125,1603.9574111932395,1603.9046801036454,1598.5334,5100.0083,148.40874,0.3936128,39861.56631962825,0.0003553098732266977,5.0,5.0,0.5
960,17285.263061523438,13452.877807617188,1603.8466935570032,1603.8056137573506,1595.0902,1676.3505,152.26532,0.36573315,36346.720533981126,0.000269790912993394,5.0,5.0,0.5
961,17352.79541015625,13550.619506835938,1603.795647465548,1603.7565673424997,1592.8134,512.9965,157.19228,0.3590383,37436.14568431135,0.0002486135072440618,5.0,5.0,0.5
962,35525.31433105469,14717.7978515625,-8.823529411764705e+28,-8.823529411764705e+28,1591.2719,367827.44,456.87732,0.26369527,18170.42272103064,0.0,5.0,5.0,0.5
963,42562.74719238281,15844.656372070312,1602.427187332558,1602.4031333809496,1589.472,12095.116,540.4124,0.23622383,15253.339936193815,4.451036090369714e-05,5.0,5.0,0.5
964,41951.55334472656,15686.151123046875,1602.5653434222918,1602.5424185086983,1587.9591,344181.47,555.9244,0.23358014,15842.163596306253,4.123746776306577e-05,5.0,5.0,0.5
965,41655.291748046875,15472.763061523438,1602.6716787486414,1602.6483364430335,1586.732,556750.1,559.76056,0.24350564,15836.696998802849,4.170051860422537e-05,5.0,5.0,0.5
966,43167.51708984375,15357.92236328125,1602.7134205949915,1602.689305127909,1586.2676,557835.4,567.9075,0.24793752,14880.264078238848,4.246372574159094e-05,5.0,5.0,0.5
967,46768.7744140625,15544.308471679688,1602.639549718612,1602.6165384917892,1586.6285,557144.6,578.2066,0.23183647,13572.09007571032,3.979758560936525e-05,5.0,5.0,0.5
968,42785.53161621094,14835.134887695312,1602.7865097738825,1602.7628989466962,1587.759,559872.9,594.44617,0.24399082,14695.546235610023,3.9719033442120665e-05,5.0,5.0,0.5
969,52346.88720703125,15160.147094726562,1602.7734918245371,1602.752088433327,1589.3041,559135.2,623.76764,0.22030236,11881.89205438955,3.4313083697416383e-05,5.0,5.0,0.5
982,16914.926147460938,13271.292114257812,1603.9034221040665,1603.8489962876406,1599.7043,2114.921,160.47002,0.3792182,36391.912810311784,0.0003391650204814092,5.0,5.0,0.5
983,16894.271850585938,13298.028564453125,1603.9392114521363,1603.8929336642436,1597.2106,16145.416,153.84236,0.38616115,36350.09127163046,0.0003008130365163377,5.0,5.0,0.5
984,17044.735717773438,13433.203125,1603.8831594232274,1603.8430526637878,1593.9146,731.8487,155.4527,0.36159438,37445.258532453765,0.0002579997646813923,5.0,5.0,0.5
985,33878.900146484375,14549.746704101562,-1.3846153846153847e+29,-1.5384615384615385e+29,1592.3337,477409.53,468.0789,0.2621618,19015.38920469568,3.286756950808131e+25,5.0,5.0,0.5
986,49857.96813964844,16364.089965820312,1602.3116536626808,1602.2879396010678,1590.2355,15938.492,561.5314,0.22953439,13010.335842328266,4.223105385106473e-05,5.0,5.0,0.5
987,41584.93957519531,15705.740356445312,1602.5433048883542,1602.5200711455402,1588.5831,11913.869,548.978,0.22670762,15840.96295838297,4.232180826328738e-05,5.0,5.0,0.5
988,40436.895751953125,15459.713745117188,1602.6141086244468,1602.590046799859,1587.0896,537191.06,563.2528,0.24065666,16479.792480256645,4.271940461256398e-05,5.0,5.0,0.5
989,42086.9140625,15417.520141601562,1602.7205141824888,1602.6969628369395,1586.1682,557821.75,569.53656,0.24401012,15448.174073159695,4.1351771248713105e-05,5.0,5.0,0.5
990,46576.66320800781,15506.088256835938,1602.7311201626733,1602.7083043793107,1586.127,557697.56,579.0439,0.23772839,13726.179281829312,3.94025115921521e-05,5.0,5.0,0.5
991,48679.4189453125,15541.827392578125,1602.6535202038976,1602.630493987755,1586.8914,557303.0,592.8397,0.2236294,13000.096467796204,3.8840542056435376e-05,5.0,5.0,0.5
992,51242.889404296875,15411.724853515625,1602.7150494730204,1602.6935536793749,1588.3971,557919.56,615.4911,0.22133148,12226.824088623818,3.492462203646589e-05,5.0,5.0,0.5
1002,1222.6837158203125,12632.022094726562,1604.76624,1604.7661749999997,1601.8906,112503.44,4.1566634,0.0552548,619216.9194975201,1.5637542337046176e-05,5.0,5.0,0.5
1008,17038.552856445312,13374.801635742188,1603.9139437610281,1603.8588318657446,1599.7374,3821.8892,165.99033,0.37048668,36436.65827047103,0.00033201871841320637,5.0,5.0,0.5
1009,18995.037841796875,13721.47216796875,1603.9366119182012,1603.8989821900848,1595.2928,2190.092,163.3952,0.3393014,33414.86843525574,0.00023029885522425533,5.0,5.0,0.5
1010,18555.340576171875,13720.0439453125,1603.8972871181475,1603.8608712072544,1593.3114,1029.0266,160.54985,0.33658713,35361.16876228421,0.0002268199614504103,5.0,5.0,0.5
1011,36798.20556640625,14874.383544921875,-8.57142857142857e+28,-8.57142857142857e+28,1591.1765,381078.5,467.7099,0.26864558,17661.951544068503,0.0,5.0,5.0,0.5
1012,51646.49353027344,16691.354370117188,1602.3050704037928,1602.2811273411216,1589.5944,14352.86,562.4929,0.23263052,12630.632254234062,4.256598051843292e-05,5.0,5.0,0.5
1013,41085.14099121094,15684.140014648438,1602.6430412814875,1602.618948907158,1587.8604,11596.762,557.8604,0.23740934,16266.001965722771,4.3187101621531196e-05,5.0,5.0,0.5
1014,42436.90490722656,15529.034423828125,1602.6637619588514,1602.6398926644251,1586.509,555978.1,569.11456,0.23439687,15648.035140727612,4.194110637574408e-05,5.0,5.0,0.5
1015,46937.63732910156,15588.87939453125,1602.7402588604587,1602.7176478932072,1585.9155,556974.56,578.37,0.23755364,13730.971012533188,3.909429507470448e-05,5.0,5.0,0.5
1016,48964.77966308594,15604.022216796875,1602.6917694488054,1602.6693633491088,1586.2487,556607.75,590.6302,0.22772281,13006.788432800011,3.793592022937095e-05,5.0,5.0,0.5
1017,52055.87158203125,15531.210327148438,1602.7286304016477,1602.7066349702784,1587.418,557272.25,609.0806,0.22214265,12233.55562728176,3.611251183887164e-05,5.0,5.0,0.5
1035,17876.583862304688,14044.186401367188,1604.0926698118735,1604.043871143675,1599.7878,9009.595,177.06,0.34238878,35712.4615413292,0.00027560526867377886,5.0,5.0,0.5
1036,17752.838134765625,13919.207763671875,1604.0518328341122,1604.0013892519778,1599.4095,12882.074,174.08115,0.34958068,35377.64880473892,0.0002897705077426123,5.0,5.0,0.5
1037,17629.104614257812,13816.46728515625,1604.0074411517683,1603.95714516986,1599.0165,14890.163,170.3131,0.36325106,35365.328531523235,0.000295314825209555,5.0,5.0,0.5
1038,19482.748413085938,14035.26611328125,1603.9448183675188,1603.9054708869764,1596.0076,4456.954,172.17213,0.3396121,32549.613717814915,0.00022853570747439437,5.0,5.0,0.5
1039,18586.12060546875,14086.141967773438,1604.0119728690656,1603.9768811130102,1593.5647,2144.263,168.57489,0.32076374,35345.04520959506,0.00020816715957487907,5.0,5.0,0.5
1040,32444.039916992188,14711.123657226562,-1.9354838709677418e+29,-1.9354838709677418e+29,1592.5406,499304.03,483.10992,0.8124084,19982.049157664624,0.0,5.0,5.0,0.5
1041,51024.749755859375,16781.796264648438,1602.3111083029248,1602.2874972284033,1590.0527,16550.72,570.3603,0.21597089,12750.000882474878,4.1396771328063474e-05,5.0,5.0,0.5
1042,43937.78076171875,16151.1962890625,1602.5012562827674,1602.4782047663905,1589.1099,12885.465,555.1301,0.22254698,14929.198233380162,4.1524527777660806e-05,5.0,5.0,0.5
1043,42846.0693359375,15679.641723632812,1602.7572186194666,1602.7336447718912,1587.0792,537565.8,573.6496,0.23713665,15651.773215751924,4.109450732941507e-05,5.0,5.0,0.5
1044,43808.76770019531,15563.70849609375,1602.8040621689663,1602.781131865133,1586.1215,558200.25,577.56146,0.24032941,15075.61047541543,3.970192841124359e-05,5.0,5.0,0.5
1045,48970.40100097656,15749.359130859375,1602.7521895864313,1602.7294587876015,1585.8942,557316.06,588.507,0.2315002,13161.253597407833,3.862451609627847e-05,5.0,5.0,0.5
1046,52303.948974609375,15599.551391601562,1602.7756752829714,1602.7538864583992,1586.6783,557764.75,605.3465,0.2254098,12257.923242775963,3.5993971544011405e-05,5.0,5.0,0.5
1047,55426.33972167969,15595.208740234375,1602.7740781502403,1602.7538722683375,1588.2299,557788.1,636.1807,0.21181154,11340.13847541259,3.176122932616336e-05,5.0,5.0,0.5
1059,21427.337646484375,15352.651977539062,1604.2181738899476,1604.1836014385099,1597.2878,22905.635,206.56604,0.28273833,30968.451316429215,0.0001673675471107809,5.0,5.0,0.5
1060,21550.735473632812,15612.051391601562,1604.2190303884665,1604.1863803562994,1596.5085,17094.373,200.93062,0.27410042,30963.793481975812,0.00016249406111226437,5.0,5.0,0.5
1061,20328.475952148438,15351.376342773438,1604.2296496479692,1604.1945871277358,1596.9727,15041.387,195.59804,0.27910352,32592.52798565895,0.00017925803674798165,5.0,5.0,0.5
1062,19957.406616210938,14954.623413085938,1604.1842249911972,1604.145897525438,1597.8868,13115.508,190.422,0.30606008,32591.67550613999,0.00020127646148524657,5.0,5.0,0.5
1063,19346.087646484375,14827.105712890625,1604.166535645095,1604.1272167515224,1597.8285,12349.481,185.39746,0.3148531,33460.36304601333,0.00021207892154457065,5.0,5.0,0.5
1064,18370.73974609375,14726.809692382812,1604.1412229896348,1604.1020190567042,1597.0208,9887.491,179.27711,0.31682467,35372.92096856737,0.0002186778438476881,5.0,5.0,0.5
1065,16907.904052734375,14737.075805664062,1604.134398712441,1604.0963196355726,1595.9777,7677.074,173.22835,0.31100717,38678.60578753121,0.00021982012388122892,5.0,5.0,0.5
1066,19176.84326171875,14712.127685546875,1604.1014681852828,1604.0648202871816,1595.1322,12309.742,175.0277,0.31326842,34381.64252134744,0.00020938342451177266,5.0,5.0,0.5
1067,18607.174682617188,14659.912109375,1603.9705041176471,1603.9352720466047,1593.7913,4785.4614,179.32535,0.31852847,35355.079630893364,0.00019647011119683575,5.0,5.0,0.5
1068,20388.65966796875,14643.115234375,1604.0046269786524,1603.971142544293,1593.332,4238.3574,176.25089,0.30788532,32573.914916894795,0.00018998165233396856,5.0,5.0,0.5
1069,36407.16857910156,15619.17724609375,-1.1594202898550724e+29,-1.1594202898550724e+29,1592.112,402403.0,485.11374,0.25946304,17934.77746599831,0.0,5.0,5.0,0.5
1070,51146.771240234375,17295.639038085938,1602.361675687879,1602.3383550888432,1590.5059,19110.785,582.3484,0.22007273,12752.050199013645,4.0045786146893474e-05,5.0,5.0,0.5
1071,43771.08459472656,16507.4951171875,1602.572527854997,1602.549896726576,1588.894,14413.194,562.84534,0.21320404,15090.836174978263,4.020843193799325e-05,5.0,5.0,0.5
1072,44293.8720703125,16465.167236328125,1602.6638886394403,1602.6415009533325,1587.785,498579.34,580.2347,0.2234029,15093.608005211356,3.8583846972046995e-05,5.0,5.0,0.5
1073,44638.30871582031,16162.930297851562,1602.7645284740686,1602.742645070333,1586.4832,558647.7,583.4049,0.23091424,14897.86310990813,3.7509804021930505e-05,5.0,5.0,0.5
1074,45518.30139160156,15791.888427734375,1602.820935453887,1602.7973075739178,1585.9828,559213.1,587.2362,0.23984124,14399.39912266526,4.023573431868046e-05,5.0,5.0,0.5
1075,52423.553466796875,15882.940673828125,1602.7697431609943,1602.7476941521143,1586.222,557010.4,603.415,0.22460617,12258.4388080584,3.654037384369374e-05,5.0,5.0,0.5
1076,53273.858642578125,15712.19482421875,1602.7539842825379,1602.7328915517453,1587.4949,557582.25,626.1238,0.21646605,11887.782418449597,3.368779702996632e-05,5.0,5.0,0.5
1086,23020.687866210938,16269.158935546875,1604.2799393401888,1604.251551601444,1595.6879,32028.621,216.24724,0.24990147,29497.438207047708,0.00013127445689721181,5.0,5.0,0.5
1087,22409.347534179688,16145.010375976562,1604.2680785923883,1604.2390013966012,1595.6879,24571.451,211.2469,0.25598723,30216.143596148584,0.00013764554863365228,5.0,5.0,0.5
1088,21798.01025390625,15995.864868164062,1604.2627089480206,1604.2319061528874,1595.9423,19197.998,204.64578,0.26084,30972.28035247158,0.00015051761517562804,5.0,5.0,0.5
1089,21674.163818359375,15871.408081054688,1604.225768677153,1604.1935666615352,1595.997,15747.247,200.11098,0.26804453,30964.879156083676,0.0001609207854194714,5.0,5.0,0.5
1090,19353.094482421875,15363.12255859375,1604.2044635777254,1604.1705510649535,1595.9777,13499.352,195.43626,0.2791658,34400.53127975948,0.00017352210931150512,5.0,5.0,0.5
1091,19229.2724609375,15263.723754882812,1604.1948978926782,1604.1614052910197,1596.2972,11494.81,190.24017,0.29090083,34399.83496704859,0.000176054305830965,5.0,5.0,0.5
1092,18617.959594726562,15137.753295898438,1604.1764430975736,1604.1422794847642,1596.1836,10347.064,185.07184,0.29856074,35377.31127782882,0.00018459649565610766,5.0,5.0,0.5
1093,17642.593383789062,15148.6328125,1604.1946488554681,1604.159114000227,1595.6587,8338.527,179.52289,0.29590333,37559.45999679595,0.00019794052781072855,5.0,5.0,0.5
1094,21000.137329101562,15293.417358398438,1604.021667147846,1603.9886794530294,1594.4209,9515.627,189.9849,0.29894713,31746.8603880114,0.00017363325134492683,5.0,5.0,0.5
1095,19880.31005859375,15269.607543945312,1604.007260325449,1603.9738086451007,1593.3741,6850.596,193.11737,0.2951157,33457.879996307594,0.00017321942735305736,5.0,5.0,0.5
1096,19827.23388671875,15238.558959960938,1603.9513126201696,1603.9187650204358,1593.0168,6281.687,194.84515,0.3009254,33481.353198069955,0.00016704341420655558,5.0,5.0,0.5
1097,38154.052734375,16239.370727539062,-8.333333333333333e+28,-8.333333333333333e+28,1592.2024,394373.6,492.0906,0.96978486,17273.22376659925,0.0,5.0,5.0,0.5
1098,53073.126220703125,17994.7021484375,1602.3880185911362,1602.3659488943908,1590.2861,18921.146,587.86255,0.2123649,12376.452220635912,3.754227376678887e-05,5.0,5.0,0.5
1099,43943.121337890625,17054.522705078125,1602.6121868693647,1602.5901613912567,1589.2411,16052.771,570.1137,0.21383372,15095.714566888506,3.8633482724062004e-05,5.0,5.0,0.5
1100,42575.07629394531,16717.95654296875,1602.7859282125828,1602.763033760549,1588.3547,15165.228,577.4387,0.22824948,15862.076357284066,3.964827991781858e-05,5.0,5.0,0.5
1101,43994.01550292969,16363.967895507812,1602.7946645749294,1602.7715553934518,1587.4843,540298.0,586.951,0.2302138,15270.725289173564,3.937156921064083e-05,5.0,5.0,0.5
1102,44886.85302734375,16202.578735351562,1602.8717275376202,1602.848483798401,1586.2966,560840.5,591.3502,0.23851451,14732.533458297507,3.930621557889107e-05,5.0,5.0,0.5
1103,49012.56408691406,16199.362182617188,1602.811281969482,1602.7896184254078,1586.029,559897.6,595.319,0.22939889,13332.49315604976,3.638980979259305e-05,5.0,5.0,0.5
1104,52342.633056640625,16068.704223632812,1602.7744555608658,1602.752703719946,1586.4789,558368.6,613.2162,0.22242342,12249.493898020528,3.547173313057047e-05,5.0,5.0,0.5
1105,57135.98327636719,15972.012329101562,1602.8170101347066,1602.796834896973,1588.1562,558870.1,648.7946,0.20924321,11040.959366216874,3.1096493735187495e-05,5.0,5.0,0.5
1114,25888.796997070312,16636.843872070312,1604.116240541843,1604.0902899474136,1593.0554,23020.69,234.97546,0.25181907,26355.212522046942,0.00011043959229717745,5.0,5.0,0.5
1115,24159.054565429688,16153.94287109375,1604.1317670169126,1604.1028405301874,1594.3375,17711.73,218.12419,0.25751427,28149.895976342028,0.00013261475746839102,5.0,5.0,0.5
1116,22398.175048828125,15918.258666992188,1604.0863883864758,1604.0573174062897,1594.0107,14195.307,212.02486,0.2652869,30219.400731634047,0.00013711118902181655,5.0,5.0,0.5
1117,22957.455444335938,15793.51806640625,1604.089609193635,1604.0593515128942,1594.5472,15901.438,206.16151,0.2738567,29489.216859763088,0.00014676687278954934,5.0,5.0,0.5
1118,22325.09765625,15779.403686523438,1604.0853843596135,1604.0543710567865,1594.3453,11902.96,202.71294,0.2717436,30201.03307381642,0.00015299123665976497,5.0,5.0,0.5
1119,22831.610107421875,15740.060424804688,1604.011628018593,1603.9817373526657,1593.0164,9201.318,210.20517,0.2776873,29479.061607010164,0.00014219757760046647,5.0,5.0,0.5
1120,21049.749755859375,15614.447021484375,1603.9928541140484,1603.9618930887502,1593.0299,8503.9795,206.5326,0.2872495,31746.26808888385,0.0001499086651770008,5.0,5.0,0.5
1121,38920.05615234375,16895.953369140625,-8.21917808219178e+28,-8.21917808219178e+28,1592.8381,388347.16,506.2719,0.22733587,16984.720891659523,0.0,5.0,5.0,0.5
1122,53106.32019042969,18387.063598632812,1602.4002178655198,1602.3770118856892,1591.0574,22178.525,597.5302,0.20561524,12379.424938966764,3.883649621224176e-05,5.0,5.0,0.5
1123,46335.3271484375,17874.380493164062,1602.651414680935,1602.6295661918941,1590.417,19337.39,597.5954,0.21087177,14561.88226675089,3.656067151090346e-05,5.0,5.0,0.5
1124,43357.562255859375,17564.94140625,1602.764242963958,1602.7426458311195,1589.2554,543562.06,600.5798,0.21495454,15666.552735516449,3.596047321473368e-05,5.0,5.0,0.5
1125,44826.64794921875,17597.775268554688,1602.7840039100438,1602.7616643458994,1589.5361,556701.4,598.1078,0.22358386,15277.67231517879,3.735039835532367e-05,5.0,5.0,0.5
1126,43342.840576171875,17154.5654296875,1602.756670318174,1602.7343006636677,1588.1353,542447.25,595.2344,0.22091484,15672.399450737816,3.758125445341112e-05,5.0,5.0,0.5
1127,44464.300537109375,16711.474609375,1602.8921641436064,1602.8696842887407,1587.2369,562973.5,597.7372,0.23247927,14905.514335285232,3.760825914697658e-05,5.0,5.0,0.5
1128,44880.33447265625,16568.490600585938,1602.8606160724162,1602.8386237078066,1586.6677,562659.9,601.4558,0.22704604,14554.796961528114,3.6565220958731516e-05,5.0,5.0,0.5
1129,49425.40283203125,16609.48486328125,1602.7993084458801,1602.7771352993202,1586.3774,561019.7,603.13324,0.22299613,13162.863619024598,3.676326406623217e-05,5.0,5.0,0.5
1130,52843.6767578125,16194.927978515625,1602.845726184529,1602.823611107958,1587.0673,561381.6,624.75604,0.22388549,12135.15283591284,3.539793946325482e-05,5.0,5.0,0.5
1131,58234.57336425781,16344.070434570312,1602.8406372047514,1602.8212116201094,1588.2009,560412.1,659.5598,0.20361371,10849.332015601254,2.945234718117065e-05,5.0,5.0,0.5
1140,23494.961547851562,16238.375854492188,1604.0650134732477,1604.0363058346493,1593.0398,19170.121,228.6043,0.266078,28830.312198783417,0.0001255778625954366,5.0,5.0,0.5
1141,22883.645629882812,16114.251708984375,1604.048422960817,1604.0190321450614,1593.0348,13359.918,222.8594,0.2723795,29497.323300387518,0.000131880526592423,5.0,5.0,0.5
1142,22272.332763671875,15988.897705078125,1604.0313665362191,1604.0012946931338,1593.04,12047.834,218.25299,0.27628574,30257.60060510948,0.00013778433452747403,5.0,5.0,0.5
1143,40526.68762207031,17216.195678710938,-7.894736842105263e+28,-7.894736842105263e+28,1592.5643,392580.44,514.72034,0.27417964,16306.141102491669,0.0,5.0,5.0,0.5
1144,39238.787841796875,17167.108154296875,-8.108108108108108e+28,-8.108108108108108e+28,1592.4962,357830.03,510.4916,0.23740292,16733.78217673783,0.0,5.0,5.0,0.5
1145,47176.08337402344,18220.498657226562,1602.5986973660133,1602.5780199019325,1590.8083,20600.592,594.16254,0.2037999,14071.380526287905,3.4801022963144286e-05,5.0,5.0,0.5
1146,44304.52575683594,18171.273803710938,1602.7393555182744,1602.718091887906,1589.8396,324615.94,607.7251,0.2039928,15291.241037476648,3.498889621371879e-05,5.0,5.0,0.5
1147,43744.47937011719,17744.180297851562,1602.8010746359619,1602.7786231614177,1589.2135,541859.3,606.6255,0.21904624,15483.974478722326,3.70104372102016e-05,5.0,5.0,0.5
1148,45298.96240234375,18145.321655273438,1602.7460857742983,1602.7256517043982,1589.9115,561112.4,609.575,0.20321022,14737.669230896425,3.352182994864571e-05,5.0,5.0,0.5
1149,44293.37463378906,17630.194091796875,1602.8042357356226,1602.7818482320477,1589.4564,557300.4,602.7686,0.21778953,15472.88197715464,3.714112346091302e-05,5.0,5.0,0.5
1150,43820.159912109375,17814.007568359375,1602.8452040658012,1602.824206750178,1589.7288,563320.25,608.76056,0.21612765,15094.924088477108,3.449191198395827e-05,5.0,5.0,0.5
1151,39955.6884765625,16773.220825195312,1603.0596065082946,1603.0346534283115,1588.817,568196.06,607.9118,0.24862538,16515.857524149116,4.104720423380526e-05,5.0,5.0,0.5
1152,42346.484375,16562.823486328125,1603.0049300278802,1602.9817723209608,1587.4196,565260.94,608.8471,0.23607476,15505.226041487127,3.8035340327103776e-05,5.0,5.0,0.5
1153,48628.460693359375,16644.757080078125,1602.9337103590628,1602.910457163681,1586.9857,563812.0,614.135,0.23114718,13306.469797380914,3.78633281152408e-05,5.0,5.0,0.5
1154,48459.954833984375,16350.732421875,1602.8130530096191,1602.7916034764125,1587.7783,563462.5,636.0487,0.21444622,13163.480231320278,3.372309856524387e-05,5.0,5.0,0.5
1155,56859.93347167969,16420.391845703125,1602.8576626930187,1602.8367128861596,1588.4906,561871.4,652.37616,0.21247031,11143.415237150255,3.2113078549298856e-05,5.0,5.0,0.5
1163,55551.44348144531,19136.822509765625,1602.4911435245385,1602.4688089285473,1591.0577,28707.734,620.35944,0.20016299,11909.84474648119,3.6002669893991866e-05,5.0,5.0,0.5
1164,48157.26318359375,18637.237548828125,1602.7682165463475,1602.7470933374104,1590.4512,24320.605,605.3711,0.20595676,14075.924049025209,3.4892992339989224e-05,5.0,5.0,0.5
1165,48818.17321777344,18548.550415039062,1602.7088828819576,1602.6882473791895,1590.3706,24109.588,613.4595,0.2057661,13918.073341378022,3.363792342910963e-05,5.0,5.0,0.5
1166,45160.48889160156,18490.823364257812,1602.8811289319542,1602.8601421990365,1589.7566,562730.94,623.8829,0.21061164,14922.598036499518,3.363889891502296e-05,5.0,5.0,0.5
1167,45976.96533203125,18508.004760742188,1602.7965202770436,1602.7762605004461,1589.8873,563163.25,620.4152,0.20408319,14576.522378662256,3.2655189417528895e-05,5.0,5.0,0.5
1168,45910.198974609375,18394.625854492188,1602.7697789285673,1602.7495821324205,1589.9297,563005.3,616.56256,0.20164524,14573.556150720688,3.275709136946492e-05,5.0,5.0,0.5
1169,44443.68896484375,17965.069580078125,1602.8214284993574,1602.799629541049,1589.4133,558893.4,610.62427,0.21222678,15496.0683561039,3.569946277253063e-05,5.0,5.0,0.5
1170,43820.17822265625,17815.85693359375,1602.8452313854075,1602.8246761639684,1589.6669,564841.7,615.7402,0.21551655,15102.379427423291,3.338294678347819e-05,5.0,5.0,0.5
1171,40566.766357421875,17023.69384765625,1603.0812714667702,1603.0573738313828,1588.8507,569711.5,615.2714,0.24769199,16288.905799816577,3.8840801767835365e-05,5.0,5.0,0.5
1172,42889.58740234375,17412.56103515625,1602.9800664535899,1602.9574212949683,1591.056,565670.9,613.71515,0.23847333,15290.628482301085,3.6898484029942434e-05,5.0,5.0,0.5
1173,38187.1337890625,16524.624633789062,1603.1918591488622,1603.1664789406746,1589.2733,571554.8,613.8149,0.25470427,17261.35064850082,4.134831037715194e-05,5.0,5.0,0.5
1174,39613.75427246094,16624.423217773438,1603.1519675986185,1603.125985896606,1590.0876,571448.7,621.4004,0.25892913,16295.95647950589,4.181153150942556e-05,5.0,5.0,0.5
1175,41742.950439453125,16573.703002929688,1603.0885516462802,1603.0628540956554,1590.269,574523.1,621.8877,0.25002104,15469.901114880526,4.1321850903987014e-05,5.0,5.0,0.5
1176,47758.81652832031,16218.997192382812,1602.9869045860912,1602.9643347726142,1588.2162,566540.7,636.77057,0.22914371,13449.454566816237,3.544418442248691e-05,5.0,5.0,0.5
1184,47123.82507324219,18806.698608398438,1602.8073260122562,1602.7874315596823,1589.8792,565043.5,627.7165,0.20351867,14256.117732672503,3.1693372465098074e-05,5.0,5.0,0.5
1185,45512.60070800781,18526.016235351562,1602.824499554786,1602.804555104423,1590.0941,564739.6,623.564,0.20466796,14744.282045579854,3.1984607089730724e-05,5.0,5.0,0.5
1186,45543.89343261719,18129.983520507812,1602.864702959972,1602.8427464811527,1589.4468,560605.75,616.98865,0.209679,15103.447302854745,3.558651996203907e-05,5.0,5.0,0.5
1187,45042.17834472656,18312.576293945312,1602.8908554000407,1602.870576731493,1589.6473,566394.25,622.81195,0.21144924,14739.344864333018,3.255985779565041e-05,5.0,5.0,0.5
1188,40039.04724121094,17208.749389648438,1603.1115449224924,1603.0872274168976,1588.7491,570512.56,620.94214,0.24348903,16519.793915372848,3.91622730691478e-05,5.0,5.0,0.5
1189,45202.10266113281,17792.349243164062,1602.9812689580565,1602.9575099868114,1590.9893,566606.8,620.349,0.23724814,14572.233511306355,3.82993625886672e-05,5.0,5.0,0.5
1190,43919.622802734375,17659.823608398438,1602.9881131774061,1602.9653720397948,1591.2449,566897.7,619.2419,0.23313159,14916.792521350375,3.6724159428565445e-05,5.0,5.0,0.5
1191,40347.00622558594,16753.231811523438,1603.212496382511,1603.1878602760185,1589.7312,572370.44,625.25195,0.25079462,16080.968500416197,3.9401886502675966e-05,5.0,5.0,0.5
1192,40210.20812988281,16752.230834960938,1603.1313983137313,1603.105031784114,1590.1403,575365.2,627.6235,0.25104624,16081.392834086628,4.201010749981554e-05,5.0,5.0,0.5
1193,40698.956298828125,16651.846313476562,1603.128355982137,1603.1038046670942,1590.3445,575476.56,627.83264,0.2410483,15866.215858921654,3.910487192919871e-05,5.0,5.0,0.5
1194,47800.93078613281,16522.6318359375,1603.0370434632728,1603.0137742415639,1588.6163,568135.1,631.75543,0.23261966,13451.369657244752,3.6832642072426615e-05,5.0,5.0,0.5
1202,45045.550537109375,18414.724731445312,1602.898022586245,1602.8771971645456,1589.5153,568674.5,629.8171,0.2091883,14757.241079456857,3.306582567984987e-05,5.0,5.0,0.5
1203,42276.74865722656,17523.541259765625,1603.1347800914036,1603.1110120917356,1588.8661,573365.0,630.2028,0.24610859,15689.87342930825,3.7714841826131805e-05,5.0,5.0,0.5
1204,44630.38024902344,17987.98828125,1602.9967138595139,1602.9745109222183,1591.0192,569146.5,628.0787,0.23551732,14744.577323345822,3.535056706029027e-05,5.0,5.0,0.5
1205,44577.62756347656,17773.727416992188,1603.0719724022322,1603.0484074410315,1591.3339,568892.94,626.7673,0.24114831,14749.64602952147,3.759762549471886e-05,5.0,5.0,0.5
1206,39638.83056640625,17171.39892578125,1603.2192867303374,1603.1923818300922,1592.45,577708.94,628.4709,0.26862323,16558.252717889543,4.281009802470456e-05,5.0,5.0,0.5
1207,40821.42028808594,17002.096557617188,1603.1524432052845,1603.1265062727728,1590.1512,576986.7,634.60205,0.24809524,15871.333138720718,4.087117663709067e-05,5.0,5.0,0.5
1208,42355.41076660156,16948.712158203125,1603.1134585800178,1603.0886610856153,1590.2607,576895.75,633.03625,0.24308886,15287.50916053858,3.917231313565492e-05,5.0,5.0,0.5
1209,46423.20556640625,16708.1298828125,1603.060630411008,1603.0373273108291,1588.5651,569782.94,637.104,0.23029298,13906.885509088741,3.657660293466488e-05,5.0,5.0,0.5
1210,47520.5810546875,16581.036376953125,1603.0701602642682,1603.046879613615,1588.743,570826.6,638.8238,0.23132609,13603.899361378433,3.644299251676015e-05,5.0,5.0,0.5
1218,39416.22009277344,17149.9755859375,1603.2431634108834,1603.219304525702,1589.2865,575907.56,632.9066,0.24590655,16744.373863742232,3.7697323065230636e-05,5.0,5.0,0.5
1219,40715.99426269531,17127.426147460938,1603.2474940965649,1603.223075602092,1589.6595,575390.56,635.6504,0.24700367,16081.37539585314,3.841497595699103e-05,5.0,5.0,0.5
1220,42443.2373046875,17163.607788085938,1603.156094046522,1603.1315048460635,1590.2302,578074.5,639.68896,0.24524221,15295.359319757006,3.843930692852924e-05,5.0,5.0,0.5
1221,43576.58386230469,17135.5712890625,1603.138713631634,1603.114541975251,1590.3029,577840.56,638.455,0.24134302,14915.488936587952,3.785960754601368e-05,5.0,5.0,0.5
1222,47561.53564453125,16899.008178710938,1603.0505582942624,1603.0281916663635,1588.6023,570376.94,642.6015,0.2248632,13619.847643191913,3.480637354244057e-05,5.0,5.0,0.5
1231,43576.57470703125,17137.673950195312,1603.1391375527012,1603.1150376744893,1590.2931,579960.75,644.99774,0.24333021,14916.502937470406,3.7364283087933964e-05,5.0,5.0,0.5
1232,48133.135986328125,17107.97119140625,1603.098634217049,1603.0762635804285,1588.57,572862.2,648.71936,0.22767258,13456.805514594262,3.448430552216675e-05,5.0,5.0,0.5
1233,58631.402587890625,17148.297119140625,1603.0092478863899,1602.9892953797305,1589.5674,571101.6,693.17346,0.20234652,10862.506129160467,2.8784291026188694e-05,5.0,5.0,0.5
