particleid,tot_vol_ft,hypvol_ft,head_strt,head_end,z_elevation,total_residence_time_days,total_length_ft,particle_velocity_ft_per_day,flow_rate_cubic_ft_per_day,hydraulic_gradient,x_cell_size_ft,y_cell_size_ft,z_cell_size_ft
7,2437.5,0.0,1e+30,1e+30,1599.875,939.11053,17.477474,0.03752377,0.0,0.0,5.0,5.0,0.5
15,2437.5,0.0,1e+30,1e+30,1600.1562,942.29834,13.16284,0.07381977,0.0,0.0,5.0,5.0,0.5
17,2925.0,0.0,1.0000000000000002e+30,1.0000000000000002e+30,1599.875,764.5169,17.549345,0.047556948,0.0,0.0,5.0,5.0,0.5
20,2925.0,0.0,1.0000000000000002e+30,1.0000000000000002e+30,1599.8438,1738.3555,20.133574,0.020496035,0.0,0.0,5.0,5.0,0.5
27,3412.5,0.0,1e+30,1e+30,1600.1562,2165.26,20.876343,0.08683543,0.0,0.0,5.0,5.0,0.5
28,2925.0,0.0,1.0000000000000002e+30,1.0000000000000002e+30,1599.9688,214.86641,16.724276,0.1034781,0.0,0.0,5.0,5.0,0.5
29,3900.0,0.0,1e+30,1e+30,1599.875,857.4277,24.589151,0.058830623,0.0,0.0,5.0,5.0,0.5
30,3412.5,0.0,1e+30,1e+30,1599.875,506.12726,18.28142,0.051774938,0.0,0.0,5.0,5.0,0.5
31,4387.5,0.0,1e+30,1e+30,1599.875,2233.4917,32.7655,0.030754795,0.0,0.0,5.0,5.0,0.5
32,3900.0,0.0,1e+30,1e+30,1599.8594,1812.525,26.50953,0.02751335,0.0,0.0,5.0,5.0,0.5
33,3412.5,0.0,1e+30,1e+30,1599.8438,1432.2571,20.943905,0.022580672,0.0,0.0,5.0,5.0,0.5
34,2925.0,0.0,1.0000000000000002e+30,1.0000000000000002e+30,1599.8438,1252.1598,18.307812,0.021634914,0.0,0.0,5.0,5.0,0.5
35,1950.0,0.0,1e+30,1e+30,1599.875,5953.106,13.737995,33.358444,0.0,0.0,5.0,5.0,0.5
38,4875.0,0.0,1e+30,1e+30,1600.1562,3727.592,33.596527,0.17620149,0.0,0.0,5.0,5.0,0.5
39,4387.5,0.0,1e+30,1e+30,1600.1562,2255.1345,28.494295,0.10091772,0.0,0.0,5.0,5.0,0.5
40,3900.0,0.0,1e+30,1e+30,1600.0312,543.9929,23.197287,0.09771236,0.0,0.0,5.0,5.0,0.5
41,4875.0,0.0,1e+30,1e+30,1599.875,880.4728,31.29979,0.08126536,0.0,0.0,5.0,5.0,0.5
42,4387.5,0.0,1e+30,1e+30,1599.875,664.4393,26.123852,0.07252793,0.0,0.0,5.0,5.0,0.5
43,5362.5,0.0,1e+30,1e+30,1599.875,2287.41,39.602924,0.04816545,0.0,0.0,5.0,5.0,0.5
44,4875.0,0.0,1e+30,1e+30,1599.875,2018.2206,33.94056,0.038391866,0.0,0.0,5.0,5.0,0.5
46,2925.0,0.0,1.0000000000000002e+30,1.0000000000000002e+30,1599.875,1804.2218,18.48249,0.033873506,0.0,0.0,5.0,5.0,0.5
47,2437.5,0.0,1e+30,1e+30,1599.875,2001.8812,14.129042,0.051476263,0.0,0.0,5.0,5.0,0.5
54,5850.0,0.0,1.0000000000000002e+30,1.0000000000000002e+30,1600.1562,2899.8862,40.043285,0.10169065,0.0,0.0,5.0,5.0,0.5
55,5362.5,0.0,1e+30,1e+30,1600.0938,1301.521,35.32618,0.09544584,0.0,0.0,5.0,5.0,0.5
56,4875.0,0.0,1e+30,1e+30,1599.9688,340.57068,31.493685,0.114907704,0.0,0.0,5.0,5.0,0.5
57,5850.0,0.0,1.0000000000000002e+30,1.0000000000000002e+30,1599.875,880.80664,38.278202,0.08068648,0.0,0.0,5.0,5.0,0.5
58,5362.5,0.0,1e+30,1e+30,1599.875,716.14386,34.407803,0.078882165,0.0,0.0,5.0,5.0,0.5
59,6337.5,0.0,1e+30,1e+30,1599.875,2281.52,46.049915,0.055275314,0.0,0.0,5.0,5.0,0.5
60,5850.0,0.0,1.0000000000000002e+30,1.0000000000000002e+30,1599.875,1881.4814,40.032104,0.05158739,0.0,0.0,5.0,5.0,0.5
61,4387.5,0.0,1e+30,1e+30,1599.875,1655.522,30.429035,0.047589622,0.0,0.0,5.0,5.0,0.5
62,3900.0,0.0,1e+30,1e+30,1599.875,5116.1147,26.373186,0.96788937,0.0,0.0,5.0,5.0,0.5
71,6337.5,0.0,1e+30,1e+30,1600.125,1698.6227,42.74381,0.09109395,0.0,0.0,5.0,5.0,0.5
72,5850.0,0.0,1.0000000000000002e+30,1.0000000000000002e+30,1600.0312,513.0309,37.364643,0.095645346,0.0,0.0,5.0,5.0,0.5
73,6825.0,0.0,1e+30,1e+30,1599.875,883.1342,45.09842,0.09046412,0.0,0.0,5.0,5.0,0.5
74,6337.5,0.0,1e+30,1e+30,1599.875,741.885,40.90756,0.08535462,0.0,0.0,5.0,5.0,0.5
75,7312.5,0.0,1e+30,1e+30,1599.875,2253.0623,52.358315,0.07020023,0.0,0.0,5.0,5.0,0.5
76,6825.0,0.0,1e+30,1e+30,1599.875,1952.302,47.132614,0.062755205,0.0,0.0,5.0,5.0,0.5
77,5362.5,0.0,1e+30,1e+30,1599.875,3648.1958,37.12436,0.089718446,0.0,0.0,5.0,5.0,0.5
78,3900.0,0.0,1e+30,1e+30,1599.9375,10181.777,33.909283,0.15948807,0.0,0.0,5.0,5.0,0.5
86,10725.0,0.0,1e+30,1e+30,1600.1406,29919.535,119.76367,1.1476712,0.0,0.0,5.0,5.0,0.5
87,10725.0,0.0,1e+30,1e+30,1600.25,33205.32,116.28108,20.470594,0.0,0.0,5.0,5.0,0.5
88,6825.0,0.0,1e+30,1e+30,1600.1562,11900.715,53.2798,81.606606,0.0,0.0,5.0,5.0,0.5
89,6825.0,0.0,1e+30,1e+30,1600.0625,870.93604,45.059296,0.099129125,0.0,0.0,5.0,5.0,0.5
90,7800.0,0.0,1e+30,1e+30,1599.875,994.4994,52.466263,0.090465784,0.0,0.0,5.0,5.0,0.5
91,7312.5,0.0,1e+30,1e+30,1599.875,945.00146,49.83424,0.09105949,0.0,0.0,5.0,5.0,0.5
92,8287.5,0.0,1e+30,1e+30,1599.875,2218.8,58.850216,0.07168569,0.0,0.0,5.0,5.0,0.5
93,6825.0,0.0,1e+30,1e+30,1599.875,2763.279,48.124916,0.08025087,0.0,0.0,5.0,5.0,0.5
94,4875.0,0.0,1e+30,1e+30,1599.9375,23844.309,45.672398,96.17504,0.0,0.0,5.0,5.0,0.5
95,3900.0,0.0,1e+30,1e+30,1599.9688,37724.434,41.813854,3.2340174,0.0,0.0,5.0,5.0,0.5
97,2437.5,0.0,1e+30,1e+30,1600.2031,12702.103,15.654211,0.009871228,0.0,0.0,5.0,5.0,0.5
101,12675.0,0.0,9.230769230769232e+29,9.615384615384616e+29,1600.1562,25168.014,124.09444,9.681885,0.0,-3.0993765313918834e+26,5.0,5.0,0.5
102,11700.0,0.0,1.0000000000000002e+30,1.0000000000000002e+30,1600.1406,23635.725,119.48964,5.6560197,0.0,0.0,5.0,5.0,0.5
103,10725.0,0.0,1e+30,1e+30,1600.125,23213.787,115.324745,0.6652676,0.0,0.0,5.0,5.0,0.5
104,10237.5,0.0,1.0000000000000002e+30,1.0000000000000002e+30,1600.2031,27562.672,111.74815,10.543741,0.0,0.0,5.0,5.0,0.5
105,8287.5,0.0,1e+30,1e+30,1600.2812,44226.688,108.80627,0.14917362,0.0,0.0,5.0,5.0,0.5
106,7312.5,0.0,1e+30,1e+30,1600.1562,10749.475,58.049046,30.446486,0.0,0.0,5.0,5.0,0.5
107,8775.0,0.0,1e+30,1e+30,1599.875,1255.7137,62.044502,0.11590646,0.0,0.0,5.0,5.0,0.5
108,8287.5,0.0,1e+30,1e+30,1599.875,794.10614,54.165596,0.10503727,0.0,0.0,5.0,5.0,0.5
109,9262.5,0.0,1e+30,1e+30,1599.875,2269.0564,65.98618,0.09592967,0.0,0.0,5.0,5.0,0.5
110,7800.0,0.0,1e+30,1e+30,1599.875,3126.1897,55.36564,0.08474125,0.0,0.0,5.0,5.0,0.5
111,5362.5,0.0,1e+30,1e+30,1599.9688,37365.164,53.861458,2.1286676,0.0,0.0,5.0,5.0,0.5
113,2925.0,0.0,1.0000000000000002e+30,1.0000000000000002e+30,1600.2031,10687.38,16.22445,0.0080863,0.0,0.0,5.0,5.0,0.5
116,15112.5,0.0,8.548387096774194e+29,8.709677419354838e+29,1600.1562,13815.448,125.85714,0.20241693,0.0,-1.2815349459665342e+26,5.0,5.0,0.5
117,14625.0,0.0,8.499999999999999e+29,8.999999999999999e+29,1600.1562,11053.038,121.340515,0.12952706,0.0,-4.120635217648712e+26,5.0,5.0,0.5
118,13650.0,0.0,9.464285714285715e+29,9.642857142857142e+29,1600.1406,12038.724,116.81454,0.39344016,0.0,-1.5286747102163409e+26,5.0,5.0,0.5
119,12187.5,0.0,1e+30,1e+30,1600.1406,15507.936,112.220795,10.933145,0.0,0.0,5.0,5.0,0.5
120,10237.5,0.0,1.0000000000000002e+30,1.0000000000000002e+30,1600.125,19960.049,108.13768,25.204708,0.0,0.0,5.0,5.0,0.5
121,8287.5,0.0,1e+30,1e+30,1600.25,41705.832,104.06571,22.731289,0.0,0.0,5.0,5.0,0.5
122,8287.5,0.0,1e+30,1e+30,1600.1094,7997.3984,62.484642,3.3465788,0.0,0.0,5.0,5.0,0.5
123,9262.5,0.0,1e+30,1e+30,1599.875,907.69183,61.912685,0.13445577,0.0,0.0,5.0,5.0,0.5
124,10237.5,0.0,1.0000000000000002e+30,1.0000000000000002e+30,1599.875,2422.2588,74.17498,0.10466732,0.0,0.0,5.0,5.0,0.5
125,9750.0,0.0,1e+30,1e+30,1599.875,4150.103,69.96039,0.110121384,0.0,0.0,5.0,5.0,0.5
126,3900.0,0.0,7.500000000000001e+29,8.75e+29,1600.2031,15030.122,25.41932,0.0088931555,0.0,-4.917519593992485e+27,5.0,5.0,0.5
127,3412.5,0.0,7.142857142857143e+29,8.571428571428572e+29,1600.2031,9172.784,18.8045,0.0072622853,0.0,-7.596965537619407e+27,5.0,5.0,0.5
128,2925.0,0.0,5.000000000000001e+29,6.666666666666666e+29,1600.1875,8171.2876,15.600778,0.0063868207,0.0,-1.0683228148095705e+28,5.0,5.0,0.5
129,15600.0,0.0,7.34375e+29,7.8125e+29,1600.1562,13560.847,129.27167,0.11687516,0.0,-3.626084579367107e+26,5.0,5.0,0.5
130,15112.5,0.0,7.903225806451613e+29,8.387096774193548e+29,1600.1562,12011.071,124.07399,0.120388225,0.0,-3.899858207639465e+26,5.0,5.0,0.5
131,14625.0,0.0,8.499999999999999e+29,8.999999999999999e+29,1600.1562,8202.17,118.521965,0.12435779,0.0,-4.218627322679865e+26,5.0,5.0,0.5
132,14137.5,0.0,9.482758620689656e+29,9.655172413793104e+29,1600.1406,6311.0547,113.51797,0.12847197,0.0,-1.5188238242766254e+26,5.0,5.0,0.5
133,13650.0,0.0,1e+30,1e+30,1600.1406,5118.3784,109.971245,0.13317217,0.0,0.0,5.0,5.0,0.5
134,12675.0,0.0,1e+30,1e+30,1600.125,9000.17,105.46918,1.8129827,0.0,0.0,5.0,5.0,0.5
135,8775.0,0.0,1e+30,1e+30,1600.2031,30008.693,99.81144,92.5757,0.0,0.0,5.0,5.0,0.5
136,9262.5,0.0,1e+30,1e+30,1600.1562,9205.625,70.25755,9.765454,0.0,0.0,5.0,5.0,0.5
137,10237.5,0.0,1.0000000000000002e+30,1.0000000000000002e+30,1599.875,991.5151,69.93025,0.14585969,0.0,0.0,5.0,5.0,0.5
138,11212.5,0.0,1e+30,1e+30,1599.875,2172.6853,79.824265,0.12273288,0.0,0.0,5.0,5.0,0.5
139,7800.0,0.0,1e+30,1e+30,1599.9688,36510.348,72.81005,1.2042832,0.0,0.0,5.0,5.0,0.5
140,2437.5,0.0,0.0,2.0000000000000002e+29,1600.3125,3788.281,14.717727,0.017009825,0.0,-1.3589055156095956e+28,5.0,5.0,0.5
141,4387.5,0.0,3.333333333333334e+29,5.555555555555555e+29,1600.2031,12919.272,27.320738,0.0076728943,0.0,-8.133829457090136e+27,5.0,5.0,0.5
142,3900.0,0.0,1.25e+29,3.7500000000000004e+29,1600.2031,8501.033,21.847559,0.0068598813,0.0,-1.1442925970977301e+28,5.0,5.0,0.5
143,16575.0,0.0,6.61764705882353e+29,7.058823529411766e+29,1600.1562,15734.836,137.37196,0.110353895,0.0,-3.2115466602113385e+26,5.0,5.0,0.5
144,16087.5,0.0,6.81818181818182e+29,7.272727272727273e+29,1600.1562,13340.73,130.8517,0.113534644,0.0,-3.4737451262697495e+26,5.0,5.0,0.5
145,15600.0,0.0,7.34375e+29,7.8125e+29,1600.1562,10293.905,124.56354,0.11704682,0.0,-3.763139752132569e+26,5.0,5.0,0.5
146,14625.0,0.0,8.333333333333334e+29,8.999999999999999e+29,1600.1562,5056.568,115.68858,0.12818192,0.0,-5.76259685462064e+26,5.0,5.0,0.5
147,14137.5,0.0,9.310344827586206e+29,9.655172413793104e+29,1600.1562,3775.6338,110.247345,0.14531554,0.0,-3.127763179226961e+26,5.0,5.0,0.5
148,13650.0,0.0,1e+30,1e+30,1600.1406,2818.414,105.799286,0.13601896,0.0,0.0,5.0,5.0,0.5
149,13162.5,0.0,9.999999999999999e+29,9.999999999999999e+29,1600.1406,2929.4277,102.408585,0.15886144,0.0,0.0,5.0,5.0,0.5
150,12187.5,0.0,1e+30,1e+30,1600.1406,8627.77,98.260315,2.9981635,0.0,0.0,5.0,5.0,0.5
151,10725.0,0.0,1e+30,1e+30,1600.1562,14026.821,92.89858,60.58563,0.0,0.0,5.0,5.0,0.5
152,8775.0,0.0,1e+30,1e+30,1600.25,16407.566,87.74623,7.7031,0.0,0.0,5.0,5.0,0.5
153,9262.5,0.0,1e+30,1e+30,1600.1562,15447.483,82.76235,41.799984,0.0,0.0,5.0,5.0,0.5
154,9750.0,0.0,1e+30,1e+30,1600.1562,11654.474,77.91139,53.961952,0.0,0.0,5.0,5.0,0.5
155,11212.5,0.0,1e+30,1e+30,1599.875,1040.7075,77.35646,0.16527452,0.0,0.0,5.0,5.0,0.5
156,12187.5,0.0,1e+30,1e+30,1599.875,2407.2524,87.83331,0.14497513,0.0,0.0,5.0,5.0,0.5
157,8775.0,0.0,1e+30,1e+30,1599.9688,45606.277,80.80096,7.0236516,0.0,0.0,5.0,5.0,0.5
158,3412.5,0.0,-4.285714285714286e+29,-1.4285714285714285e+29,1600.4844,8699.932,21.293724,0.018381642,0.0,-1.341776971038196e+28,5.0,5.0,0.5
159,5362.5,0.0,1.8181818181818183e+29,3.6363636363636366e+29,1600.2188,14288.452,34.609844,0.008385707,0.0,-5.253366086444169e+27,5.0,5.0,0.5
160,4875.0,0.0,1.0000000000000001e+29,3.0000000000000003e+29,1600.2031,11246.003,30.024042,0.0069658062,0.0,-6.661328249449139e+27,5.0,5.0,0.5
161,17550.0,0.0,5.416666666666667e+29,5.833333333333334e+29,1600.1562,16555.707,143.24374,0.104657054,0.0,-2.90879486484082e+26,5.0,5.0,0.5
162,17062.5,0.0,5.857142857142857e+29,6.285714285714286e+29,1600.1562,15138.695,137.90242,0.10729137,0.0,-3.107787582225579e+26,5.0,5.0,0.5
163,16087.5,0.0,6.81818181818182e+29,7.272727272727273e+29,1600.1562,7030.4634,125.12327,0.11625268,0.0,-3.632781187288739e+26,5.0,5.0,0.5
164,15600.0,0.0,7.031250000000001e+29,7.500000000000001e+29,1600.1562,5411.3413,119.38125,0.119558476,0.0,-3.92649604516084e+26,5.0,5.0,0.5
165,14625.0,0.0,7.666666666666666e+29,8.333333333333334e+29,1599.9688,3689.9104,114.44734,0.1337226,0.0,-5.8250952402094156e+26,5.0,5.0,0.5
166,14625.0,0.0,8.333333333333334e+29,8.999999999999999e+29,1599.9688,2831.9062,109.76092,0.13598791,0.0,-6.073807333772941e+26,5.0,5.0,0.5
167,13650.0,0.0,9.285714285714285e+29,9.642857142857142e+29,1599.9688,1820.201,104.42601,0.17399171,0.0,-3.4200565231973365e+26,5.0,5.0,0.5
168,13162.5,0.0,9.999999999999999e+29,9.999999999999999e+29,1600.1406,1389.8378,98.500015,0.14138685,0.0,0.0,5.0,5.0,0.5
169,12675.0,0.0,1e+30,1e+30,1600.125,1522.2786,94.42668,0.14840356,0.0,0.0,5.0,5.0,0.5
170,12187.5,0.0,1e+30,1e+30,1600.125,1636.431,90.022064,0.15652332,0.0,0.0,5.0,5.0,0.5
171,11700.0,0.0,1.0000000000000002e+30,1.0000000000000002e+30,1600.125,1642.0032,85.40484,0.15773852,0.0,0.0,5.0,5.0,0.5
172,11212.5,0.0,1e+30,1e+30,1600.125,637.5036,77.99932,0.16761914,0.0,0.0,5.0,5.0,0.5
173,12187.5,0.0,1e+30,1e+30,1599.875,972.17706,83.07776,0.17701484,0.0,0.0,5.0,5.0,0.5
174,12187.5,0.0,1e+30,1e+30,1599.875,3869.4727,88.58559,0.1481095,0.0,0.0,5.0,5.0,0.5
175,8775.0,0.0,1e+30,1e+30,1599.9688,64943.914,88.42623,0.41605395,0.0,0.0,5.0,5.0,0.5
176,3900.0,0.0,-5e+29,-2.5e+29,1600.2656,6953.236,25.386955,0.013419046,0.0,-9.847577128785742e+27,5.0,5.0,0.5
177,5850.0,0.0,-8.333333333333333e+28,8.333333333333333e+28,1600.2188,12359.06,37.444855,0.008259215,0.0,-4.450989804614479e+27,5.0,5.0,0.5
178,5362.5,0.0,-2.7272727272727276e+29,-9.090909090909092e+28,1600.2031,11875.757,34.02748,0.0071491445,0.0,-5.343274790029873e+27,5.0,5.0,0.5
179,18037.5,0.0,5e+29,5.405405405405405e+29,1600.1562,16129.284,145.07437,0.102069646,0.0,-2.7944660498385423e+26,5.0,5.0,0.5
180,17062.5,0.0,5.857142857142857e+29,6.285714285714286e+29,1600.1562,8636.767,132.67142,0.110426515,0.0,-3.230322231411857e+26,5.0,5.0,0.5
181,16087.5,0.0,6.06060606060606e+29,6.666666666666666e+29,1600.1562,6160.2188,125.81903,0.11940274,0.0,-4.816923182379212e+26,5.0,5.0,0.5
182,16087.5,0.0,6.666666666666666e+29,7.272727272727273e+29,1599.9688,5054.563,121.19879,0.12481119,0.0,-5.000549910937631e+26,5.0,5.0,0.5
183,16575.0,0.0,7.941176470588235e+29,8.529411764705883e+29,1599.875,3906.0369,126.002815,0.12055558,0.0,-4.668429772513395e+26,5.0,5.0,0.5
184,16087.5,0.0,8.484848484848486e+29,9.090909090909091e+29,1599.875,3215.1294,120.41052,0.12575859,0.0,-5.033286075618668e+26,5.0,5.0,0.5
185,15600.0,0.0,9.375e+29,9.6875e+29,1599.875,2383.714,115.35313,0.12854853,0.0,-2.7090726485848057e+26,5.0,5.0,0.5
186,15112.5,0.0,1e+30,1e+30,1599.875,1944.3912,110.35433,0.13238345,0.0,0.0,5.0,5.0,0.5
187,14625.0,0.0,1e+30,1e+30,1599.875,1551.8047,105.313484,0.1368926,0.0,0.0,5.0,5.0,0.5
188,14137.5,0.0,1e+30,1e+30,1599.875,1355.8824,100.35826,0.14118834,0.0,0.0,5.0,5.0,0.5
189,13650.0,0.0,1e+30,1e+30,1599.875,1084.827,94.46913,0.15114512,0.0,0.0,5.0,5.0,0.5
190,13162.5,0.0,9.999999999999999e+29,9.999999999999999e+29,1599.875,1101.354,92.41292,0.15744664,0.0,0.0,5.0,5.0,0.5
191,14137.5,0.0,1e+30,1e+30,1599.875,2094.9333,100.44432,0.1326585,0.0,0.0,5.0,5.0,0.5
192,9750.0,0.0,1e+30,1e+30,1599.9688,84283.25,96.55316,4.130027,0.0,0.0,5.0,5.0,0.5
193,4875.0,0.0,-6.0000000000000005e+29,-4.0000000000000004e+29,1600.25,7780.4336,33.04234,0.013727881,0.0,-6.052840207018108e+27,5.0,5.0,0.5
194,6825.0,0.0,-2.142857142857143e+29,-7.142857142857143e+28,1600.2188,13641.299,44.81814,0.008746804,0.0,-3.1874849969556786e+27,5.0,5.0,0.5
195,6337.5,0.0,-6.153846153846154e+29,-4.615384615384616e+29,1600.2188,15730.238,43.362907,0.00794095,0.0,-3.547874509259797e+27,5.0,5.0,0.5
196,19012.5,0.0,4.230769230769231e+29,4.6153846153846155e+29,1600.1562,17300.361,152.71028,0.097270615,0.0,-2.5185952193899118e+26,5.0,5.0,0.5
197,17550.0,0.0,4.722222222222223e+29,5.277777777777778e+29,1600.1562,7804.655,137.12863,0.10790562,0.0,-4.051346163865526e+26,5.0,5.0,0.5
198,17062.5,0.0,5.1428571428571426e+29,5.714285714285714e+29,1599.9688,7105.35,132.37506,0.11482712,0.0,-4.31673887029832e+26,5.0,5.0,0.5
199,18037.5,0.0,6.486486486486488e+29,7.027027027027027e+29,1599.875,5914.1816,137.41542,0.11113377,0.0,-3.933623595131901e+26,5.0,5.0,0.5
200,17550.0,0.0,6.944444444444445e+29,7.5e+29,1599.875,5002.319,131.45195,0.114926085,0.0,-4.226301361417696e+26,5.0,5.0,0.5
201,17062.5,0.0,7.428571428571429e+29,8.000000000000001e+29,1599.875,3826.1707,126.12255,0.11925248,0.0,-4.5307406729353866e+26,5.0,5.0,0.5
202,16575.0,0.0,7.941176470588235e+29,8.529411764705883e+29,1599.875,2983.038,120.50765,0.12695625,0.0,-4.881310713261837e+26,5.0,5.0,0.5
203,16087.5,0.0,8.484848484848486e+29,9.090909090909091e+29,1599.875,2250.813,114.87174,0.1307093,0.0,-5.275976442921357e+26,5.0,5.0,0.5
204,15600.0,0.0,9.375e+29,9.6875e+29,1599.875,1812.4045,109.96424,0.13440216,0.0,-2.8418329184021466e+26,5.0,5.0,0.5
205,15112.5,0.0,1e+30,1e+30,1599.875,1510.8398,107.81238,0.13796856,0.0,0.0,5.0,5.0,0.5
206,16087.5,0.0,1e+30,1e+30,1599.875,2899.932,118.64014,0.13239355,0.0,0.0,5.0,5.0,0.5
207,15600.0,0.0,1e+30,1e+30,1599.875,2079.669,111.382034,0.123474166,0.0,0.0,5.0,5.0,0.5
208,12187.5,0.0,1e+30,1e+30,1599.9688,43115.383,105.90924,2.9347982,0.0,0.0,5.0,5.0,0.5
209,10725.0,0.0,1e+30,1e+30,1599.9688,84700.7,103.647705,4.490333,0.0,0.0,5.0,5.0,0.5
210,8775.0,0.0,1e+30,1e+30,1599.8906,97263.33,101.53304,260.3034,0.0,0.0,5.0,5.0,0.5
211,6337.5,0.0,-6.923076923076924e+29,-5.384615384615385e+29,1600.5938,24139.652,45.642056,2.178525,0.0,-3.370710458197403e+27,5.0,5.0,0.5
212,5850.0,0.0,-6.666666666666666e+29,-5.000000000000001e+29,1600.2656,9978.372,40.275978,0.012862138,0.0,-4.138115933545907e+27,5.0,5.0,0.5
213,7800.0,0.0,-3.125e+29,-1.8750000000000002e+29,1600.2188,14134.223,51.861004,0.009510099,0.0,-2.4102888617335816e+27,5.0,5.0,0.5
214,7312.5,0.0,-4.0000000000000004e+29,-2.6666666666666667e+29,1600.2188,11992.318,47.26776,0.008413843,0.0,-2.820809149035534e+27,5.0,5.0,0.5
215,19500.0,0.0,3.8750000000000004e+29,4.25e+29,1600.1562,17929.922,159.83952,0.09520944,0.0,-2.3461030927874412e+26,5.0,5.0,0.5
216,19012.5,0.0,3.974358974358974e+29,4.3589743589743596e+29,1600.1562,9547.88,145.5045,0.099626355,0.0,-2.6433229286104653e+26,5.0,5.0,0.5
217,18037.5,0.0,4.324324324324324e+29,4.8648648648648646e+29,1599.9688,7791.6553,139.4492,0.10913994,0.0,-3.876254055295548e+26,5.0,5.0,0.5
218,19500.0,0.0,5.250000000000001e+29,5.75e+29,1599.875,7707.829,148.18965,0.10344583,0.0,-3.3740547668151034e+26,5.0,5.0,0.5
219,17550.0,0.0,6.944444444444445e+29,7.5e+29,1599.875,5742.99,138.50621,0.11499736,0.0,-4.01105159287331e+26,5.0,5.0,0.5
220,18037.5,0.0,6.486486486486488e+29,7.027027027027027e+29,1599.875,4869.6455,133.30363,0.11298909,0.0,-4.054957255936116e+26,5.0,5.0,0.5
221,17550.0,0.0,6.944444444444445e+29,7.5e+29,1599.875,3628.5488,126.5334,0.12393691,0.0,-4.3905842174227725e+26,5.0,5.0,0.5
222,17062.5,0.0,7.428571428571429e+29,8.000000000000001e+29,1599.875,2999.0942,121.11521,0.123479806,0.0,-4.718057826210975e+26,5.0,5.0,0.5
223,16575.0,0.0,8.23529411764706e+29,8.823529411764705e+29,1599.875,2392.338,118.480576,0.12680548,0.0,-4.964824751481667e+26,5.0,5.0,0.5
224,17550.0,0.0,9.444444444444446e+29,9.722222222222223e+29,1599.875,3704.551,130.65561,0.1208008,0.0,-2.1260302533170716e+26,5.0,5.0,0.5
225,17062.5,0.0,1e+30,1e+30,1599.875,2997.1963,124.4452,0.12583065,0.0,0.0,5.0,5.0,0.5
226,16575.0,0.0,1e+30,1e+30,1599.875,2318.276,118.29705,0.116573796,0.0,0.0,5.0,5.0,0.5
227,12675.0,0.0,1e+30,1e+30,1599.9688,52254.6,113.34976,9.336262,0.0,0.0,5.0,5.0,0.5
228,11700.0,0.0,1.0000000000000002e+30,1.0000000000000002e+30,1599.9688,86100.586,111.34835,8.474345,0.0,0.0,5.0,5.0,0.5
229,6825.0,0.0,-7.142857142857143e+29,-5.714285714285714e+29,1600.3125,13605.232,48.56838,0.0157193,0.0,-2.9413611782131696e+27,5.0,5.0,0.5
230,8775.0,0.0,-3.888888888888889e+29,-2.7777777777777776e+29,1600.2188,14948.826,58.92287,0.009474176,0.0,-1.8857043099195436e+27,5.0,5.0,0.5
231,8287.5,0.0,-5.2941176470588236e+29,-4.11764705882353e+29,1600.2188,15759.769,55.928513,0.008781593,0.0,-2.1035256153015433e+27,5.0,5.0,0.5
232,20962.5,0.0,2.9069767441860467e+29,3.255813953488372e+29,1600.1562,18786.295,166.96704,0.08926247,0.0,-2.0892578989267757e+26,5.0,5.0,0.5
233,19500.0,0.0,3.25e+29,3.75e+29,1600.1562,9201.541,151.14719,0.09871467,0.0,-3.308033793471195e+26,5.0,5.0,0.5
234,19012.5,0.0,3.58974358974359e+29,4.102564102564102e+29,1599.9688,8608.11,146.5622,0.10628194,0.0,-3.4989958593044435e+26,5.0,5.0,0.5
235,20475.0,0.0,4.642857142857143e+29,5.000000000000001e+29,1599.875,8154.977,153.5498,0.099066935,0.0,-2.3259088988729396e+26,5.0,5.0,0.5
236,18037.5,0.0,6.486486486486488e+29,7.027027027027027e+29,1599.875,6611.5215,145.58215,0.112191185,0.0,-3.7129588223031156e+26,5.0,5.0,0.5
237,19012.5,0.0,5.641025641025641e+29,6.1538461538461545e+29,1599.875,5151.6577,138.74596,0.117221184,0.0,-3.696111411454945e+26,5.0,5.0,0.5
238,18525.0,0.0,6.0526315789473685e+29,6.578947368421053e+29,1599.875,4525.695,133.03897,0.11441647,0.0,-3.9561023790713734e+26,5.0,5.0,0.5
239,18037.5,0.0,6.756756756756757e+29,7.297297297297296e+29,1599.875,3745.8494,129.50699,0.117150076,0.0,-4.1738329853493806e+26,5.0,5.0,0.5
240,17550.0,0.0,7.222222222222222e+29,7.777777777777778e+29,1599.875,3395.9436,126.002625,0.119754516,0.0,-4.409079237106581e+26,5.0,5.0,0.5
241,18525.0,0.0,8.421052631578947e+29,8.947368421052632e+29,1599.875,4167.317,136.04065,0.12249684,0.0,-3.8688126801846896e+26,5.0,5.0,0.5
242,18037.5,0.0,9.45945945945946e+29,9.729729729729729e+29,1599.875,3564.2405,131.11874,0.11247437,0.0,-2.061263418475413e+26,5.0,5.0,0.5
243,15600.0,0.0,1e+30,1e+30,1599.9375,18297.703,122.710526,1.1689575,0.0,0.0,5.0,5.0,0.5
244,14137.5,0.0,1e+30,1e+30,1599.9688,46451.344,120.21986,4.56319,0.0,0.0,5.0,5.0,0.5
245,12675.0,0.0,1e+30,1e+30,1599.9688,85297.42,118.276184,4.3981175,0.0,0.0,5.0,5.0,0.5
246,11212.5,0.0,1e+30,1e+30,1599.9688,93039.77,117.02306,35.841877,0.0,0.0,5.0,5.0,0.5
247,7312.5,0.0,-7.333333333333334e+29,-6e+29,1600.4062,30107.473,57.4884,5.7598176,0.0,-2.319308494930529e+27,5.0,5.0,0.5
248,9750.0,0.0,-4.5e+29,-3.5000000000000005e+29,1600.2344,15440.832,65.915886,0.010042222,0.0,-1.5170849727080493e+27,5.0,5.0,0.5
249,9262.5,0.0,-5.263157894736842e+29,-4.2105263157894735e+29,1600.2188,13639.648,61.615303,0.008962074,0.0,-1.7083930890864654e+27,5.0,5.0,0.5
250,21937.5,0.0,2.3333333333333334e+29,2.666666666666667e+29,1600.1562,19558.268,174.38037,0.085880145,0.0,-1.9115301294669665e+26,5.0,5.0,0.5
251,20962.5,0.0,2.790697674418605e+29,3.255813953488372e+29,1600.1562,12685.385,163.81647,0.09158733,0.0,-2.8392522850595753e+26,5.0,5.0,0.5
252,19987.5,0.0,2.9268292682926834e+29,3.414634146341464e+29,1599.9688,9224.591,154.01387,0.22973898,0.0,-3.167278877486711e+26,5.0,5.0,0.5
253,19500.0,0.0,3.25e+29,3.75e+29,1599.9688,8649.541,150.18636,0.102952085,0.0,-3.3291972365468385e+26,5.0,5.0,0.5
254,20475.0,0.0,4.5238095238095236e+29,5.000000000000001e+29,1599.875,7220.2646,152.64453,0.10013417,0.0,-3.119603907791339e+26,5.0,5.0,0.5
255,19987.5,0.0,4.8780487804878045e+29,5.3658536585365856e+29,1599.875,6138.356,146.82895,0.10947748,0.0,-3.322266361336793e+26,5.0,5.0,0.5
256,19500.0,0.0,5.250000000000001e+29,5.75e+29,1599.875,5140.5547,140.03651,0.10944321,0.0,-3.5704973275206635e+26,5.0,5.0,0.5
257,19012.5,0.0,5.641025641025641e+29,6.1538461538461545e+29,1599.875,4596.5596,136.09961,0.11188946,0.0,-3.767979314382314e+26,5.0,5.0,0.5
258,18525.0,0.0,6.315789473684211e+29,6.842105263157895e+29,1599.875,4029.0417,133.1454,0.11424321,0.0,-3.952940060391751e+26,5.0,5.0,0.5
259,19500.0,0.0,7.25e+29,7.750000000000001e+29,1599.875,5159.7236,144.61157,0.110403,0.0,-3.457537956102108e+26,5.0,5.0,0.5
260,19012.5,0.0,8.205128205128205e+29,8.717948717948719e+29,1599.875,4094.7874,137.85335,0.105186105,0.0,-3.720043953123089e+26,5.0,5.0,0.5
261,16575.0,0.0,8.529411764705883e+29,9.11764705882353e+29,1599.9375,12180.758,129.34752,0.13165827,0.0,-4.547712233099562e+26,5.0,5.0,0.5
262,15112.5,0.0,9.354838709677419e+29,9.677419354838709e+29,1599.9688,45016.137,127.241554,2.9606192,0.0,-2.5351831564513783e+26,5.0,5.0,0.5
263,13650.0,0.0,1e+30,1e+30,1599.9688,81330.87,125.02803,0.47220135,0.0,0.0,5.0,5.0,0.5
264,13162.5,0.0,9.999999999999999e+29,9.999999999999999e+29,1599.9688,89138.85,123.06781,33.712704,0.0,0.0,5.0,5.0,0.5
265,11212.5,0.0,1e+30,1e+30,1599.9688,97336.06,122.30889,54.691715,0.0,0.0,5.0,5.0,0.5
266,10848.663330078125,12489.996337890625,-2.7272727272727276e+29,-2.2727272727272728e+29,1600.2656,18947.342,74.63887,0.010281895,56210.604581130945,-6.0899294575117716e+26,5.0,5.0,0.5
267,10237.5,0.0,-5.714285714285715e+29,-4.761904761904762e+29,1600.2188,14147.204,68.489525,0.009444307,0.0,-1.3905498024517413e+27,5.0,5.0,0.5
268,23400.0,0.0,2.1875e+29,2.5000000000000004e+29,1600.1562,22180.86,184.60672,0.08094291,0.0,-1.6927877817751903e+26,5.0,5.0,0.5
269,21937.5,0.0,2.111111111111111e+29,2.4444444444444444e+29,1600.1562,10974.908,165.84865,0.088234186,0.0,-2.009864639897769e+26,5.0,5.0,0.5
270,20962.5,0.0,2.325581395348837e+29,2.790697674418605e+29,1599.9688,10093.4,161.15514,0.10183553,0.0,-2.886139966131238e+26,5.0,5.0,0.5
271,20962.5,0.0,2.790697674418605e+29,3.255813953488372e+29,1599.9688,9233.273,156.8504,0.09867238,0.0,-2.9653495985461582e+26,5.0,5.0,0.5
272,21450.0,0.0,3.863636363636364e+29,4.318181818181818e+29,1599.875,8094.029,160.0019,0.09646109,0.0,-2.8408752250373582e+26,5.0,5.0,0.5
273,20962.5,0.0,4.186046511627907e+29,4.651162790697674e+29,1599.875,6476.802,152.55406,0.101580575,0.0,-3.0488619792124166e+26,5.0,5.0,0.5
274,20475.0,0.0,4.5238095238095236e+29,5.000000000000001e+29,1599.875,5954.8916,147.34683,0.10470069,0.0,-3.2317659554463927e+26,5.0,5.0,0.5
275,19987.5,0.0,5.121951219512196e+29,5.6097560975609755e+29,1599.875,5183.63,143.68393,0.10688148,0.0,-3.3949856461927695e+26,5.0,5.0,0.5
276,19500.0,0.0,5.5e+29,6.0000000000000005e+29,1599.875,4872.573,140.69296,0.1092035,0.0,-3.5538380214249794e+26,5.0,5.0,0.5
277,20475.0,0.0,6.666666666666668e+29,7.142857142857143e+29,1599.875,5613.6846,149.8872,0.1238928,0.0,-3.176992123758728e+26,5.0,5.0,0.5
278,19987.5,0.0,7.317073170731707e+29,7.804878048780489e+29,1599.875,4967.8726,144.58174,0.09959944,0.0,-3.373903741588261e+26,5.0,5.0,0.5
279,17062.5,0.0,7.428571428571429e+29,8.000000000000001e+29,1599.9375,26719.688,137.34244,13.850764,0.0,-4.1606118313780265e+26,5.0,5.0,0.5
280,16087.5,0.0,8.181818181818181e+29,8.787878787878788e+29,1599.9688,48667.414,134.43501,5.177673,0.0,-4.508205067707195e+26,5.0,5.0,0.5
281,14625.0,0.0,9.333333333333334e+29,9.666666666666667e+29,1599.9688,81556.96,131.96031,0.36819047,0.0,-2.526012014976765e+26,5.0,5.0,0.5
282,14137.5,0.0,1e+30,1e+30,1599.9688,85963.29,129.51657,3.4798253,0.0,0.0,5.0,5.0,0.5
283,13162.5,0.0,9.999999999999999e+29,9.999999999999999e+29,1599.9688,92307.82,128.08775,73.98675,0.0,0.0,5.0,5.0,0.5
284,11700.0,0.0,1.0000000000000002e+30,1.0000000000000002e+30,1599.9688,98387.164,127.55315,116.017235,0.0,0.0,5.0,5.0,0.5
285,7683.4442138671875,12735.446166992188,-5.333333333333333e+29,-5.333333333333333e+29,1600.3594,74429.44,70.420425,0.19349462,82430.22256491015,0.0,5.0,5.0,0.5
286,11459.799194335938,12610.885620117188,-4.782608695652174e+29,-4.3478260869565215e+29,1600.2188,15232.655,76.03803,0.010001068,53754.7445804561,-5.71796236987292e+26,5.0,5.0,0.5
287,10725.0,0.0,-7.727272727272728e+29,-6.818181818181818e+29,1600.2188,20095.258,76.761475,0.009365815,0.0,-1.1843062079214951e+27,5.0,5.0,0.5
288,23400.0,0.0,1.5625e+29,1.875e+29,1600.1562,20370.574,184.49666,0.08114405,0.0,-1.6937976158309862e+26,5.0,5.0,0.5
289,21937.5,0.0,1.777777777777778e+29,2.222222222222222e+29,1599.9688,10709.625,168.41391,0.10383845,0.0,-2.6390008086409705e+26,5.0,5.0,0.5
290,21450.0,0.0,2.0454545454545456e+29,2.5e+29,1599.9688,10263.158,164.572,0.093780704,0.0,-2.7619852547850055e+26,5.0,5.0,0.5
291,22425.0,0.0,3.260869565217391e+29,3.6956521739130435e+29,1599.875,8785.259,167.56241,0.09823155,0.0,-2.5947502946789223e+26,5.0,5.0,0.5
292,21937.5,0.0,3.555555555555556e+29,4e+29,1599.875,7730.558,161.73788,0.094972216,0.0,-2.7479303674545483e+26,5.0,5.0,0.5
293,21450.0,0.0,3.863636363636364e+29,4.318181818181818e+29,1599.875,6534.609,154.45789,0.10099708,0.0,-2.9428439497362778e+26,5.0,5.0,0.5
294,20962.5,0.0,4.186046511627907e+29,4.651162790697674e+29,1599.875,6086.3755,150.18443,0.10239351,0.0,-3.0969673076648466e+26,5.0,5.0,0.5
295,20475.0,0.0,4.761904761904762e+29,5.238095238095238e+29,1599.875,5414.3823,147.87022,0.1048528,0.0,-3.220327009132152e+26,5.0,5.0,0.5
296,21450.0,0.0,5.909090909090909e+29,6.363636363636364e+29,1599.875,6380.0317,156.8574,0.10254061,0.0,-2.8978258939191126e+26,5.0,5.0,0.5
297,20962.5,0.0,6.511627906976744e+29,6.976744186046512e+29,1599.875,5586.704,151.82323,0.09595616,0.0,-3.063538356276438e+26,5.0,5.0,0.5
298,18525.0,0.0,6.578947368421053e+29,7.105263157894737e+29,1599.9375,15152.585,143.74388,0.14696023,0.0,-3.6614830835665584e+26,5.0,5.0,0.5
299,17062.5,0.0,7.142857142857143e+29,7.714285714285714e+29,1599.9688,51584.81,141.61076,8.059041,0.0,-4.035205778885581e+26,5.0,5.0,0.5
300,16087.5,0.0,7.575757575757577e+29,8.181818181818181e+29,1599.9688,65572.16,138.86102,12.840362,0.0,-4.3645120364858575e+26,5.0,5.0,0.5
301,15112.5,0.0,8.387096774193548e+29,9.03225806451613e+29,1599.9688,84562.875,136.1943,1.1471556,0.0,-4.737065094853884e+26,5.0,5.0,0.5
302,14625.0,0.0,9.333333333333334e+29,9.666666666666667e+29,1599.9688,88814.65,134.21193,12.926992,0.0,-2.483634167387377e+26,5.0,5.0,0.5
303,13162.5,0.0,9.999999999999999e+29,9.999999999999999e+29,1599.9688,95163.73,133.14246,80.276405,0.0,0.0,5.0,5.0,0.5
304,11212.5,0.0,1e+30,1e+30,1599.9688,99377.36,132.70563,17.635696,0.0,0.0,5.0,5.0,0.5
305,4758.416748046875,12734.808349609375,-2.222222222222222e+29,-2.222222222222222e+29,1600.4531,227168.73,78.305115,0.027022164,137379.6149595727,0.0,5.0,5.0,0.5
306,9757.077026367188,12857.858276367188,-5.263157894736842e+29,-4.736842105263158e+29,1600.25,32682.764,73.12794,4.7469673,65069.97233657295,-7.197191781752758e+26,5.0,5.0,0.5
307,11947.256469726562,12609.317016601562,-5.416666666666667e+29,-5.000000000000001e+29,1600.2188,16302.055,80.23659,0.009789532,51508.60445744009,-5.192975916876876e+26,5.0,5.0,0.5
308,24375.0,0.0,1.1e+29,1.4000000000000002e+29,1600.1562,21079.266,191.52428,0.07839211,0.0,-1.5663810620603452e+26,5.0,5.0,0.5
309,22912.5,0.0,1.2765957446808512e+29,1.702127659574468e+29,1600.1562,11683.05,176.00473,0.09123853,0.0,-2.4177299914074583e+26,5.0,5.0,0.5
310,22425.0,0.0,1.5217391304347826e+29,1.956521739130435e+29,1599.9688,10927.875,171.63724,0.09077787,0.0,-2.5331484875009327e+26,5.0,5.0,0.5
311,23887.5,0.0,2.5510204081632654e+29,2.8571428571428574e+29,1599.875,10263.937,177.67003,0.08625167,0.0,-1.7229830559644183e+26,5.0,5.0,0.5
312,22912.5,0.0,2.9787234042553194e+29,3.404255319148936e+29,1599.875,8109.497,168.0443,0.1112904,0.0,-2.5322603881982277e+26,5.0,5.0,0.5
313,22425.0,0.0,3.260869565217391e+29,3.6956521739130435e+29,1599.875,7308.494,161.76524,0.09623556,0.0,-2.687738102494714e+26,5.0,5.0,0.5
314,21937.5,0.0,3.555555555555556e+29,4e+29,1599.875,6669.5166,157.03044,0.09848569,0.0,-2.8303075557186263e+26,5.0,5.0,0.5
315,21450.0,0.0,4.090909090909091e+29,4.5454545454545456e+29,1599.875,6192.093,154.54329,0.10012374,0.0,-2.9412176804558172e+26,5.0,5.0,0.5
316,22425.0,0.0,5.217391304347827e+29,5.652173913043478e+29,1599.875,6858.381,163.80171,0.0983113,0.0,-2.6543227374799532e+26,5.0,5.0,0.5
317,21937.5,0.0,5.777777777777778e+29,6.2222222222222225e+29,1599.875,6311.3184,158.78499,0.09188222,0.0,-2.799033138545425e+26,5.0,5.0,0.5
318,18525.0,0.0,5.526315789473685e+29,6.0526315789473685e+29,1599.9688,34200.48,151.85077,0.21757838,0.0,-3.4660067432701216e+26,5.0,5.0,0.5
319,18037.5,0.0,6.216216216216216e+29,6.756756756756757e+29,1599.9688,54966.168,148.86583,11.380373,0.0,-3.631058534205513e+26,5.0,5.0,0.5
320,17062.5,0.0,6.571428571428571e+29,7.142857142857143e+29,1599.9688,69426.14,146.1662,12.146604,0.0,-3.9094440191489743e+26,5.0,5.0,0.5
321,16087.5,0.0,7.272727272727273e+29,7.878787878787879e+29,1599.9688,85103.07,143.21521,0.87054807,0.0,-4.231817320422257e+26,5.0,5.0,0.5
322,15600.0,0.0,8.125e+29,8.75e+29,1599.9688,90568.72,141.48961,19.34442,0.0,-4.4172855198123816e+26,5.0,5.0,0.5
323,14137.5,0.0,8.965517241379311e+29,9.310344827586206e+29,1599.9688,94351.87,139.4722,19.661572,0.0,-2.472375067929377e+26,5.0,5.0,0.5
324,13162.5,0.0,9.999999999999999e+29,9.999999999999999e+29,1599.9688,99323.914,138.40358,47.264812,0.0,0.0,5.0,5.0,0.5
325,6591.827392578125,13102.972412109375,-1.6666666666666666e+29,-1.6666666666666666e+29,1600.3594,188981.66,82.49803,1.0815636,103479.00819033355,0.0,5.0,5.0,0.5
326,13293.157958984375,12978.692626953125,-3.461538461538462e+29,-3.076923076923077e+29,1600.2344,17044.783,88.1416,0.010202691,47540.66210754946,-4.363607851425974e+26,5.0,5.0,0.5
327,25597.225952148438,12607.760620117188,1.25e+29,1.3461538461538462e+29,1600.1562,21860.281,199.234,0.07603977,23770.269459881834,-4.826176720652626e+25,5.0,5.0,0.5
328,24375.0,0.0,9e+28,1.2000000000000002e+29,1600.1562,12615.178,183.76349,0.08056044,0.0,-1.632533219785831e+26,5.0,5.0,0.5
329,23400.0,0.0,1.0416666666666666e+29,1.4583333333333335e+29,1599.9688,11758.852,179.21492,0.10992142,0.0,-2.3249552356717623e+26,5.0,5.0,0.5
330,24862.5,0.0,1.96078431372549e+29,2.3529411764705887e+29,1599.875,11686.949,189.3783,0.08425732,0.0,-2.0707592751569067e+26,5.0,5.0,0.5
331,23887.5,0.0,2.448979591836735e+29,2.8571428571428574e+29,1599.875,9776.44,178.21996,0.08785024,0.0,-2.290222014075216e+26,5.0,5.0,0.5
332,23400.0,0.0,2.7083333333333333e+29,3.125e+29,1599.875,7888.4175,168.98753,0.093054004,0.0,-2.4656651166265313e+26,5.0,5.0,0.5
333,22912.5,0.0,2.9787234042553194e+29,3.404255319148936e+29,1599.875,7518.566,165.254,0.09514225,0.0,-2.5750173705424e+26,5.0,5.0,0.5
334,22425.0,0.0,3.478260869565217e+29,3.91304347826087e+29,1599.875,6731.4487,161.59886,0.09624246,0.0,-2.6905053917894747e+26,5.0,5.0,0.5
335,23400.0,0.0,4.5833333333333335e+29,5.000000000000001e+29,1599.875,7769.2314,172.23357,0.09525219,0.0,-2.419195489334414e+26,5.0,5.0,0.5
336,22912.5,0.0,5.106382978723405e+29,5.5319148936170214e+29,1599.875,6826.959,165.92728,0.08876422,0.0,-2.564568789316011e+26,5.0,5.0,0.5
337,20475.0,0.0,5.000000000000001e+29,5.476190476190476e+29,1599.9375,16549.807,158.02629,0.13680932,0.0,-3.0133623557059463e+26,5.0,5.0,0.5
338,19012.5,0.0,5.3846153846153854e+29,5.897435897435897e+29,1599.9688,55004.24,155.9237,7.240617,0.0,-3.288919470915148e+26,5.0,5.0,0.5
339,17550.0,0.0,5.555555555555555e+29,6.111111111111111e+29,1599.9688,67360.22,153.12132,0.21924539,0.0,-3.628205046865554e+26,5.0,5.0,0.5
340,17062.5,0.0,6.285714285714286e+29,6.857142857142858e+29,1599.9688,86305.93,150.36377,1.1017382,0.0,-3.800307568837664e+26,5.0,5.0,0.5
341,16575.0,0.0,6.764705882352941e+29,7.352941176470589e+29,1599.9688,90091.7,148.20314,9.4992895,0.0,-3.969114912750734e+26,5.0,5.0,0.5
342,15600.0,0.0,7.500000000000001e+29,8.125e+29,1599.9688,94267.695,146.27463,36.108547,0.0,-4.2727847603453804e+26,5.0,5.0,0.5
343,14137.5,0.0,8.965517241379311e+29,9.310344827586206e+29,1599.9688,99792.07,144.62685,40.615185,0.0,-2.3842571071451445e+26,5.0,5.0,0.5
344,13162.5,0.0,9.999999999999999e+29,9.999999999999999e+29,1599.9688,100597.74,143.37524,13.859569,0.0,0.0,5.0,5.0,0.5
345,10127.926635742188,13225.350952148438,-4.2105263157894735e+29,-4.2105263157894735e+29,1600.3125,87468.69,86.19748,0.7357806,65052.85144159592,0.0,5.0,5.0,0.5
346,13780.557250976562,12977.066040039062,-4.8148148148148146e+29,-4.444444444444445e+29,1600.25,16669.645,91.126465,0.010455799,45774.17997087879,-4.064355739086611e+26,5.0,5.0,0.5
347,25597.195434570312,12606.204223632812,1.25e+29,1.3461538461538462e+29,1600.1562,14322.775,192.5255,0.077930994,23767.33504827111,-4.99434347315729e+25,5.0,5.0,0.5
348,24375.0,0.0,6.000000000000001e+28,1e+29,1599.9688,12400.148,186.25192,0.09091373,0.0,-2.1476288373307797e+26,5.0,5.0,0.5
349,23887.5,0.0,8.163265306122448e+28,1.2244897959183675e+29,1599.9688,11780.295,182.39906,0.08715877,0.0,-2.2377486942418318e+26,5.0,5.0,0.5
350,24862.5,0.0,1.96078431372549e+29,2.3529411764705887e+29,1599.875,10474.158,185.37373,0.087422654,0.0,-2.115493146183596e+26,5.0,5.0,0.5
351,24375.0,0.0,2.2e+29,2.6e+29,1599.875,8739.585,176.59264,0.089007914,0.0,-2.2651001129767754e+26,5.0,5.0,0.5
352,23887.5,0.0,2.448979591836735e+29,2.8571428571428574e+29,1599.875,8168.037,172.25996,0.09142714,0.0,-2.3694609928722355e+26,5.0,5.0,0.5
353,23400.0,0.0,2.7083333333333333e+29,3.125e+29,1599.875,7615.194,168.49155,0.0930655,0.0,-2.472923271216229e+26,5.0,5.0,0.5
354,24375.0,0.0,4e+29,4.4e+29,1599.875,8295.208,178.36298,0.09196888,0.0,-2.2426178840700454e+26,5.0,5.0,0.5
355,23887.5,0.0,4.4897959183673474e+29,4.89795918367347e+29,1599.875,7590.8164,173.11679,0.08563521,0.0,-2.3577335478965852e+26,5.0,5.0,0.5
356,20475.0,0.0,4.047619047619048e+29,4.5238095238095236e+29,1599.9688,31185.432,165.85648,0.13045916,0.0,-2.8710996890970867e+26,5.0,5.0,0.5
357,19500.0,0.0,4.5e+29,5e+29,1599.9688,56739.51,163.04326,10.529919,0.0,-3.066670796989069e+26,5.0,5.0,0.5
358,18525.0,0.0,4.736842105263158e+29,5.263157894736842e+29,1599.9688,84242.25,160.68857,0.28097677,0.0,-3.2753779291644944e+26,5.0,5.0,0.5
359,18037.5,0.0,5.405405405405405e+29,5.945945945945946e+29,1599.9688,87852.07,157.59158,1.5561168,0.0,-3.430008947091671e+26,5.0,5.0,0.5
360,17550.0,0.0,5.833333333333334e+29,6.388888888888889e+29,1599.9688,91189.89,155.39404,10.839824,0.0,-3.575140622779718e+26,5.0,5.0,0.5
361,16575.0,0.0,6.470588235294117e+29,7.058823529411766e+29,1599.9688,94113.38,153.03609,7.067608,0.0,-3.8437685222490176e+26,5.0,5.0,0.5
362,15112.5,0.0,7.741935483870969e+29,8.387096774193548e+29,1599.9688,101453.51,153.42268,24.658186,0.0,-4.205123223613988e+26,5.0,5.0,0.5
363,14137.5,0.0,8.275862068965518e+29,8.965517241379311e+29,1599.9688,102623.37,151.10892,13.026911,0.0,-4.563960784228244e+26,5.0,5.0,0.5
364,13162.5,0.0,9.25925925925926e+29,9.629629629629629e+29,1599.9688,106232.72,149.47972,8.8099575,0.0,-2.4777298734627284e+26,5.0,5.0,0.5
365,6591.6412353515625,13222.769165039062,-1.6666666666666666e+29,-1.6666666666666666e+29,1600.4375,322165.88,95.40296,34.686543,124081.84089343564,0.0,5.0,5.0,0.5
366,15126.419067382812,13346.096801757812,-3.448275862068965e+29,-3.103448275862069e+29,1600.2812,16969.941,98.765594,0.012482046,42611.13470646576,-3.491373570057013e+26,5.0,5.0,0.5
367,27306.84814453125,12850.6103515625,1.0000000000000001e+29,1.090909090909091e+29,1600.1562,22372.37,209.84953,0.07313646,22465.97866418601,-4.332108324204713e+25,5.0,5.0,0.5
368,25597.149658203125,12603.106689453125,7.692307692307692e+28,9.615384615384614e+28,1600.1562,12919.814,194.12248,0.089495376,23761.4761230483,-9.906513147235069e+25,5.0,5.0,0.5
369,24986.053466796875,12478.900146484375,7.843137254901961e+28,9.80392156862745e+28,1599.9688,12353.357,189.695,0.085237876,24226.169960242696,-1.0336509860663853e+26,5.0,5.0,0.5
370,26325.0,0.0,1.3888888888888888e+29,1.6666666666666666e+29,1599.875,11774.203,195.79434,0.079585396,0.0,-1.4187221902438222e+26,5.0,5.0,0.5
371,25350.0,0.0,1.730769230769231e+29,2.1153846153846155e+29,1599.875,9504.38,185.29076,0.09357154,0.0,-2.0757397317064587e+26,5.0,5.0,0.5
372,24862.5,0.0,1.96078431372549e+29,2.3529411764705887e+29,1599.875,8871.539,179.83414,0.08846388,0.0,-2.1806586300465385e+26,5.0,5.0,0.5
373,24375.0,0.0,2.2e+29,2.6e+29,1599.875,8270.771,175.16403,0.08987871,0.0,-2.2835738334690814e+26,5.0,5.0,0.5
374,23887.5,0.0,2.653061224489796e+29,3.0612244897959184e+29,1599.875,7724.6533,172.84224,0.09130386,0.0,-2.3614786916121652e+26,5.0,5.0,0.5
375,24862.5,0.0,3.92156862745098e+29,4.313725490196079e+29,1599.875,8153.1055,180.55714,0.083770275,0.0,-2.1719265917644662e+26,5.0,5.0,0.5
376,23400.0,0.0,3.958333333333334e+29,4.375e+29,1599.875,10548.13,171.47765,0.11856878,0.0,-2.4298599653786474e+26,5.0,5.0,0.5
377,20962.5,0.0,3.953488372093024e+29,4.418604651162791e+29,1599.9688,53790.445,169.96123,4.9487286,0.0,-2.736602260047377e+26,5.0,5.0,0.5
378,19500.0,0.0,4.0000000000000004e+29,4.5e+29,1599.9688,71104.02,167.40578,0.21946459,0.0,-2.986754752597846e+26,5.0,5.0,0.5
379,19012.5,0.0,4.6153846153846155e+29,5.128205128205128e+29,1599.9688,88042.28,164.59294,1.275444,0.0,-3.115689584373468e+26,5.0,5.0,0.5
380,18525.0,0.0,5e+29,5.526315789473685e+29,1599.9688,91155.734,162.37842,7.389983,0.0,-3.241291521727815e+26,5.0,5.0,0.5
381,18037.5,0.0,5.675675675675676e+29,6.216216216216216e+29,1599.9688,94184.11,160.0047,47.886177,0.0,-3.3782791476142265e+26,5.0,5.0,0.5
382,15600.0,0.0,6.562500000000001e+29,7.1875e+29,1599.9688,101348.77,159.10689,5.932285,0.0,-3.928176891482861e+26,5.0,5.0,0.5
383,15112.5,0.0,7.096774193548388e+29,7.741935483870969e+29,1599.9688,103375.26,158.40054,12.225376,0.0,-4.0729739762033716e+26,5.0,5.0,0.5
384,13650.0,0.0,7.500000000000001e+29,8.214285714285714e+29,1599.9688,107108.05,156.89005,1.9388931,0.0,-4.55277907231068e+26,5.0,5.0,0.5
385,7813.83056640625,13344.482421875,-1.4285714285714285e+29,-1.4285714285714285e+29,1600.3281,236506.4,98.91315,0.029566063,88258.39892496636,0.0,5.0,5.0,0.5
386,28528.955078125,13097.10693359375,9.649122807017545e+28,1.0526315789473685e+29,1600.1562,22568.572,216.75998,0.0718283,21677.12382178006,-4.0468401293411e+25,5.0,5.0,0.5
389,27547.097778320312,12601.528930664062,1.517857142857143e+29,1.607142857142857e+29,1599.875,12354.881,203.15302,0.077635646,22061.497755351233,-4.394998234489708e+25,5.0,5.0,0.5
390,26325.0,0.0,1.2962962962962964e+29,1.6666666666666666e+29,1599.875,11207.334,196.22186,0.08110448,0.0,-1.8875081761971823e+26,5.0,5.0,0.5
391,25837.5,0.0,1.509433962264151e+29,1.8867924528301886e+29,1599.875,9393.594,186.89293,0.085408375,0.0,-2.01911593140191e+26,5.0,5.0,0.5
392,25350.0,0.0,1.730769230769231e+29,2.1153846153846155e+29,1599.875,9046.849,183.08482,0.0866995,0.0,-2.1007496800392446e+26,5.0,5.0,0.5
393,24862.5,0.0,2.1568627450980394e+29,2.5490196078431373e+29,1599.875,8342.357,179.74867,0.088171616,0.0,-2.1816954602379962e+26,5.0,5.0,0.5
394,25837.5,0.0,3.207547169811321e+29,3.5849056603773586e+29,1599.875,8979.744,188.54588,0.09024876,0.0,-2.001414638199038e+26,5.0,5.0,0.5
395,24375.0,0.0,3.4000000000000005e+29,3.8000000000000004e+29,1599.875,12091.733,178.66772,0.27963006,0.0,-2.2387927135386556e+26,5.0,5.0,0.5
396,21937.5,0.0,3.1111111111111112e+29,3.555555555555556e+29,1599.9688,43041.113,177.12904,0.5282795,0.0,-2.5091562369666745e+26,5.0,5.0,0.5
397,20475.0,0.0,3.333333333333334e+29,3.8095238095238096e+29,1599.9688,71932.23,174.61882,0.22816667,0.0,-2.7270283676820667e+26,5.0,5.0,0.5
398,19987.5,0.0,3.902439024390244e+29,4.390243902439024e+29,1599.9688,87803.08,171.60718,0.8104503,0.0,-2.8425668698067895e+26,5.0,5.0,0.5
399,19500.0,0.0,4.25e+29,4.75e+29,1599.9688,92027.39,169.46138,8.24902,0.0,-2.950524774350315e+26,5.0,5.0,0.5
400,19012.5,0.0,4.871794871794872e+29,5.3846153846153854e+29,1599.9688,94207.305,166.81374,44.43167,0.0,-3.0742103452295885e+26,5.0,5.0,0.5
401,16575.0,0.0,5.588235294117647e+29,6.1764705882352946e+29,1599.9688,102732.73,167.83206,7.4282937,0.0,-3.504904175772231e+26,5.0,5.0,0.5
402,15112.5,0.0,5.806451612903226e+29,6.451612903225806e+29,1599.9688,107181.65,167.56401,1.514799,0.0,-3.850237816193237e+26,5.0,5.0,0.5
403,14625.0,0.0,6.333333333333334e+29,7.000000000000001e+29,1599.9688,111180.46,165.13515,3.248328,0.0,-4.037097361739999e+26,5.0,5.0,0.5
404,14137.5,0.0,6.89655172413793e+29,7.586206896551725e+29,1599.9688,116133.89,162.39082,10.910603,0.0,-4.2468851264263455e+26,5.0,5.0,0.5
405,7202.47802734375,13218.49365234375,-1.5384615384615385e+29,-1.5384615384615385e+29,1600.5938,397730.2,113.014404,0.10967929,95146.25687266856,0.0,5.0,5.0,0.5
406,7813.6138916015625,13342.129516601562,-1.4285714285714285e+29,-1.4285714285714285e+29,1600.3594,335894.7,107.507484,0.024830187,88241.36015984279,0.0,5.0,5.0,0.5
407,16835.830688476562,13588.430786132812,-3.7500000000000004e+29,-3.4375e+29,1600.3125,16564.525,108.75777,0.014668755,38602.181005143895,-2.8733580084823013e+26,5.0,5.0,0.5
408,29139.947509765625,13217.242431640625,9.482758620689656e+28,1.0344827586206897e+29,1600.1562,22034.527,220.31946,0.07142203,21297.20406791303,-3.912813572220536e+25,5.0,5.0,0.5
409,27430.276489257812,12970.376586914062,7.272727272727273e+28,9.09090909090909e+28,1600.1562,13453.327,205.6719,0.07702762,22459.357085323987,-8.840205051858299e+25,5.0,5.0,0.5
410,28769.17724609375,12847.08251953125,1.3793103448275862e+29,1.5517241379310344e+29,1599.875,13207.751,213.60725,0.076656155,21298.189264965502,-8.071532677471216e+25,5.0,5.0,0.5
411,27547.073364257812,12599.978637695312,1.4285714285714285e+29,1.607142857142857e+29,1599.875,11704.108,204.2181,0.0794794,22058.78157586266,-8.74415313479971e+25,5.0,5.0,0.5
412,26812.5,0.0,1.090909090909091e+29,1.4545454545454546e+29,1599.875,9950.769,194.96239,0.08258076,0.0,-1.86516162975527e+26,5.0,5.0,0.5
413,26325.0,0.0,1.2962962962962964e+29,1.6666666666666666e+29,1599.875,9474.602,190.42886,0.084587164,0.0,-1.944927693805132e+26,5.0,5.0,0.5
414,25837.5,0.0,1.509433962264151e+29,1.8867924528301886e+29,1599.875,9013.897,186.3694,0.08583216,0.0,-2.024787816651255e+26,5.0,5.0,0.5
415,26812.5,0.0,2.7272727272727273e+29,3.090909090909091e+29,1599.875,9548.627,195.92603,0.08394396,0.0,-1.855988059326822e+26,5.0,5.0,0.5
416,26325.0,0.0,3.1481481481481483e+29,3.518518518518519e+29,1599.875,8988.422,191.00858,0.07871958,0.0,-1.9390248292164886e+26,5.0,5.0,0.5
417,22912.5,0.0,2.5531914893617024e+29,2.9787234042553194e+29,1599.9688,35658.49,184.04997,0.15519875,0.0,-2.3120455223898066e+26,5.0,5.0,0.5
418,21450.0,0.0,2.7272727272727276e+29,3.181818181818182e+29,1599.9688,64574.75,181.64485,0.1472562,0.0,-2.5023855635324098e+26,5.0,5.0,0.5
419,20962.5,0.0,3.255813953488372e+29,3.72093023255814e+29,1599.9688,86880.74,178.67276,0.41654825,0.0,-2.603173975956638e+26,5.0,5.0,0.5
420,20475.0,0.0,3.5714285714285714e+29,4.047619047619048e+29,1599.9688,90977.9,176.24521,3.4019895,0.0,-2.70186338450952e+26,5.0,5.0,0.5
421,19987.5,0.0,4.146341463414634e+29,4.6341463414634146e+29,1599.9688,94130.84,173.79695,41.152077,0.0,-2.8067516398705345e+26,5.0,5.0,0.5
422,18525.0,0.0,4.736842105263158e+29,5.263157894736842e+29,1599.9688,102074.39,172.80243,30.352615,0.0,-3.045766149889655e+26,5.0,5.0,0.5
423,16087.5,0.0,4.8484848484848484e+29,5.4545454545454546e+29,1599.9688,110788.37,175.97238,2.310671,0.0,-3.444066623286857e+26,5.0,5.0,0.5
424,15600.0,0.0,5.3125000000000004e+29,5.9375e+29,1599.9688,123322.2,175.05,11.385151,0.0,-3.570408392482023e+26,5.0,5.0,0.5
425,8424.588012695312,13586.761474609375,-1.3333333333333333e+29,-1.3333333333333333e+29,1600.4688,392323.62,117.36301,21.376368,99246.50115646137,0.0,5.0,5.0,0.5
426,10258.065795898438,13957.803344726562,-1.111111111111111e+29,-1.111111111111111e+29,1600.3438,217874.83,110.03588,4.023214,72135.8388602346,0.0,5.0,5.0,0.5
427,30362.01171875,13462.78076171875,9.166666666666668e+28,1.0000000000000001e+29,1600.1562,22751.152,227.61313,0.07026303,20584.803636018933,-3.661183070728809e+25,5.0,5.0,0.5
428,28652.30712890625,13215.576171875,7.017543859649123e+28,8.771929824561403e+28,1600.1562,13743.554,212.79825,0.07503163,21668.242879255427,-8.24436281314234e+25,5.0,5.0,0.5
429,28041.232299804688,13092.611694335938,7.142857142857143e+28,8.928571428571428e+28,1599.9688,13080.669,207.83868,0.07891085,22056.1989100547,-8.591828290297909e+25,5.0,5.0,0.5
430,28769.1162109375,12845.49560546875,1.3793103448275862e+29,1.5517241379310344e+29,1599.875,11981.968,211.47069,0.07789397,21295.60184111542,-8.153082341725184e+25,5.0,5.0,0.5
431,27911.029052734375,123.529052734375,8.771929824561403e+28,1.2280701754385966e+29,1599.875,10194.142,201.8953,0.08096684,0.020344612622445683,-1.7379166482860298e+26,5.0,5.0,0.5
432,27300.0,0.0,8.928571428571428e+28,1.25e+29,1599.875,9891.216,197.81737,0.16255723,0.0,-1.8054170953714997e+26,5.0,5.0,0.5
433,26812.5,0.0,1.090909090909091e+29,1.4545454545454546e+29,1599.875,9391.721,193.19937,0.084253356,0.0,-1.8821819197350902e+26,5.0,5.0,0.5
434,27787.5,0.0,2.105263157894737e+29,2.4561403508771932e+29,1599.875,10495.853,205.82242,0.08135354,0.0,-1.704756926038685e+26,5.0,5.0,0.5
435,27300.0,0.0,2.6785714285714284e+29,3.035714285714286e+29,1599.875,9456.879,197.99918,0.076504394,0.0,-1.803759310074397e+26,5.0,5.0,0.5
436,24862.5,0.0,2.3529411764705887e+29,2.7450980392156866e+29,1599.9375,21418.502,190.41933,0.20424394,0.0,-2.059438342587929e+26,5.0,5.0,0.5
437,22425.0,0.0,2.1739130434782607e+29,2.6086956521739135e+29,1599.9688,65215.676,188.65608,0.14189221,0.0,-2.3046307531304825e+26,5.0,5.0,0.5
438,21937.5,0.0,2.4444444444444444e+29,2.888888888888889e+29,1599.9688,86350.61,185.79521,0.24534054,0.0,-2.39212001298518e+26,5.0,5.0,0.5
439,21450.0,0.0,2.9545454545454545e+29,3.409090909090909e+29,1599.9688,91144.74,183.1182,2.7339978,0.0,-2.48225172592929e+26,5.0,5.0,0.5
440,20962.5,0.0,3.488372093023256e+29,3.953488372093024e+29,1599.9688,93813.8,180.71143,11.332924,0.0,-2.5738067034720204e+26,5.0,5.0,0.5
441,19012.5,0.0,4.102564102564102e+29,4.6153846153846155e+29,1599.9688,103303.52,181.37668,18.052326,0.0,-2.8273784543606084e+26,5.0,5.0,0.5
442,17062.5,0.0,4.0000000000000004e+29,4.571428571428572e+29,1599.9688,120299.47,185.51645,10.2878895,0.0,-3.0802043408386918e+26,5.0,5.0,0.5
443,13650.0,0.0,3.214285714285714e+29,3.928571428571429e+29,1599.9688,146875.11,183.78804,2.252755,0.0,-3.886464612493162e+26,5.0,5.0,0.5
444,9646.630859375,13706.23779296875,-1.1764705882352942e+29,-1.1764705882352942e+29,1600.3906,389461.97,122.13514,9.445584,76367.118556398,0.0,5.0,5.0,0.5
445,18668.814086914062,13952.810668945312,-3.7142857142857146e+29,-3.428571428571429e+29,1600.3594,19592.299,121.5257,0.018722398,35276.18365494822,-2.35106053822142e+26,5.0,5.0,0.5
446,30972.9248046875,13581.6162109375,9.016393442622952e+28,9.836065573770492e+28,1600.1562,22415.027,231.67303,0.070717275,20239.910723453984,-3.538055830806056e+25,5.0,5.0,0.5
447,29263.201904296875,13334.393310546875,6.896551724137931e+28,8.620689655172413e+28,1600.1562,13477.125,215.84898,0.08340036,21288.58564130002,-7.987704648701988e+25,5.0,5.0,0.5
448,30602.178955078125,13212.091064453125,1.3114754098360656e+29,1.4754098360655738e+29,1599.875,13560.09,225.4803,0.075568505,20241.818316906203,-7.270454473084937e+25,5.0,5.0,0.5
449,29133.016967773438,12717.929077148438,1.016949152542373e+29,1.1864406779661018e+29,1599.875,11423.265,213.4233,0.07782062,20927.88115155549,-7.94156636764384e+25,5.0,5.0,0.5
450,28275.0,0.0,5.172413793103449e+28,8.620689655172413e+28,1599.875,10109.75,205.04863,0.08146815,0.0,-1.6816868594013682e+26,5.0,5.0,0.5
451,27787.5,0.0,7.017543859649123e+28,1.0526315789473685e+29,1599.875,9890.839,201.51425,0.08223678,0.0,-1.74120286782085e+26,5.0,5.0,0.5
452,27300.0,0.0,1.0714285714285715e+29,1.4285714285714285e+29,1599.875,9303.235,197.9307,0.082870975,0.0,-1.8043833873293732e+26,5.0,5.0,0.5
453,28275.0,0.0,2.2413793103448277e+29,2.586206896551724e+29,1599.875,9987.438,206.44113,0.078404956,0.0,-1.6703434221080316e+26,5.0,5.0,0.5
454,26812.5,0.0,2.181818181818182e+29,2.5454545454545458e+29,1599.875,10408.353,196.22093,0.076468535,0.0,-1.853198636441577e+26,5.0,5.0,0.5
455,24375.0,0.0,1.8e+29,2.2e+29,1599.9688,40391.39,195.30649,0.2449031,0.0,-2.048063041940511e+26,5.0,5.0,0.5
456,22912.5,0.0,1.9148936170212767e+29,2.3404255319148937e+29,1599.9688,73274.09,192.68784,0.20493719,0.0,-2.208400511440703e+26,5.0,5.0,0.5
457,22425.0,0.0,2.391304347826087e+29,2.826086956521739e+29,1599.9688,87519.29,189.99077,0.35095924,0.0,-2.2884407083697524e+26,5.0,5.0,0.5
458,21937.5,0.0,2.666666666666667e+29,3.1111111111111112e+29,1599.9688,93232.91,187.54562,7.256285,0.0,-2.369793735989623e+26,5.0,5.0,0.5
459,20962.5,0.0,3.0232558139534882e+29,3.488372093023256e+29,1599.9688,96200.58,185.26923,5.5345063,0.0,-2.510488595032196e+26,5.0,5.0,0.5
460,18525.0,0.0,3.4210526315789475e+29,3.947368421052632e+29,1599.9688,109784.06,190.03578,6.086572,0.0,-2.7695615232106612e+26,5.0,5.0,0.5
461,8424.249267578125,13454.583740234375,-1.3333333333333333e+29,-1.3333333333333333e+29,1600.4844,459227.5,130.28024,0.030795714,82286.71160390828,0.0,5.0,5.0,0.5
462,10257.5439453125,13823.8525390625,-1.111111111111111e+29,-1.111111111111111e+29,1600.3594,381822.47,126.20965,0.39008546,68709.30763786123,0.0,5.0,5.0,0.5
463,32194.845581054688,13823.043823242188,8.73015873015873e+28,9.523809523809524e+28,1600.1562,23000.174,238.98097,0.07049262,19588.780057132582,-3.320979013708173e+25,5.0,5.0,0.5
464,31096.249389648438,13698.837280273438,9.016393442622952e+28,9.836065573770492e+28,1600.1562,14424.308,224.77196,0.0733047,20229.97687759502,-3.64668324571346e+25,5.0,5.0,0.5
465,29874.069213867188,13451.657104492188,6.7796610169491525e+28,8.474576271186441e+28,1599.9688,13236.71,219.00708,0.079329416,20915.768674830302,-7.739088862481853e+25,5.0,5.0,0.5
466,30601.971435546875,13205.169677734375,1.3114754098360656e+29,1.4754098360655738e+29,1599.875,12490.742,224.46509,0.07631854,20230.990248074613,-7.303337359500134e+25,5.0,5.0,0.5
467,29373.47412109375,123.47412109375,3.3333333333333333e+28,6.666666666666667e+28,1599.875,10333.73,212.67139,0.08127842,0.04829680499505468,-1.567363332116484e+26,5.0,5.0,0.5
468,28762.5,0.0,3.3898305084745762e+28,6.7796610169491525e+28,1599.875,10075.181,208.72952,0.08170663,0.0,-1.624030211224215e+26,5.0,5.0,0.5
469,28275.0,0.0,5.172413793103449e+28,8.620689655172413e+28,1599.875,9766.488,204.63445,0.08179781,0.0,-1.6850906302016025e+26,5.0,5.0,0.5
470,29250.0,0.0,1.6666666666666666e+29,2.0000000000000002e+29,1599.875,10359.421,214.35344,0.08890279,0.0,-1.5550640772249163e+26,5.0,5.0,0.5
471,28762.5,0.0,2.033898305084746e+29,2.3728813559322036e+29,1599.875,9840.376,209.21196,0.074699484,0.0,-1.6202852413817013e+26,5.0,5.0,0.5
472,25350.0,0.0,1.3461538461538462e+29,1.730769230769231e+29,1599.9688,32316.78,201.99553,0.10032385,0.0,-1.9040787000911434e+26,5.0,5.0,0.5
473,23887.5,0.0,1.4285714285714287e+29,1.836734693877551e+29,1599.9688,66149.55,199.85323,0.13683707,0.0,-2.042315123311857e+26,5.0,5.0,0.5
474,23400.0,0.0,1.875e+29,2.2916666666666668e+29,1599.9688,87217.52,196.91435,0.2613073,0.0,-2.115979163287804e+26,5.0,5.0,0.5
475,22912.5,0.0,2.127659574468085e+29,2.5531914893617024e+29,1599.9688,91306.55,194.28525,1.9961647,0.0,-2.190243056053731e+26,5.0,5.0,0.5
476,22425.0,0.0,2.6086956521739135e+29,3.0434782608695652e+29,1599.9688,94748.28,191.9121,19.347334,0.0,-2.2655300110079167e+26,5.0,5.0,0.5
477,20962.5,0.0,3.0232558139534882e+29,3.488372093023256e+29,1599.9688,100527.4,191.01251,26.410673,0.0,-2.43500425022234e+26,5.0,5.0,0.5
478,18525.0,0.0,2.8947368421052634e+29,3.4210526315789475e+29,1599.9688,115069.74,196.51358,2.7378051,0.0,-2.678266756987333e+26,5.0,5.0,0.5
479,9035.150146484375,13575.238037109375,-1.25e+29,-1.25e+29,1600.3906,440802.06,134.5149,0.031292047,77126.33871855559,0.0,5.0,5.0,0.5
480,10868.399047851562,13943.850708007812,-1.0526315789473684e+29,-1.0526315789473684e+29,1600.3594,337500.4,128.15208,0.034534466,64940.09045972399,0.0,5.0,5.0,0.5
481,32805.59997558594,13942.330932617188,8.59375e+28,9.375000000000001e+28,1600.1562,22164.242,242.5775,0.07014751,19276.539913527577,-3.2206202222617976e+25,5.0,5.0,0.5
482,31095.919799804688,13694.235229492188,6.557377049180328e+28,8.19672131147541e+28,1600.1562,13775.713,227.76613,0.0901767,20222.927411142948,-7.19748925269589e+25,5.0,5.0,0.5
483,32434.823608398438,13570.639038085938,1.3281250000000001e+29,1.40625e+29,1599.875,13369.212,233.59978,0.074180685,19275.32233628709,-3.3443953127515805e+25,5.0,5.0,0.5
484,30842.28515625,12953.40576171875,8.064516129032258e+28,9.67741935483871e+28,1599.875,11912.012,225.59634,0.07664987,19897.1015808693,-7.1495095942172904e+25,5.0,5.0,0.5
485,29737.5,0.0,0.0,3.278688524590164e+28,1599.875,10226.546,215.8413,0.08246177,0.0,-1.519027464083073e+26,5.0,5.0,0.5
486,29250.0,0.0,1.6666666666666667e+28,5.0000000000000005e+28,1599.875,9919.556,211.74994,0.08117284,0.0,-1.574183846110462e+26,5.0,5.0,0.5
487,28762.5,0.0,5.084745762711865e+28,8.474576271186441e+28,1599.875,9530.851,208.93997,0.08121093,0.0,-1.6223944500721886e+26,5.0,5.0,0.5
488,29737.5,0.0,1.639344262295082e+29,1.9672131147540984e+29,1599.875,10022.842,216.30905,0.074015245,0.0,-1.5157426384364386e+26,5.0,5.0,0.5
489,27300.0,0.0,1.25e+29,1.607142857142857e+29,1599.9375,23220.486,208.51613,0.29856297,0.0,-1.7127828894745605e+26,5.0,5.0,0.5
490,24862.5,0.0,9.80392156862745e+28,1.3725490196078433e+29,1599.9688,68112.23,207.05472,0.14239262,0.0,-1.8939769472522027e+26,5.0,5.0,0.5
491,24375.0,0.0,1.2000000000000002e+29,1.6e+29,1599.9688,87170.28,203.8577,0.21968481,0.0,-1.962153045003381e+26,5.0,5.0,0.5
492,23887.5,0.0,1.6326530612244897e+29,2.040816326530612e+29,1599.9688,91657.086,201.30278,1.8323013,0.0,-2.0276086847842286e+26,5.0,5.0,0.5
493,23400.0,0.0,1.875e+29,2.2916666666666668e+29,1599.9688,94350.18,198.7533,7.0748754,0.0,-2.096401293790784e+26,5.0,5.0,0.5
494,21937.5,0.0,2.4444444444444444e+29,2.888888888888889e+29,1599.9688,101115.01,198.17743,25.618862,0.0,-2.242659248534629e+26,5.0,5.0,0.5
495,20475.0,0.0,2.619047619047619e+29,3.0952380952380953e+29,1599.9688,105972.43,198.58408,8.940379,0.0,-2.397928806556292e+26,5.0,5.0,0.5
496,17550.0,0.0,1.9444444444444445e+29,2.5e+29,1599.9688,132511.08,204.10397,0.67126656,0.0,-2.7219242542506517e+26,5.0,5.0,0.5
497,9645.98388671875,13691.85791015625,-1.1764705882352942e+29,-1.1764705882352942e+29,1600.375,436256.78,139.35764,0.033525243,72550.11597340368,0.0,5.0,5.0,0.5
498,12701.364135742188,14306.076049804688,-9.090909090909092e+28,-9.090909090909092e+28,1600.3594,226269.36,130.75041,0.03381093,56046.06149810581,0.0,5.0,5.0,0.5
499,32805.1513671875,13933.33740234375,7.03125e+28,7.8125e+28,1600.1562,14284.778,235.54143,0.07292146,19263.202482087854,-3.3168262921710645e+25,5.0,5.0,0.5
500,31706.546020507812,13807.595825195312,6.451612903225806e+28,8.064516129032258e+28,1599.9688,13591.882,230.58643,0.07751927,19883.533342825787,-6.994788267964055e+25,5.0,5.0,0.5
501,32434.445190429688,13559.884643554688,1.25e+29,1.40625e+29,1599.875,12506.677,234.72173,0.07677986,19258.79971532903,-6.6568188219991986e+25,5.0,5.0,0.5
502,31206.106567382812,12817.825317382812,4.761904761904762e+28,6.349206349206349e+28,1599.875,10582.076,224.2924,0.07936232,19562.336276518454,-7.07692974776135e+25,5.0,5.0,0.5
503,30225.0,0.0,-1.6129032258064516e+28,1.6129032258064516e+28,1599.875,10162.655,219.60062,0.08116053,0.0,-1.4689423480160309e+26,5.0,5.0,0.5
504,29737.5,0.0,1.639344262295082e+28,4.918032786885246e+28,1599.875,9702.446,216.29549,0.08161721,0.0,-1.5158376988810271e+26,5.0,5.0,0.5
505,30712.5,0.0,1.1111111111111112e+29,1.4285714285714285e+29,1599.875,10474.119,224.90332,0.07725193,0.0,-1.4115412659057708e+26,5.0,5.0,0.5
506,29250.0,0.0,1.1666666666666667e+29,1.5e+29,1599.875,11108.693,214.36798,0.074195534,0.0,-1.554958589641929e+26,5.0,5.0,0.5
507,26812.5,0.0,7.272727272727273e+28,1.090909090909091e+29,1599.9688,45134.242,213.47838,0.47645408,0.0,-1.7033873244639983e+26,5.0,5.0,0.5
508,25350.0,0.0,7.692307692307692e+28,1.153846153846154e+29,1599.9688,73989.39,210.85301,0.19699134,0.0,-1.8240924367749047e+26,5.0,5.0,0.5
509,24862.5,0.0,1.1764705882352943e+29,1.5686274509803923e+29,1599.9688,88221.35,208.14355,0.31922445,0.0,-1.8840692104728852e+26,5.0,5.0,0.5
510,24375.0,0.0,1.4000000000000002e+29,1.8e+29,1599.9688,94095.67,205.79642,6.4685955,0.0,-1.9436684339390426e+26,5.0,5.0,0.5
511,22912.5,0.0,1.4893617021276597e+29,1.9148936170212767e+29,1599.9688,98526.73,203.93614,8.251171,0.0,-2.08659392488096e+26,5.0,5.0,0.5
512,21450.0,0.0,2.0454545454545456e+29,2.5e+29,1599.9688,105732.22,205.16708,8.465598,0.0,-2.2154891820803108e+26,5.0,5.0,0.5
513,19987.5,0.0,1.951219512195122e+29,2.4390243902439022e+29,1599.9688,111996.32,206.33865,1.5406848,0.0,-2.364098386909395e+26,5.0,5.0,0.5
514,10867.593383789062,13936.636352539062,-1.0526315789473684e+29,-1.0526315789473684e+29,1600.5938,485026.66,148.084,4.9731107,67332.0090171488,0.0,5.0,5.0,0.5
515,11478.829956054688,14058.236694335938,-1.0000000000000001e+29,-1.0000000000000001e+29,1600.375,412742.75,143.68272,1.3106381,63334.720586019146,0.0,5.0,5.0,0.5
516,34638.13781738281,14300.466918945312,8.208955223880597e+28,8.955223880597017e+28,1600.1562,23227.68,254.62204,0.06947987,18395.727583929023,-2.9308879047449343e+25,5.0,5.0,0.5
517,32928.18603515625,14050.57373046875,6.25e+28,7.8125e+28,1600.1562,13897.218,238.54845,0.07704488,19254.177690204713,-6.550032171276176e+25,5.0,5.0,0.5
518,32804.559326171875,13924.505615234375,7.8125e+28,9.375000000000001e+28,1599.9688,13226.454,233.8952,0.07854551,19250.54637376849,-6.680342231844936e+25,5.0,5.0,0.5
519,32674.468994140625,13305.694580078125,7.692307692307692e+28,9.230769230769231e+28,1599.875,11748.875,235.71632,0.076907836,18952.10624541849,-6.526750092301539e+25,5.0,5.0,0.5
520,31446.417236328125,12563.922119140625,0.0,1.5625e+28,1599.875,10437.941,227.164,0.080869436,19246.1383840165,-6.878290529856751e+25,5.0,5.0,0.5
521,30712.5,0.0,-1.5873015873015873e+28,1.5873015873015873e+28,1599.875,9893.85,223.02078,0.08068697,0.0,-1.4234562086249531e+26,5.0,5.0,0.5
522,31687.5,0.0,7.692307692307692e+28,1.076923076923077e+29,1599.875,10618.373,232.05246,0.07751657,0.0,-1.325960121551066e+26,5.0,5.0,0.5
523,31200.0,0.0,1.09375e+29,1.40625e+29,1599.875,10148.212,227.1292,0.07322588,0.0,-1.3758689119396195e+26,5.0,5.0,0.5
524,27787.5,0.0,3.5087719298245617e+28,7.017543859649123e+28,1599.9688,46094.223,220.49425,0.5346836,0.0,-1.591321302309566e+26,5.0,5.0,0.5
525,26325.0,0.0,3.703703703703704e+28,7.407407407407408e+28,1599.9688,73788.27,217.92758,0.16879919,0.0,-1.6995112198885427e+26,5.0,5.0,0.5
526,25837.5,0.0,7.547169811320755e+28,1.1320754716981134e+29,1599.9688,88794.76,215.20506,0.3695028,0.0,-1.753483331387212e+26,5.0,5.0,0.5
527,25350.0,0.0,9.615384615384614e+28,1.3461538461538462e+29,1599.9688,93682.44,212.88228,4.7416563,0.0,-1.8067045666249855e+26,5.0,5.0,0.5
528,23887.5,0.0,1.4285714285714287e+29,1.836734693877551e+29,1599.9688,100357.55,211.69029,12.075282,0.0,-1.9281151759906347e+26,5.0,5.0,0.5
529,22425.0,0.0,1.5217391304347826e+29,1.956521739130435e+29,1599.9688,105818.82,212.08267,8.082505,0.0,-2.050061913834274e+26,5.0,5.0,0.5
530,20962.5,0.0,1.3953488372093025e+29,1.86046511627907e+29,1599.9688,118098.79,215.55579,3.0650492,0.0,-2.1577536257049985e+26,5.0,5.0,0.5
531,11478.326416015625,14051.629638671875,-1.0000000000000001e+29,-1.0000000000000001e+29,1600.5781,481953.97,152.47691,0.7752608,61981.219318642376,0.0,5.0,5.0,0.5
532,13311.5478515625,14418.994140625,-8.695652173913043e+28,-8.695652173913043e+28,1600.3594,385147.25,147.33345,1.0647453,53977.20185389153,0.0,5.0,5.0,0.5
533,35248.55041503906,14410.867309570312,8.088235294117647e+28,8.823529411764707e+28,1600.1562,22998.26,258.92108,0.069371164,18106.871517104864,-2.839838738758845e+25,5.0,5.0,0.5
534,33538.5986328125,14160.6689453125,6.153846153846154e+28,7.692307692307692e+28,1599.9688,13797.964,241.85522,0.07810436,18938.663446795144,-6.3610845742379e+25,5.0,5.0,0.5
535,34877.581787109375,14031.964111328125,1.25e+29,1.3235294117647059e+29,1599.875,13592.148,249.30586,0.073649004,18095.472075423808,-2.9493655323210723e+25,5.0,5.0,0.5
536,32914.471435546875,13042.633056640625,3.0303030303030302e+28,4.545454545454546e+28,1599.875,10677.826,234.97607,0.12592179,18641.326114185504,-6.448109749850496e+25,5.0,5.0,0.5
537,31933.697509765625,12548.443603515625,-1.5384615384615386e+28,0.0,1599.875,10386.444,231.02647,0.07989335,18926.583874742228,-6.659243470374056e+25,5.0,5.0,0.5
538,32785.51025390625,12424.03564453125,5.970149253731344e+28,7.462686567164179e+28,1599.875,11309.138,242.653,0.07787814,18359.739389046445,-6.150912266420275e+25,5.0,5.0,0.5
539,32175.0,0.0,7.575757575757575e+28,1.0606060606060607e+29,1599.875,10380.389,234.7889,0.07427038,0.0,-1.2906500687681389e+26,5.0,5.0,0.5
540,29737.5,0.0,3.278688524590164e+28,6.557377049180328e+28,1599.9375,18153.232,226.55272,0.08250002,0.0,-1.447207756931997e+26,5.0,5.0,0.5
541,27300.0,0.0,0.0,3.5714285714285713e+28,1599.9688,70309.26,225.13583,0.14612398,0.0,-1.5863439027433312e+26,5.0,5.0,0.5
542,26812.5,0.0,3.6363636363636365e+28,7.272727272727273e+28,1599.9688,87611.336,222.01706,0.21342994,0.0,-1.637875777384001e+26,5.0,5.0,0.5
543,26325.0,0.0,5.555555555555556e+28,9.259259259259259e+28,1599.9688,93332.11,219.78444,3.2218904,0.0,-1.685152833881505e+26,5.0,5.0,0.5
544,25837.5,0.0,9.433962264150943e+28,1.3207547169811322e+29,1599.9688,96194.03,217.19086,17.07286,0.0,-1.7374510874618238e+26,5.0,5.0,0.5
545,23400.0,0.0,1.0416666666666666e+29,1.4583333333333335e+29,1599.9688,105613.26,218.69495,4.050616,0.0,-1.905241404691323e+26,5.0,5.0,0.5
546,22425.0,0.0,1.0869565217391304e+29,1.5217391304347826e+29,1599.9688,112154.4,220.43648,5.099964,0.0,-1.972371421049579e+26,5.0,5.0,0.5
547,12089.010620117188,14169.931030273438,-9.523809523809524e+28,-9.523809523809524e+28,1600.4531,479376.4,157.16946,0.184,58734.038511578285,0.0,5.0,5.0,0.5
548,14533.111572265625,14783.099365234375,-8e+28,-8e+28,1600.3594,309973.22,147.74622,2.4136178,50703.893061214265,0.0,5.0,5.0,0.5
549,35371.39587402344,14525.778198242188,8.088235294117647e+28,8.823529411764707e+28,1600.1562,15216.073,252.37503,0.07162148,18095.287638439506,-2.91349788502887e+25,5.0,5.0,0.5
550,34148.71520996094,14274.130249023438,6.0606060606060605e+28,7.575757575757575e+28,1599.9688,13471.665,245.70528,0.08107499,18639.396430476365,-6.166540404832359e+25,5.0,5.0,0.5
551,34753.173828125,13897.18017578125,1.0294117647058824e+29,1.1764705882352942e+29,1599.875,12604.108,249.46852,0.078092076,18091.068332855684,-5.894884968663255e+25,5.0,5.0,0.5
552,33277.89611816406,12907.876586914062,0.0,1.492537313432836e+28,1599.875,10580.306,238.1837,0.07946104,18347.13744940884,-6.266328509944827e+25,5.0,5.0,0.5
553,32543.939208984375,12659.588623046875,-1.5151515151515151e+28,0.0,1599.875,10138.187,233.91449,0.079813674,18622.269811574384,-6.47737349146759e+25,5.0,5.0,0.5
554,33395.880126953125,12532.867431640625,8.823529411764707e+28,1.0294117647058824e+29,1599.875,10543.23,242.09738,0.074225195,18069.134042946804,-6.07436654467289e+25,5.0,5.0,0.5
555,31200.0,0.0,1.5625e+28,4.6875000000000005e+28,1599.875,16369.951,233.49918,4.0741606,0.0,-1.3383344871676074e+26,5.0,5.0,0.5
556,28762.5,0.0,-1.6949152542372881e+28,1.6949152542372881e+28,1599.9688,60084.812,231.54758,3.6256673,0.0,-1.4639887636896582e+26,5.0,5.0,0.5
557,27787.5,0.0,0.0,3.5087719298245617e+28,1599.9688,87839.96,229.12251,0.21743636,0.0,-1.5313955345021697e+26,5.0,5.0,0.5
558,27300.0,0.0,1.7857142857142857e+28,5.357142857142858e+28,1599.9688,92536.43,226.47238,1.9664352,0.0,-1.5769819464635034e+26,5.0,5.0,0.5
559,26812.5,0.0,5.454545454545455e+28,9.09090909090909e+28,1599.9688,98013.88,224.86069,17.772459,0.0,-1.6171629112855873e+26,5.0,5.0,0.5
560,24375.0,0.0,6.000000000000001e+28,1e+29,1599.9688,105562.39,225.44795,3.8717165,0.0,-1.774245434352194e+26,5.0,5.0,0.5
561,22912.5,0.0,4.25531914893617e+28,8.51063829787234e+28,1599.9688,113227.7,227.99396,1.41026,0.0,-1.866417511776221e+26,5.0,5.0,0.5
562,12699.588012695312,14282.327270507812,-9.090909090909092e+28,-9.090909090909092e+28,1600.4062,477299.16,161.85022,0.07609499,55965.663514508145,0.0,5.0,5.0,0.5
563,37204.315185546875,14891.009521484375,9.154929577464788e+28,9.859154929577465e+28,1600.1562,24140.36,272.68848,0.06884496,17323.43591625954,-2.5825269956036037e+25,5.0,5.0,0.5
564,35370.28503417969,14503.915405273438,5.882352941176471e+28,7.352941176470588e+28,1600.1562,14224.941,254.8375,0.08055862,18073.336667767966,-5.770690226185766e+25,5.0,5.0,0.5
565,36708.8134765625,14372.9248046875,1.1267605633802817e+29,1.2676056338028169e+29,1599.875,13940.96,261.28098,0.07298757,17291.592719649474,-5.39055973127349e+25,5.0,5.0,0.5
566,35116.156005859375,13745.806884765625,7.246376811594203e+28,8.695652173913045e+28,1599.875,11919.082,251.17796,0.07524141,17779.124251008394,-5.769914460357818e+25,5.0,5.0,0.5
567,33764.666748046875,12878.460693359375,-1.4705882352941177e+28,0.0,1599.875,10506.317,241.95428,0.0794464,18035.140487048535,-6.077959054588308e+25,5.0,5.0,0.5
568,33153.87878417969,12750.595092773438,0.0,1.492537313432836e+28,1599.875,9977.683,238.40305,0.07960091,18297.500997598436,-6.260563112088476e+25,5.0,5.0,0.5
569,33882.916259765625,12500.054931640625,7.246376811594203e+28,8.695652173913045e+28,1599.875,10284.761,244.68697,0.073289275,17760.395449027605,-5.922977371259357e+25,5.0,5.0,0.5
570,30347.4853515625,12371.0205078125,-1.6129032258064516e+28,0.0,1599.9688,45788.77,238.54938,0.45055217,19755.701864977356,-6.7612971499060875e+25,5.0,5.0,0.5
571,28762.5,0.0,-5.084745762711865e+28,-1.6949152542372881e+28,1599.9688,74214.43,236.01096,0.16924667,0.0,-1.4363021821731428e+26,5.0,5.0,0.5
572,28275.0,0.0,-1.7241379310344827e+28,1.7241379310344827e+28,1599.9688,91409.34,233.18579,1.00637,0.0,-1.4787675728654959e+26,5.0,5.0,0.5
573,27787.5,0.0,0.0,3.5087719298245617e+28,1599.9688,95027.234,230.97855,6.0555673,0.0,-1.519089971091372e+26,5.0,5.0,0.5
574,25350.0,0.0,1.923076923076923e+28,5.76923076923077e+28,1599.9688,105728.42,232.70695,7.113006,0.0,-1.6527885240388154e+26,5.0,5.0,0.5
575,24375.0,0.0,2e+28,6.000000000000001e+28,1599.9688,110433.14,234.04,0.83072585,0.0,-1.7091096029513542e+26,5.0,5.0,0.5
576,23400.0,0.0,2.0833333333333332e+28,6.250000000000001e+28,1599.9688,128013.08,236.3458,10.238595,0.0,-1.762953587707393e+26,5.0,5.0,0.5
577,13310.07080078125,14395.849609375,-8.695652173913043e+28,-8.695652173913043e+28,1600.3594,468123.5,166.17767,0.04034018,53474.05930702797,0.0,5.0,5.0,0.5
578,37690.30456542969,14878.512573242188,7.638888888888889e+28,8.333333333333335e+28,1600.1562,23293.248,274.77777,0.06868642,17067.615444010404,-2.5272948460387577e+25,5.0,5.0,0.5
579,35980.13916015625,14611.62109375,5.797101449275362e+28,7.246376811594203e+28,1599.9688,14054.221,257.56705,0.07524858,17782.092013168196,-5.626788746964441e+25,5.0,5.0,0.5
580,36707.354736328125,14354.986572265625,1.1267605633802817e+29,1.2676056338028169e+29,1599.875,12899.118,261.24112,0.075355574,17268.533840124728,-5.391382135945197e+25,5.0,5.0,0.5
581,35231.70471191406,13354.019165039062,1.4285714285714287e+28,2.8571428571428574e+28,1599.875,10878.367,250.12383,0.07878165,17496.720499114443,-5.711456828045505e+25,5.0,5.0,0.5
582,34374.10583496094,12980.258178710938,0.0,1.4492753623188405e+28,1599.875,10230.103,245.49959,0.07897573,17744.628778829923,-5.903371871417949e+25,5.0,5.0,0.5
583,35225.927734375,12854.33349609375,8.450704225352113e+28,9.859154929577465e+28,1599.875,10814.376,253.90538,0.07502281,17240.8472339588,-5.547147929059172e+25,5.0,5.0,0.5
584,31567.425537109375,12606.805419921875,-1.5625e+28,0.0,1599.9688,40180.598,245.53363,0.17547491,19124.220545379827,-6.363690373650544e+25,5.0,5.0,0.5
585,29859.866333007812,12358.999633789062,-4.918032786885246e+28,-3.278688524590164e+28,1599.9688,74349.664,243.07169,0.17962278,20060.054591503565,-6.744283098873688e+25,5.0,5.0,0.5
586,29250.0,0.0,-5.0000000000000005e+28,-1.6666666666666667e+28,1599.9688,88763.15,240.32056,0.28100777,0.0,-1.387036290165554e+26,5.0,5.0,0.5
587,28762.5,0.0,-1.6949152542372881e+28,1.6949152542372881e+28,1599.9688,95836.9,238.3023,15.084688,0.0,-1.4224916868475367e+26,5.0,5.0,0.5
588,26325.0,0.0,-1.851851851851852e+28,1.851851851851852e+28,1599.9688,105654.65,239.36208,6.835383,0.0,-1.5473226872876504e+26,5.0,5.0,0.5
589,24862.5,0.0,-3.9215686274509807e+28,0.0,1599.9688,116338.54,244.53821,1.8302852,0.0,-1.6036629446984804e+26,5.0,5.0,0.5
590,11841.558837890625,1604.058837890625,-2.380952380952381e+29,-1.9047619047619048e+29,1600.4531,546129.25,175.3748,0.04145774,4.166169409643439,-2.7152730708687305e+26,5.0,5.0,0.5
591,13797.57080078125,2097.57080078125,-1.6666666666666666e+29,-1.2500000000000002e+29,1600.3594,460346.88,170.54703,0.040070515,1.9064473823261812,-2.443118901336109e+26,5.0,5.0,0.5
592,37812.72277832031,14969.802856445312,9.027777777777778e+28,9.722222222222223e+28,1600.1562,16370.149,269.85748,0.071115315,17024.79899283159,-2.5733747938190266e+25,5.0,5.0,0.5
593,36589.66064453125,14694.580078125,5.714285714285715e+28,7.142857142857143e+28,1599.9688,13988.649,261.96918,0.07606145,17472.019649069858,-5.453204241770124e+25,5.0,5.0,0.5
594,36945.88928222656,14061.770629882812,6.944444444444444e+28,8.333333333333335e+28,1599.875,12461.981,263.61475,0.07466092,16966.967223813772,-5.2686312487047156e+25,5.0,5.0,0.5
595,35717.620849609375,13299.334716796875,0.0,1.4084507042253521e+28,1599.875,10830.121,253.96419,0.07842687,17175.350131866955,-5.545863444027387e+25,5.0,5.0,0.5
596,34983.10852050781,13046.524047851562,0.0,1.4285714285714287e+28,1599.875,10114.779,249.91675,0.07954178,17412.254038484738,-5.716189249963681e+25,5.0,5.0,0.5
597,35712.1337890625,12803.60107421875,6.944444444444444e+28,8.333333333333335e+28,1599.875,10591.38,256.62668,0.07281497,16932.76412896628,-5.4120986063753665e+25,5.0,5.0,0.5
598,31201.72119140625,12686.7919921875,-3.1746031746031747e+28,-1.5873015873015873e+28,1599.9688,69985.55,250.29611,0.13320662,19361.379892381683,-6.341694939782434e+25,5.0,5.0,0.5
599,30347.366333007812,122.3663330078125,-6.451612903225806e+28,-3.225806451612903e+28,1599.9688,88205.195,247.19409,0.21474059,0.05548264361644663,-1.3049690743675304e+26,5.0,5.0,0.5
600,29737.5,0.0,-6.557377049180328e+28,-3.278688524590164e+28,1599.9688,93481.62,244.87718,2.7975078,0.0,-1.3389114076372525e+26,5.0,5.0,0.5
601,27300.0,0.0,-5.357142857142858e+28,-1.7857142857142857e+28,1599.9688,105280.64,245.72865,3.414915,0.0,-1.4534033896713141e+26,5.0,5.0,0.5
602,25837.5,0.0,-7.547169811320755e+28,-3.7735849056603773e+28,1599.9688,111945.26,249.33923,0.95594716,0.0,-1.5134340690100256e+26,5.0,5.0,0.5
603,12329.058837890625,1604.058837890625,-2.7272727272727276e+29,-2.2727272727272728e+29,1600.4219,544995.5,179.93294,0.039385863,2.5768015778351736,-2.5261937061249922e+26,5.0,5.0,0.5
604,14284.954833984375,2097.454833984375,-2e+29,-1.6e+29,1600.3594,458905.6,175.41539,0.040940985,1.4514057209049698,-2.2803016312684826e+26,5.0,5.0,0.5
605,37810.90087890625,14940.51513671875,5.555555555555555e+28,6.944444444444444e+28,1600.1562,14726.527,271.52805,0.07280256,16986.43377807141,-5.115084467765033e+25,5.0,5.0,0.5
606,37686.0595703125,14786.07177734375,6.944444444444444e+28,8.333333333333335e+28,1599.9688,13763.698,265.70813,0.076894976,16945.27750021048,-5.227122292048211e+25,5.0,5.0,0.5
607,37183.89587402344,13777.792358398438,2.7397260273972604e+28,4.109589041095891e+28,1599.875,11141.798,262.01132,0.08098059,16687.23918955389,-5.228258852059473e+25,5.0,5.0,0.5
608,36203.045654296875,13255.755615234375,-1.3888888888888888e+28,0.0,1599.875,10756.241,257.66412,0.07874571,16879.12313311913,-5.390307621539659e+25,5.0,5.0,0.5
609,37053.67126464844,13123.141479492188,8.10810810810811e+28,9.45945945945946e+28,1599.875,10923.846,264.73892,0.07508259,16411.68095751801,-5.104467981263449e+25,5.0,5.0,0.5
610,33395.24841308594,12875.997924804688,-1.492537313432836e+28,0.0,1599.9688,32164.1,256.41537,0.08803312,18124.45237462945,-5.820779330622918e+25,5.0,5.0,0.5
611,31444.342041015625,244.342041015625,-7.8125e+28,-4.6875000000000005e+28,1599.9688,88120.414,254.14568,0.19564934,0.0652717428482402,-1.2296097472029226e+26,5.0,5.0,0.5
612,30712.5,0.0,-9.523809523809524e+28,-6.349206349206349e+28,1599.9688,93127.39,251.66454,2.107163,0.0,-1.2614424070569304e+26,5.0,5.0,0.5
613,30225.0,0.0,-6.451612903225806e+28,-3.225806451612903e+28,1599.9688,97680.54,249.69954,17.003782,0.0,-1.2918752121638819e+26,5.0,5.0,0.5
614,27300.0,0.0,-8.928571428571428e+28,-5.357142857142858e+28,1599.9688,110468.7,255.8792,0.7140995,0.0,-1.3957479251645691e+26,5.0,5.0,0.5
615,14772.454833984375,2097.454833984375,-2.307692307692308e+29,-1.923076923076923e+29,1600.3594,459666.22,180.71729,0.050544824,3.7369300293923065,-2.128271151721004e+26,5.0,5.0,0.5
616,38297.52197265625,2710.02197265625,2.7397260273972604e+28,5.479452054794521e+28,1600.1562,14525.609,275.18988,0.075546816,1.1770884519157798,-9.955765901357776e+25,5.0,5.0,0.5
617,39756.866455078125,14803.118896484375,1.0526315789473684e+29,1.1842105263157894e+29,1599.875,14505.79,284.16788,0.07304881,15916.885872633635,-4.630324464051954e+25,5.0,5.0,0.5
618,37544.83337402344,13543.807983398438,0.0,1.3513513513513513e+28,1599.875,11078.767,265.71042,0.078173034,16316.968372801935,-5.085804907300729e+25,5.0,5.0,0.5
619,36809.735107421875,13249.822998046875,-1.3698630136986302e+28,0.0,1599.875,10591.528,260.86127,0.078964055,16476.4693482644,-5.251308593954015e+25,5.0,5.0,0.5
620,37537.68005371094,12992.086791992188,6.666666666666667e+28,8.000000000000001e+28,1599.875,10657.146,267.3563,0.07307401,16022.785848858806,-4.987102864665827e+25,5.0,5.0,0.5
621,32785.65368652344,610.6536865234375,-7.575757575757575e+28,-4.545454545454546e+28,1599.9688,65016.598,261.33817,0.110449746,0.23867761528122047,-1.1595332916718057e+26,5.0,5.0,0.5
622,31687.5,0.0,-1.2307692307692309e+29,-9.230769230769231e+28,1599.9688,90582.04,258.33813,0.5122746,0.0,-1.1910448605331106e+26,5.0,5.0,0.5
623,31200.0,0.0,-1.09375e+29,-7.8125e+28,1599.9688,95456.53,256.1585,5.402201,0.0,-1.219947766220838e+26,5.0,5.0,0.5
624,28762.5,0.0,-1.016949152542373e+29,-6.7796610169491525e+28,1599.9688,105932.87,257.68848,3.283127,0.0,-1.3154761725064585e+26,5.0,5.0,0.5
625,27300.0,0.0,-1.25e+29,-8.928571428571428e+28,1599.9688,113810.13,262.24973,1.1928824,0.0,-1.3618426355924057e+26,5.0,5.0,0.5
626,15259.954833984375,2097.454833984375,-2.5925925925925928e+29,-2.2222222222222225e+29,1600.3594,439083.62,184.95485,0.043355457,0.9913213727817592,-2.00249072617413e+26,5.0,5.0,0.5
627,38784.26818847656,2709.2681884765625,1.3513513513513513e+28,4.054054054054055e+28,1599.9688,14434.321,278.48807,0.083126746,1.1941835892983017,-9.704913843285707e+25,5.0,5.0,0.5
628,40363.85192871094,14830.136108398438,1.103896103896104e+29,1.1688311688311688e+29,1599.875,14208.404,286.0491,0.07239099,15590.26873201881,-2.2700670725151418e+25,5.0,5.0,0.5
629,38149.74670410156,13569.058227539062,0.0,1.3333333333333334e+28,1599.875,11033.747,269.5151,0.077872455,15976.907284678802,-4.947156217425916e+25,5.0,5.0,0.5
630,37415.679931640625,13273.052978515625,0.0,1.3513513513513513e+28,1599.875,10382.742,265.55115,0.07883938,16125.261121823512,-5.088855251699241e+25,5.0,5.0,0.5
631,35097.13134765625,12893.51806640625,-2.8571428571428574e+28,-1.4285714285714287e+28,1599.9688,39914.72,267.91373,0.1537831,17030.882239020255,-5.3322069219785105e+25,5.0,5.0,0.5
632,32906.842041015625,244.342041015625,-1.3432835820895521e+29,-1.0447761194029851e+29,1599.9688,88183.414,265.3428,0.18299437,0.05053536205883211,-1.1249879711722034e+26,5.0,5.0,0.5
633,32175.0,0.0,-1.3636363636363636e+29,-1.0606060606060607e+29,1599.9688,95582.31,263.2262,7.185556,0.0,-1.15121635803121e+26,5.0,5.0,0.5
634,29737.5,0.0,-1.3114754098360656e+29,-9.836065573770492e+28,1599.9688,106478.18,265.6853,3.2085798,0.0,-1.2340496410025765e+26,5.0,5.0,0.5
635,29250.0,0.0,-1.1666666666666667e+29,-8.333333333333333e+28,1599.9688,110997.39,267.377,6.542887,0.0,-1.246679092368314e+26,5.0,5.0,0.5
636,15747.360229492188,2097.3602294921875,-2.857142857142857e+29,-2.5e+29,1600.3594,431814.6,189.78984,0.04607532,1.7214724585797305,-1.8817806887287452e+26,5.0,5.0,0.5
637,39271.734619140625,2709.234619140625,0.0,2.666666666666667e+28,1599.9688,14432.097,283.16678,0.075289965,0.8709816406867635,-9.417300575249834e+25,5.0,5.0,0.5
638,40240.185546875,2702.685546875,7.792207792207793e+28,1.0389610389610389e+29,1599.875,13639.378,289.27502,0.073942065,1.4491532364653879,-8.979007443396585e+25,5.0,5.0,0.5
639,38630.77087402344,13269.918823242188,-1.3157894736842105e+28,0.0,1599.875,10980.825,273.68732,0.07901365,15380.936192221621,-4.807637740083023e+25,5.0,5.0,0.5
640,39480.078125,13118.896484375,6.41025641025641e+28,7.692307692307693e+28,1599.875,11270.958,281.63818,0.08888406,14954.06515602726,-4.552121682124546e+25,5.0,5.0,0.5
641,34484.0087890625,12510.63232421875,-7.246376811594203e+28,-5.797101449275362e+28,1599.9688,70326.2,272.74847,0.12949865,16904.771032738165,-5.313596591104657e+25,5.0,5.0,0.5
642,33150.0,0.0,-1.6176470588235293e+29,-1.3235294117647059e+29,1599.9688,90308.06,269.6134,0.4104935,0.0,-1.0908865933100472e+26,5.0,5.0,0.5
643,30712.5,0.0,-1.587301587301587e+29,-1.2698412698412699e+29,1599.9688,105715.72,270.99094,3.0521173,0.0,-1.1714794665055762e+26,5.0,5.0,0.5
644,29737.5,0.0,-1.639344262295082e+29,-1.3114754098360656e+29,1599.9688,111129.45,274.62283,0.70935255,0.0,-1.1938878081496325e+26,5.0,5.0,0.5
645,16846.011352539062,2344.56787109375,-3e+29,-2.6666666666666667e+29,1600.3906,434310.25,194.89688,3.2463036,8436.245880540975,-1.7103061446955112e+26,5.0,5.0,0.5
646,39759.234619140625,2709.234619140625,-1.3157894736842105e+28,1.3157894736842105e+28,1599.9688,14466.925,287.9868,0.07550981,0.8860546233513812,-9.137846166267226e+25,5.0,5.0,0.5
647,40726.82800292969,2701.8280029296875,6.41025641025641e+28,8.974358974358974e+28,1599.875,13485.662,292.8027,0.1424977,0.7043260910529577,-8.757100021013245e+25,5.0,5.0,0.5
648,39230.64880371094,13181.185913085938,-1.2987012987012986e+28,0.0,1599.875,10770.847,276.75104,0.079912245,14920.203374460541,-4.692670025647257e+25,5.0,5.0,0.5
649,39957.684326171875,12928.033447265625,6.3291139240506325e+28,7.59493670886076e+28,1599.875,10873.997,283.2648,0.07402106,14535.734070133725,-4.46869070999282e+25,5.0,5.0,0.5
650,34600.93078613281,11970.681762695312,-1.142857142857143e+29,-1.0000000000000001e+29,1599.9688,88546.77,276.49182,0.19541132,16421.16289475322,-5.1667764417447535e+25,5.0,5.0,0.5
651,33637.5,0.0,-1.739130434782609e+29,-1.4492753623188405e+29,1599.9688,95610.53,274.3596,6.8661785,0.0,-1.0564787398847262e+26,5.0,5.0,0.5
652,31200.0,0.0,-1.71875e+29,-1.40625e+29,1599.9688,109289.32,280.24243,5.998198,0.0,-1.1151059394201278e+26,5.0,5.0,0.5
653,16722.329711914062,2097.3297119140625,-3.333333333333333e+29,-3e+29,1600.4062,428516.0,199.63632,0.05109657,0.8822847621607255,-1.6697028374298578e+26,5.0,5.0,0.5
654,40246.45690917969,2708.9569091796875,-2.5974025974025973e+28,0.0,1599.9688,14463.468,292.77246,0.07694552,0.7511162096248938,-8.871744934907254e+25,5.0,5.0,0.5
655,41214.32800292969,2701.8280029296875,5.063291139240506e+28,7.59493670886076e+28,1599.875,13356.04,296.52112,0.076785326,1.259212466474022,-8.537825519123792e+25,5.0,5.0,0.5
656,39824.212646484375,12811.480712890625,0.0,1.282051282051282e+28,1599.875,10588.254,281.51877,0.079862535,14119.008524364846,-4.5540526116434094e+25,5.0,5.0,0.5
657,38480.36193847656,12442.630004882812,0.0,1.3157894736842105e+28,1599.9375,30386.941,283.45114,3.2425292,14490.288176461203,-4.642032723463429e+25,5.0,5.0,0.5
658,34837.860107421875,11266.619873046875,-1.5492957746478875e+29,-1.4084507042253521e+29,1599.9688,92964.1,280.96014,1.3600063,15551.143196443116,-5.012991109550228e+25,5.0,5.0,0.5
659,32175.0,0.0,-1.9696969696969697e+29,-1.6666666666666666e+29,1599.9688,105752.57,282.29385,2.9098518,0.0,-1.0734569633534578e+26,5.0,5.0,0.5
660,31200.0,0.0,-2.03125e+29,-1.71875e+29,1599.9688,111348.55,286.6196,0.67131656,0.0,-1.0902952964724793e+26,5.0,5.0,0.5
661,17820.88623046875,2344.4427490234375,-3.4375e+29,-3.125e+29,1600.4375,419056.44,204.33076,1.5513897,3954.6220029110814,-1.5293830097047878e+26,5.0,5.0,0.5
662,40732.623291015625,2707.623291015625,-3.8461538461538466e+28,-1.282051282051282e+28,1599.9688,14442.019,297.46408,0.078052945,0.762145856822943,-8.619872883864678e+25,5.0,5.0,0.5
663,41329.443359375,2329.443359375,0.0,2.5000000000000002e+28,1599.875,12913.813,299.03894,0.07608483,1.0290820637763036,-8.360115229166352e+25,5.0,5.0,0.5
664,41870.90759277344,12577.670288085938,7.3170731707317084e+28,8.53658536585366e+28,1599.875,11307.207,296.42905,0.07634159,13029.884345439861,-4.114010448647428e+25,5.0,5.0,0.5
665,36876.47399902344,11987.216186523438,-6.849315068493151e+28,-5.479452054794521e+28,1599.9688,74675.56,288.19626,0.14472461,14656.020602551838,-4.753229693594741e+25,5.0,5.0,0.5
666,34342.61474609375,10937.82958984375,-1.7142857142857144e+29,-1.5714285714285716e+29,1599.9688,100545.18,287.04608,8.175423,15314.649335897986,-4.97680170686316e+25,5.0,5.0,0.5
667,32175.0,0.0,-2.2727272727272728e+29,-1.9696969696969697e+29,1599.9688,108256.42,290.3377,0.39660335,0.0,-1.0437166622937463e+26,5.0,5.0,0.5
668,18919.219970703125,2344.219970703125,-3.529411764705883e+29,-3.235294117647059e+29,1600.4531,414530.88,209.20355,0.9989604,1244.8288347099283,-1.4058922226752769e+26,5.0,5.0,0.5
669,41339.9658203125,2827.4658203125,-3.79746835443038e+28,-1.2658227848101266e+28,1599.9688,14395.772,302.25473,0.083616756,1.0699524036962829,-8.3758674934184e+25,5.0,5.0,0.5
670,41568.67980957031,2081.1798095703125,-3.703703703703704e+28,-1.2345679012345678e+28,1599.875,11637.196,298.22812,0.08127275,1.4815383611867332,-8.279352770642592e+25,5.0,5.0,0.5
671,42331.768798828125,11839.666748046875,6.024096385542169e+28,7.228915662650603e+28,1599.875,10888.373,298.43533,0.0772429,12018.039198116641,-4.037120082196397e+25,5.0,5.0,0.5
672,36856.67419433594,10801.815795898438,-1.2162162162162162e+29,-1.081081081081081e+29,1599.9688,88727.92,292.25818,0.1948853,13541.34820615846,-4.623827320459444e+25,5.0,5.0,0.5
673,34820.00732421875,10238.02490234375,-1.5492957746478875e+29,-1.4084507042253521e+29,1599.9688,106419.87,295.04617,14.254857,14127.587696094233,-4.773661998213748e+25,5.0,5.0,0.5
674,19406.719970703125,2344.219970703125,-3.7142857142857146e+29,-3.428571428571429e+29,1600.4219,406713.0,213.92801,0.22386526,219.93208144904847,-1.3355627764943154e+26,5.0,5.0,0.5
675,41827.23083496094,2827.2308349609375,-5.0000000000000005e+28,-2.5000000000000002e+28,1599.9688,14277.682,306.6644,0.0812352,1.5053878661340492,-8.15223421671429e+25,5.0,5.0,0.5
676,41796.588134765625,1821.588134765625,-7.3170731707317084e+28,-4.878048780487805e+28,1599.875,11454.78,301.3323,0.08265536,1.9429387243956802,-8.094135087483515e+25,5.0,5.0,0.5
677,39864.82238769531,11435.464477539062,-2.564102564102564e+28,-1.282051282051282e+28,1599.9688,37770.105,299.51004,0.12133072,12303.316735656528,-4.280495174181915e+25,5.0,5.0,0.5
678,37198.50769042969,10262.167358398438,-1.4666666666666668e+29,-1.3333333333333333e+29,1599.9688,93815.65,296.81647,1.8373234,12835.276965447603,-4.492113748029959e+25,5.0,5.0,0.5
679,34428.851318359375,9938.250732421875,-1.8571428571428573e+29,-1.7142857142857144e+29,1599.9688,106966.32,300.4418,5.3387303,13763.57385807066,-4.754902328533772e+25,5.0,5.0,0.5
680,19894.0673828125,2344.0673828125,-3.888888888888889e+29,-3.611111111111111e+29,1600.4062,397263.97,218.56885,0.07944348,29.252770537047905,-1.270893728710359e+26,5.0,5.0,0.5
681,42802.05993652344,2827.0599365234375,-4.878048780487805e+28,-2.4390243902439027e+28,1599.9688,14141.861,310.93448,0.08086115,0.6630641852549752,-7.844174759816016e+25,5.0,5.0,0.5
682,42487.75939941406,11483.267211914062,-4.819277108433735e+28,-3.6144578313253015e+28,1599.875,11362.137,305.00143,0.08292556,11396.245950761662,-3.950208561380033e+25,5.0,5.0,0.5
683,39701.40075683594,11177.133178710938,-5.128205128205128e+28,-3.8461538461538466e+28,1599.9688,74841.89,303.94583,2.8139076,12186.054208520407,-4.218025549397375e+25,5.0,5.0,0.5
684,36680.78308105469,10131.539916992188,-1.7567567567567567e+29,-1.621621621621622e+29,1599.9688,99453.125,302.6247,7.5214977,12872.98027488279,-4.465436477800623e+25,5.0,5.0,0.5
686,20381.671142578125,2344.171142578125,-4.054054054054054e+29,-3.783783783783784e+29,1600.4219,399717.06,223.65851,0.09550028,45.112792006185394,-1.2084059413773953e+26,5.0,5.0,0.5
687,43289.55993652344,2827.0599365234375,-6.024096385542169e+28,-3.6144578313253015e+28,1599.9688,14148.3,315.91086,0.08187125,0.8024443166637797,-7.627590163551624e+25,5.0,5.0,0.5
688,42943.4814453125,11306.2255859375,-5.952380952380952e+28,-4.761904761904762e+28,1599.875,11345.215,309.62543,0.08410208,11087.489850481339,-3.844891555143456e+25,5.0,5.0,0.5
689,39309.20715332031,10617.398071289062,-1.1538461538461539e+29,-1.0256410256410256e+29,1599.9688,88469.66,308.3408,0.17237237,11966.172582494832,-4.157903606927835e+25,5.0,5.0,0.5
690,37261.77673339844,10048.641967773438,-1.4666666666666668e+29,-1.3333333333333333e+29,1599.9688,102765.88,308.72046,8.579055,12466.233264653718,-4.318901758956045e+25,5.0,5.0,0.5
691,20869.219970703125,2344.219970703125,-4.2105263157894735e+29,-3.947368421052632e+29,1600.4531,411584.16,229.09764,0.5022152,579.8501102335706,-1.1486713420455407e+26,5.0,5.0,0.5
692,43777.05993652344,2827.0599365234375,-7.1428571428571435e+28,-4.761904761904762e+28,1599.9688,14276.776,321.00427,0.08312126,0.6795108257782667,-7.417198415146066e+25,5.0,5.0,0.5
693,43523.71826171875,11359.89990234375,-5.882352941176471e+28,-4.705882352941177e+28,1599.875,11375.466,314.55957,0.08442857,10914.129113353833,-3.7400565720080496e+25,5.0,5.0,0.5
694,39763.9404296875,10534.27734375,-1.139240506329114e+29,-1.0126582278481013e+29,1599.9688,89055.95,313.01837,0.20491603,11752.791891444325,-4.043924893010309e+25,5.0,5.0,0.5
695,37244.25048828125,9970.3857421875,-1.7333333333333332e+29,-1.6000000000000003e+29,1599.9688,105607.36,313.9701,2.5516262,12385.505279368937,-4.246688980964406e+25,5.0,5.0,0.5
696,20745.88623046875,2344.4427490234375,-4.473684210526316e+29,-4.2105263157894735e+29,1600.5469,424083.38,234.52184,2.5942018,6659.680325287455,-1.1221040222960385e+26,5.0,5.0,0.5
697,43777.23083496094,2827.2308349609375,-9.523809523809524e+28,-7.1428571428571435e+28,1599.9688,14422.182,326.7282,0.08485019,1.4375323441041423,-7.287256823274636e+25,5.0,5.0,0.5
698,44210.18371582031,11499.966430664062,-4.651162790697675e+28,-3.4883720930232563e+28,1599.875,11388.314,319.4431,0.08621077,10715.811886122376,-3.6400555911849296e+25,5.0,5.0,0.5
699,40104.48303222656,10309.500122070312,-1.375e+29,-1.25e+29,1599.9688,90613.06,317.61685,0.3561061,11506.81699304778,-3.9355594417923925e+25,5.0,5.0,0.5
700,37335.18371582031,9960.610961914062,-1.866666666666667e+29,-1.7333333333333332e+29,1599.9688,105897.37,319.42004,2.5728455,12251.128174698266,-4.174231888721469e+25,5.0,5.0,0.5
702,20622.454833984375,2097.454833984375,-4.736842105263158e+29,-4.473684210526316e+29,1600.5938,458312.34,240.33046,0.0717489,0.7409473723343961,-1.094983528848609e+26,5.0,5.0,0.5
703,44145.123291015625,2707.623291015625,-1.1764705882352942e+29,-9.411764705882354e+28,1599.9688,14668.154,332.5728,0.08521286,0.7485496728786586,-7.07496545346058e+25,5.0,5.0,0.5
704,44787.957763671875,11544.464111328125,-4.597701149425287e+28,-3.448275862068966e+28,1599.875,11329.834,323.64575,0.08777248,10540.57196805726,-3.551491964346244e+25,5.0,5.0,0.5
705,40560.38513183594,10226.937866210938,-1.4814814814814816e+29,-1.3580246913580248e+29,1599.9688,95059.09,322.57196,3.1340764,11301.94175204003,-3.827263533740779e+25,5.0,5.0,0.5
706,37913.995361328125,9995.159912109375,-1.7105263157894738e+29,-1.5789473684210527e+29,1599.9688,107031.24,326.25177,4.915894,12015.085136087338,-4.033049303013559e+25,5.0,5.0,0.5
707,21110.07080078125,2097.57080078125,-4.871794871794872e+29,-4.6153846153846155e+29,1600.5938,461301.1,245.67264,0.077737555,1.0489135254306339,-1.0437070182534932e+26,5.0,5.0,0.5
708,44633.95690917969,2708.9569091796875,-1.2790697674418606e+29,-1.0465116279069767e+29,1599.9688,14756.809,337.87445,0.086692594,0.6457201825755372,-6.882974994539185e+25,5.0,5.0,0.5
709,45374.07531738281,2474.0753173828125,-5.681818181818182e+28,-3.4090909090909096e+28,1599.875,11165.917,327.0755,0.09082968,1.1084480644533297,-6.948631949914885e+25,5.0,5.0,0.5
710,41137.255859375,10143.88427734375,-1.4634146341463417e+29,-1.3414634146341464e+29,1599.9688,95992.72,327.26706,5.6968126,10953.887796470926,-3.7263517985368693e+25,5.0,5.0,0.5
711,21597.57080078125,2097.57080078125,-5e+29,-4.75e+29,1600.5938,463678.72,250.89273,0.07849417,1.0084680586975598,-9.964417832658839e+25,5.0,5.0,0.5
712,45121.45690917969,2708.9569091796875,-1.3793103448275864e+29,-1.1494252873563217e+29,1599.9688,14819.796,343.05658,0.08735462,2.890883070018526,-6.701082886855391e+25,5.0,5.0,0.5
713,45953.85437011719,2566.3543701171875,-4.49438202247191e+28,-2.247191011235955e+28,1599.875,10948.556,332.19772,0.09153625,40.50789131965735,-6.764618939325897e+25,5.0,5.0,0.5
714,41713.446044921875,10119.964599609375,-1.3253012048192772e+29,-1.2048192771084337e+29,1599.9688,96486.67,332.29422,5.915594,10686.401744988294,-3.625760560068299e+25,5.0,5.0,0.5
715,22085.07080078125,2097.57080078125,-5.121951219512196e+29,-4.8780487804878045e+29,1600.5938,467470.88,256.21664,0.08373591,1.496682154190996,-9.519383087036332e+25,5.0,5.0,0.5
716,46097.52197265625,2710.02197265625,-1.5730337078651686e+29,-1.3483146067415731e+29,1600.1562,15086.39,350.12842,0.09099692,0.7240004449409003,-6.418190857722732e+25,5.0,5.0,0.5
717,46526.86462402344,11241.036987304688,-3.333333333333334e+28,-2.2222222222222224e+28,1599.875,10906.077,336.65912,0.09406145,9544.832541810023,-3.300404027548464e+25,5.0,5.0,0.5
718,42287.3291015625,9975.634765625,-1.3095238095238096e+29,-1.1904761904761905e+29,1599.9688,96712.57,337.33597,10.428148,10285.09560356733,-3.529052052979293e+25,5.0,5.0,0.5
719,22572.57080078125,2097.57080078125,-5.238095238095238e+29,-5.000000000000001e+29,1600.5938,472293.78,261.7109,0.09035941,3.927821769672641,-9.097642923656577e+25,5.0,5.0,0.5
720,47685.68420410156,2835.6842041015625,-1.467391304347826e+29,-1.3043478260869568e+29,1600.1562,24510.775,371.2636,0.084258035,0.49505510724039664,-4.3915825171242875e+25,5.0,5.0,0.5
721,48558.1298828125,11201.7578125,1.0638297872340425e+28,2.127659574468085e+28,1599.875,12297.444,355.9336,0.0927438,9010.107907553924,-2.9888434413449983e+25,5.0,5.0,0.5
722,42858.97216796875,9930.6884765625,-1.2941176470588235e+29,-1.1764705882352942e+29,1599.9688,96876.11,342.4962,10.517607,10013.687088802366,-3.434988880811635e+25,5.0,5.0,0.5
723,23060.07080078125,2097.57080078125,-5.3488372093023256e+29,-5.1162790697674424e+29,1600.5938,476561.88,266.71704,0.0971837,4.240343188764571,-8.719283126767265e+25,5.0,5.0,0.5
724,48173.36120605469,2835.8612060546875,-1.5591397849462366e+29,-1.3978494623655914e+29,1600.1562,24647.553,376.62967,0.08610187,1.2594544186752783,-4.282464600512198e+25,5.0,5.0,0.5
725,49127.20642089844,10972.360229492188,1.0526315789473684e+28,2.105263157894737e+28,1599.875,12385.834,361.4989,0.094764225,8588.052833598436,-2.9118527745625773e+25,5.0,5.0,0.5
726,43429.5166015625,9714.05029296875,-1.2790697674418606e+29,-1.1627906976744185e+29,1599.9688,96832.12,347.37827,10.396885,9549.34071109036,-3.3473329035124233e+25,5.0,5.0,0.5
727,23547.57080078125,2097.57080078125,-5.454545454545455e+29,-5.227272727272727e+29,1600.5938,471435.2,271.49057,0.09975111,2.3886853520027946,-8.371293603881072e+25,5.0,5.0,0.5
728,48660.68420410156,2835.6842041015625,-1.648936170212766e+29,-1.4893617021276597e+29,1600.1562,24428.078,381.1718,0.099916145,1.3625729203563741,-4.186418361453772e+25,5.0,5.0,0.5
729,48139.80712890625,10777.77099609375,-4.301075268817205e+28,-3.2258064516129036e+28,1599.875,11050.536,352.3496,0.101410516,8577.185609145496,-3.051709973828607e+25,5.0,5.0,0.5
730,43997.381591796875,9621.380615234375,-1.264367816091954e+29,-1.1494252873563217e+29,1599.9688,96538.01,352.29153,4.0422463,9238.38403807377,-3.262710496964411e+25,5.0,5.0,0.5
731,24108.02001953125,9465.44189453125,-5.111111111111111e+29,-5.111111111111111e+29,1600.5938,470476.06,276.36676,0.12309594,16213.056751931257,0.0,5.0,5.0,0.5
732,49222.43957519531,10317.776489257812,-1.5263157894736843e+29,-1.4736842105263158e+29,1600.1562,24680.992,386.60526,0.10100113,7798.73005061249,-1.361377742526685e+25,5.0,5.0,0.5
733,48607.60803222656,10415.359497070312,-6.382978723404256e+28,-5.319148936170213e+28,1599.875,11331.28,357.44748,0.113956064,8123.95058853889,-2.976184891475511e+25,5.0,5.0,0.5
734,44561.834716796875,9357.147216796875,-1.3636363636363638e+29,-1.25e+29,1599.9688,96225.81,357.1929,5.449976,8746.005686541837,-3.1813723935649425e+25,5.0,5.0,0.5
735,24668.243408203125,9515.582275390625,-5e+29,-5e+29,1600.5938,470253.0,281.33472,0.1430616,15812.264038015766,0.0,5.0,5.0,0.5
736,31629.65087890625,10822.833251953125,-4.3965517241379306e+29,-4.4827586206896554e+29,1600.5938,108705.06,271.00873,0.53578746,12667.875725484131,3.1809638449366424e+25,5.0,5.0,0.5
737,49065.73181152344,10247.128295898438,-7.368421052631579e+28,-6.315789473684211e+28,1599.875,11604.777,364.80356,0.120644405,7889.825591632225,-2.8854750861245136e+25,5.0,5.0,0.5
738,45125.25634765625,9285.36376953125,-1.3483146067415731e+29,-1.2359550561797753e+29,1599.9688,95743.13,362.28555,3.7540822,8482.023450010824,-3.1014085336287477e+25,5.0,5.0,0.5
739,25227.6611328125,9506.93359375,-4.8936170212765954e+29,-4.8936170212765954e+29,1600.5938,468421.38,286.19296,0.16998221,15304.710149113906,0.0,5.0,5.0,0.5
740,29504.519653320312,10501.522827148438,-4.166666666666667e+29,-4.2592592592592594e+29,1600.5938,251715.88,277.53485,0.15563525,13337.018236413218,3.3362510053856686e+25,5.0,5.0,0.5
741,49640.582275390625,10073.858642578125,-7.291666666666667e+28,-6.250000000000001e+28,1599.875,11721.281,370.8915,0.1338662,7536.319494802275,-2.8085481564116664e+25,5.0,5.0,0.5
742,45685.42785644531,9077.578735351562,-1.3333333333333335e+29,-1.2222222222222222e+29,1599.9688,95230.35,367.55685,2.8826067,8076.421522769595,-3.022963925905396e+25,5.0,5.0,0.5
743,25715.1611328125,2315.1611328125,-5.2083333333333334e+29,-5.000000000000001e+29,1600.5938,461947.6,290.7075,0.1656473,1.8836875415315817,-7.166424712351828e+25,5.0,5.0,0.5
744,30062.374877929688,10407.693481445312,-4.090909090909091e+29,-4.181818181818182e+29,1600.5938,294714.16,282.98215,0.23894046,12821.715581971306,3.2125380276885077e+25,5.0,5.0,0.5
745,50941.70837402344,10323.794555664062,-7.1428571428571435e+28,-6.122448979591838e+28,1599.875,12901.052,382.84717,0.13041487,7224.054433526724,-2.6653146441678706e+25,5.0,5.0,0.5
746,46367.16613769531,9114.651489257812,-1.2087912087912088e+29,-1.098901098901099e+29,1599.9688,93711.61,372.55084,1.2252951,7814.761360389351,-2.949667465950817e+25,5.0,5.0,0.5
747,25603.900146484375,9070.050048828125,-5.000000000000001e+29,-5.000000000000001e+29,1600.5938,490029.66,299.47964,0.24865432,14317.9062869662,0.0,5.0,5.0,0.5
748,27978.77197265625,9324.93896484375,-4.807692307692308e+29,-4.807692307692308e+29,1600.5938,406231.34,294.84705,0.2636708,13000.253209504268,0.0,5.0,5.0,0.5
749,30616.534423828125,10063.58642578125,-4.0178571428571436e+29,-4.107142857142857e+29,1600.5938,303440.62,288.62552,0.6526211,11974.485246640825,3.093479559856437e+25,5.0,5.0,0.5
750,51935.65673828125,9976.59912109375,-1e+29,-9e+28,1599.875,14933.375,397.08182,0.13914223,6718.00126387179,-2.518372676886129e+25,5.0,5.0,0.5
751,46922.174072265625,8822.967529296875,-1.1956521739130435e+29,-1.0869565217391304e+29,1599.9688,90483.73,377.7991,0.35071638,7339.649258428405,-2.8770754449432137e+25,5.0,5.0,0.5
753,27313.284301757812,2450.7843017578125,-5.0980392156862746e+29,-4.9019607843137256e+29,1600.5938,483316.5,303.7103,0.4904786,150.69592365101173,-6.456100881257572e+25,5.0,5.0,0.5
754,30555.752563476562,9786.788940429688,-4.0178571428571436e+29,-4.107142857142857e+29,1600.5938,312436.62,293.55322,1.4214838,11979.812399593446,3.0415511530686473e+25,5.0,5.0,0.5
755,50417.7490234375,9551.458740234375,-1.5463917525773196e+29,-1.443298969072165e+29,1599.9688,14884.464,393.07156,0.14757547,6548.233798924506,-2.622748451434841e+25,5.0,5.0,0.5
756,49215.79284667969,9365.133666992188,-6.315789473684211e+28,-5.263157894736842e+28,1599.9688,68763.61,384.8693,2.3740396,6723.459337347931,-2.7350365371058726e+25,5.0,5.0,0.5
757,46305.54504394531,1943.0450439453125,-1.4285714285714285e+29,-1.2087912087912088e+29,1599.9688,102815.94,385.7993,6.6278143,1.8740890305829925,-5.696750300456506e+25,5.0,5.0,0.5
758,45706.68640136719,1831.6864013671875,-1.888888888888889e+29,-1.6666666666666666e+29,1599.9688,106134.33,391.05756,2.2294192,2.602955503304436,-5.682596301390772e+25,5.0,5.0,0.5
760,26578.900146484375,2203.900146484375,-5.4e+29,-5.2e+29,1600.5938,497578.9,310.34402,0.9614366,147.62674862222036,-6.444461117634522e+25,5.0,5.0,0.5
761,29644.976806640625,9027.23388671875,-4.5454545454545456e+29,-4.5454545454545456e+29,1600.5938,396067.94,306.9527,0.19174352,11167.635242010918,0.0,5.0,5.0,0.5
762,29883.31298828125,9164.56298828125,-4.181818181818182e+29,-4.181818181818182e+29,1600.5938,329038.47,299.04602,0.18191715,11081.742256095004,0.0,5.0,5.0,0.5
763,52066.9189453125,9524.826049804688,-1.45e+29,-1.4000000000000002e+29,1600.1562,16144.84,403.73676,0.15361685,6156.0296406701755,-1.2384307184031937e+25,5.0,5.0,0.5
764,52040.18249511719,9543.228149414062,-4e+28,-3.0000000000000005e+28,1599.875,11143.524,387.8383,0.151445,6184.554404948218,-2.5783942241073703e+25,5.0,5.0,0.5
765,47888.983154296875,2063.983154296875,-1.4893617021276597e+29,-1.2765957446808512e+29,1599.9688,94865.82,388.9994,2.2891898,2.163074381538269,-5.469570469997346e+25,5.0,5.0,0.5
766,47768.04504394531,1943.0450439453125,-1.5957446808510637e+29,-1.3829787234042554e+29,1599.9688,100639.04,392.39813,7.547313,2.08371124090323,-5.42219597699335e+25,5.0,5.0,0.5
769,28405.8349609375,8251.312255859375,-4.716981132075472e+29,-4.716981132075472e+29,1600.5938,488288.75,315.97006,5.0408936,13001.243721069277,0.0,5.0,5.0,0.5
770,30427.059936523438,8747.177124023438,-4.107142857142857e+29,-4.107142857142857e+29,1600.5938,358254.25,307.01794,0.20920217,10040.984978106653,0.0,5.0,5.0,0.5
771,53098.27575683594,9092.587280273438,-1.4215686274509804e+29,-1.3725490196078433e+29,1600.1562,24638.816,421.8737,0.14739223,5546.578046778795,-1.161949874268211e+25,5.0,5.0,0.5
772,52490.42053222656,9010.433959960938,-5.940594059405942e+28,-4.95049504950495e+28,1599.875,11610.211,394.96048,0.1589978,5639.738966236202,-2.5068305835610995e+25,5.0,5.0,0.5
773,49698.876953125,2975.830078125,-1.0416666666666666e+29,-8.333333333333333e+28,1599.9688,73205.0,395.70737,0.20753747,3.593789889892562,-5.264833327279288e+25,5.0,5.0,0.5
774,48260.14099121094,1947.6409912109375,-1.5789473684210526e+29,-1.368421052631579e+29,1599.9688,97037.78,395.70456,5.446458,2.627724236581165,-5.3202903739084975e+25,5.0,5.0,0.5
777,2003.3721923828125,5443.963623046875,-5e+29,-7.500000000000001e+29,1601.125,196.47415,13.609396,0.107524194,133431.80796579743,1.8369661691970412e+28,5.0,5.0,0.5
778,1515.83251953125,5386.58447265625,-6.666666666666666e+29,-6.666666666666666e+29,1601.1875,152.61188,17.689041,0.19458212,177775.0651046886,0.0,5.0,5.0,0.5
779,30961.474609375,8607.119750976562,-4.210526315789474e+29,-4.0350877192982454e+29,1600.5938,379260.5,320.62122,0.25157484,9576.547885755084,-5.471833672714621e+25,5.0,5.0,0.5
780,53682.635498046875,9025.833129882812,-6.796116504854369e+28,-5.825242718446602e+28,1599.875,12420.209,406.33014,0.15641159,5258.621486316761,-2.389371825615658e+25,5.0,5.0,0.5
781,54658.48083496094,3543.65234375,9.523809523809524e+27,2.8571428571428574e+28,1599.875,11713.361,407.83197,0.15709917,2.6117613031109244,-4.67045755083518e+25,5.0,5.0,0.5
782,48748.590087890625,1948.590087890625,-1.7708333333333336e+29,-1.5625e+29,1599.9688,96234.05,400.22137,5.046812,1.5971202337216102,-5.205452447098962e+25,5.0,5.0,0.5
783,1950.0,0.0,-1e+30,-1e+30,1601.0156,1250.1816,12.93478,0.05696106,0.0,0.0,5.0,5.0,0.5
784,1462.5,0.0,-1.0000000000000002e+30,-1.0000000000000002e+30,1601.0312,1677.5242,14.270731,0.07482165,0.0,0.0,5.0,5.0,0.5
785,1028.765869140625,107.53173828125,-5e+29,-5e+29,1601.0565,102.61816,26.428797,0.50696766,18.01334599924564,0.0,5.0,5.0,0.5
786,52708.87145996094,8654.046630859375,-1.3861386138613862e+29,-1.2871287128712872e+29,1599.9688,14603.418,412.70035,0.1853471,5006.71403569424,-2.3990748128469247e+25,5.0,5.0,0.5
787,55057.33642578125,3453.436279296875,-2.8301886792452835e+28,-9.433962264150943e+27,1599.875,12507.731,417.93683,0.16101372,2.304652873703669,-4.514539814762404e+25,5.0,5.0,0.5
788,49236.090087890625,1948.590087890625,-1.8556701030927834e+29,-1.6494845360824743e+29,1599.9688,96141.79,405.2156,3.681576,1.6031642977670086,-5.088292839824515e+25,5.0,5.0,0.5
791,1516.265869140625,107.53173828125,-6.666666666666666e+29,-6.666666666666666e+29,1600.8146,132.61655,29.048641,0.36896715,7.844823752657528,0.0,5.0,5.0,0.5
792,55203.2470703125,8637.34130859375,-1.4622641509433963e+29,-1.4150943396226415e+29,1600.1562,24417.174,436.70087,0.1587578,4710.904348004571,-1.0801400894228912e+25,5.0,5.0,0.5
793,53990.18249511719,3361.2823486328125,-8.653846153846155e+28,-6.730769230769231e+28,1599.875,11138.899,408.5525,0.16750762,2.3876218405411413,-4.707049813779642e+25,5.0,5.0,0.5
794,50215.9912109375,1922.4822998046875,-1.5656565656565657e+29,-1.4141414141414142e+29,1598.8733,96876.28,409.35013,5.06688,3.9452470540352387,-3.7013583503951303e+25,5.0,5.0,0.5
797,1516.265869140625,107.53173828125,-6.666666666666666e+29,-6.666666666666666e+29,1600.4976,168.45412,35.338276,0.3325862,8.94522263474508,0.0,5.0,5.0,0.5
798,34411.85607910156,8799.655151367188,-3.571428571428572e+29,-3.650793650793651e+29,1600.2881,246443.3,324.45758,0.22023793,7737.378279418266,2.446084915831861e+25,5.0,5.0,0.5
799,54534.7900390625,3484.234619140625,-9.047619047619047e+28,-7.6190476190476194e+28,1599.7699,11298.945,413.34256,0.17658484,7.6294198667529685,-3.4561440496538863e+25,5.0,5.0,0.5
800,50143.182373046875,1907.5042724609375,-1.4646464646464647e+29,-1.3131313131313131e+29,1598.3131,97494.74,415.41177,5.2747493,4.685569781716943,-3.647348513315569e+25,5.0,5.0,0.5
802,2591.1102294921875,243.841552734375,-4.0000000000000004e+29,-4.0000000000000004e+29,1599.5417,283.68762,40.00192,0.37879345,11.696565688381572,0.0,5.0,5.0,0.5
803,36028.790283203125,8722.940063476562,-3.40909090909091e+29,-3.484848484848485e+29,1599.3286,304739.3,330.3044,0.7092096,7437.246018486003,2.293568381535978e+25,5.0,5.0,0.5
804,55022.119140625,3330.6060791015625,-6.1320754716981135e+28,-4.7169811320754715e+28,1598.5769,11139.909,418.3686,0.16963336,6.713620456748617,-3.3824105561950545e+25,5.0,5.0,0.5
805,51198.33068847656,1919.5281982421875,-1.419141914191419e+29,-1.2871287128712872e+29,1598.0587,99092.12,422.24457,2.1799388,4.053242633605186,-3.1264629876880725e+25,5.0,5.0,0.5
807,56067.89245605469,3296.6796875,-6.249999999999999e+28,-5.092592592592593e+28,1597.8784,11219.62,423.69537,0.17417271,2.59017400785739,-2.731697062798751e+25,5.0,5.0,0.5
808,52175.79345703125,1932.0281982421875,-1.3915857605177993e+29,-1.262135922330097e+29,1597.8679,99350.91,428.0718,2.1469219,3.9638478042631116,-3.0240215732598988e+25,5.0,5.0,0.5
809,57523.638916015625,3621.856689453125,-1.2272727272727272e+29,-1.1818181818181818e+29,1597.8593,26026.295,461.55176,0.16563345,2.2004740416446267,-9.848201135659147e+24,5.0,5.0,0.5
810,57396.7529296875,3309.124755859375,9.009009009009007e+27,2.102102102102102e+28,1596.8771,11575.147,436.5622,0.16045247,10.507443772820567,-2.7515007379071462e+25,5.0,5.0,0.5
811,53079.937744140625,1904.3365478515625,-1.2380952380952381e+29,-1.111111111111111e+29,1597.5768,100903.39,436.26306,9.229093,4.370764838509944,-2.9107237853394354e+25,5.0,5.0,0.5
812,4677.9083251953125,137.5,-2.222222222222222e+29,-3.333333333333334e+29,1599.011,2919.9302,51.218338,0.44836628,4.314881937652255,2.1693619008795335e+27,5.0,5.0,0.5
813,57397.4609375,3480.7708740234375,-1.3181818181818183e+29,-1.2727272727272729e+29,1597.4108,24812.453,463.31488,0.16298886,3.7034546761239344,-9.810724278516243e+24,5.0,5.0,0.5
814,54072.5830078125,7586.236572265625,-7.380952380952381e+28,-6.666666666666667e+28,1596.4656,73319.73,436.42752,0.21406358,4305.558791255315,-1.636665151306267e+25,5.0,5.0,0.5
815,53983.251953125,1873.9715576171875,-1.3084112149532711e+29,-1.1838006230529595e+29,1597.6523,101503.95,442.76422,5.569784,10.042580516658465,-2.8143780806182756e+25,5.0,5.0,0.5
816,5210.8123779296875,253.25927734375,-2.0000000000000002e+29,-2.5e+29,1598.316,910.32007,56.397366,0.39075768,16.4274207562407,8.865662339826804e+26,5.0,5.0,0.5
817,57889.03503417969,3534.307861328125,-7.207207207207208e+28,-6.306306306306307e+28,1596.278,13633.007,451.4118,0.16799185,5.62264099642589,-1.9957406796196937e+25,5.0,5.0,0.5
818,54335.90087890625,4785.028076171875,-1.0280373831775702e+29,-9.345794392523364e+28,1595.8602,91717.57,441.14984,0.47716317,2350.1091915912557,-2.1185079348097944e+25,5.0,5.0,0.5
819,52895.90148925781,6401.080322265625,-1.1904761904761905e+29,-1.0952380952380953e+29,1597.5782,102378.69,449.72446,0.7980327,4262.784342702858,-2.1176988220406927e+25,5.0,5.0,0.5
820,6279.40673828125,289.892578125,-1.6666666666666666e+29,-2.083333333333333e+29,1598.1671,1548.1403,59.976227,0.39810285,6.7220719835877185,6.94719706209549e+26,5.0,5.0,0.5
821,57791.4794921875,3454.0863037109375,-9.009009009009009e+28,-8.108108108108108e+28,1596.1902,14106.255,459.0171,0.16607285,3.411465533120454,-1.962673984987288e+25,5.0,5.0,0.5
822,54410.24475097656,2312.53662109375,-1.0280373831775702e+29,-9.345794392523364e+28,1595.6763,93254.836,446.40457,0.8916249,3.948695865423871,-2.093570493784301e+25,5.0,5.0,0.5
823,53791.87316894531,1943.7744140625,-1.2616822429906541e+29,-1.121495327102804e+29,1597.6884,103102.62,455.611,1.3423395,2.3355454894061527,-3.0768993333470478e+25,5.0,5.0,0.5
824,4230.316162109375,252.392578125,-4.1666666666666665e+28,-6.25e+28,1598.544,8374.963,50.3093,0.46576852,43.52378223941749,4.141050174267089e+26,5.0,5.0,0.5
825,58041.9921875,3676.751708984375,-1.2162162162162162e+29,-1.1711711711711711e+29,1596.5974,25057.06,478.87845,0.15939307,2.0928765009225505,-9.406362969021996e+24,5.0,5.0,0.5
826,54335.90087890625,2312.53662109375,-1.0280373831775702e+29,-9.345794392523364e+28,1595.4996,90822.56,451.26556,0.35570037,3.3458987961810687,-2.071018739034886e+25,5.0,5.0,0.5
827,55339.89562988281,1943.7744140625,-1.2121212121212123e+29,-1.090909090909091e+29,1597.8055,103220.97,461.49554,5.7061014,2.5513324430785023,-2.626506857414804e+25,5.0,5.0,0.5
828,4230.126953125,227.392578125,-4.1666666666666665e+28,-6.25e+28,1598.8486,9598.24,53.26017,0.47851056,8.196196047543488,3.911616004984255e+26,5.0,5.0,0.5
829,36875.80261230469,3361.92626953125,-3.3823529411764704e+29,-3.3823529411764704e+29,1597.0916,360743.2,368.54318,0.2403967,8.889878686109917,0.0,5.0,5.0,0.5
830,53649.20349121094,2677.1392822265625,-7.6190476190476194e+28,-6.666666666666667e+28,1595.414,89244.484,456.15976,0.24535729,4.042471111778885,-2.0878232516169527e+25,5.0,5.0,0.5
831,55869.96765136719,6166.650390625,-1.1261261261261262e+29,-1.0810810810810812e+29,1597.7645,103220.24,466.5538,4.5064383,3838.513002010457,-9.654844694141765e+24,5.0,5.0,0.5
832,5852.7191162109375,439.825439453125,-4.545454545454546e+28,-9.090909090909092e+28,1597.503,252.99847,77.14577,0.39442787,25.333225853123327,5.892033626379653e+26,5.0,5.0,0.5
833,55832.183837890625,3310.638427734375,-3.703703703703704e+28,-2.777777777777778e+28,1595.4232,52392.758,461.68604,0.81543577,9.78595129904876,-2.0055315851443536e+25,5.0,5.0,0.5
834,54852.39562988281,1866.876220703125,-1.2385321100917431e+29,-1.1926605504587155e+29,1597.679,103192.25,471.4917,1.3291564,3.2071831005905214,-9.72902804207065e+24,5.0,5.0,0.5
835,6924.0753173828125,439.825439453125,-3.846153846153846e+28,-7.692307692307692e+28,1597.5828,262.6868,79.194885,0.40385008,19.699854915291247,4.856568494067155e+26,5.0,5.0,0.5
836,59556.23474121094,3459.771728515625,2.6086956521739135e+28,3.4782608695652176e+28,1595.4106,11649.922,471.65237,0.1634018,5.936706227523969,-1.84365703393657e+25,5.0,5.0,0.5
837,55827.39562988281,1866.876220703125,-1.0810810810810812e+29,-1.051051051051051e+29,1597.6349,103175.82,476.44687,5.6564665,3.8309116685635205,-6.302912662556442e+24,5.0,5.0,0.5
838,6924.0753173828125,362.432861328125,-3.846153846153846e+28,-7.692307692307692e+28,1597.5646,269.74634,83.36971,0.4148722,42.805308382108166,4.613370630189765e+26,5.0,5.0,0.5
839,60863.93127441406,3641.29638671875,3.4188034188034187e+28,4.273504273504273e+28,1595.3347,11885.096,478.1332,0.16504215,92.99248588664501,-1.787578938681008e+25,5.0,5.0,0.5
840,56844.96765136719,1909.4482421875,-1.0619469026548674e+29,-1.032448377581121e+29,1597.5887,103161.08,481.25217,5.5655475,6.948793507020873,-6.129536054471393e+24,5.0,5.0,0.5
841,7976.1505126953125,623.6968994140625,-3.3333333333333333e+28,-6.666666666666667e+28,1597.3701,253.08192,91.9902,0.46061915,16.47745215852147,3.623574543824858e+26,5.0,5.0,0.5
842,62288.14392089844,3671.7071533203125,2.5000000000000002e+28,3.3333333333333333e+28,1595.2219,11809.24,482.53772,0.18249169,32.64587039648581,-1.7269807090014733e+25,5.0,5.0,0.5
843,56190.12756347656,1921.6033935546875,-9.821428571428572e+28,-8.928571428571428e+28,1597.9896,103396.65,487.16318,5.630674,3.0538554869191747,-1.8327681239312088e+25,5.0,5.0,0.5
844,61631.62841796875,3644.927978515625,-1.2288135593220339e+29,-1.1864406779661018e+29,1596.0134,23988.64,506.0918,0.18758757,10.097967881246767,-8.372568300370573e+24,5.0,5.0,0.5
845,58410.919189453125,2174.52392578125,-1.0434782608695654e+29,-9.565217391304348e+28,1594.8208,95826.5,483.7426,2.9531312,5.925658538018015,-1.7975782800275362e+25,5.0,5.0,0.5
846,56302.532958984375,1545.8251953125,-1.1504424778761062e+29,-1.0619469026548674e+29,1597.0432,108259.08,494.31534,3.4909692,3.163104514743351,-1.7902656137510379e+25,5.0,5.0,0.5
847,60565.7470703125,3458.0780029296875,-1.293103448275862e+29,-1.206896551724138e+29,1594.7677,15069.132,494.95026,0.19265947,5.1281960636490584,-1.7417284958667006e+25,5.0,5.0,0.5
848,59618.27392578125,2115.56396484375,-1.016949152542373e+29,-9.322033898305084e+28,1593.3556,96016.17,491.542,2.995493,4.743265707283262,-1.724079815332197e+25,5.0,5.0,0.5
849,19660.922241210938,767.913818359375,1602.3697960673999,1602.4086687455685,1596.4062,459.2087,180.8725,0.42799696,8.395587144666347,-0.00021491757283928676,5.0,5.0,0.5
850,11368.307495117188,414.813232421875,-1.5151515151515152e+29,-1.6666666666666666e+29,1596.8534,5617.9844,106.30848,0.42183703,10.339493986411002,1.4252405123267275e+26,5.0,5.0,0.5
851,62513.690185546875,3358.502197265625,-5.833333333333334e+28,-5.0000000000000005e+28,1593.757,11985.312,493.33176,0.19222705,4.180675986240236,-1.6891945880201416e+25,5.0,5.0,0.5
852,60301.64794921875,2051.3824462890625,-9.166666666666668e+28,-8.333333333333333e+28,1592.7162,97301.836,497.968,4.3833437,7.394471357014213,-1.6734676826364174e+25,5.0,5.0,0.5
853,56661.65771484375,1254.1595458984375,-1.1304347826086957e+29,-1.0434782608695654e+29,1596.3577,108849.82,510.67993,3.4563038,6.382039687243742,-1.7027597199633683e+25,5.0,5.0,0.5
854,38786.73400878906,2975.7843017578125,-3.561643835616438e+29,-3.470319634703197e+29,1595.0514,465552.97,416.47537,0.26181373,4.721533970150915,-2.1927875448128154e+25,5.0,5.0,0.5
855,60132.135009765625,2833.59375,-7.692307692307692e+28,-6.8376068376068375e+28,1591.1526,89100.15,499.54916,0.24646002,6.987482709954084,-1.710944420700966e+25,5.0,5.0,0.5
856,58182.59582519531,1655.804443359375,-1.1965811965811967e+29,-1.111111111111111e+29,1591.7119,106389.68,507.79254,1.7982974,8.393237291852095,-1.6831693749764966e+25,5.0,5.0,0.5
857,58905.96008300781,1082.50732421875,-1.0833333333333334e+29,-1.0000000000000001e+29,1595.8208,108554.5,518.30396,3.324054,8.310645314580519,-1.607808169643859e+25,5.0,5.0,0.5
858,9461.355590820312,426.8768310546875,1601.8330592589728,1601.8650797290811,1596.4279,196.7031,92.20003,0.48370838,8.768436231922507,-0.0003472934985863679,5.0,5.0,0.5
859,63181.6650390625,3496.5423583984375,-1.322314049586777e+29,-1.2396694214876033e+29,1592.8926,15445.242,514.134,0.19054846,6.783568583964352,-1.6074531653818323e+25,5.0,5.0,0.5
860,60899.81994628906,2428.6712646484375,-8.403361344537814e+28,-7.5630252100840335e+28,1590.0648,89742.23,505.58917,0.2732047,24.77599486029272,-1.6620928223715475e+25,5.0,5.0,0.5
861,59705.04455566406,1790.7684326171875,-9.166666666666668e+28,-8.333333333333333e+28,1590.9274,103244.82,513.38837,5.26421,6.4943532212428465,-1.6232026033062876e+25,5.0,5.0,0.5
862,59224.12109375,937.5,-1.0743801652892562e+29,-9.504132231404959e+28,1594.9347,108590.07,520.57263,3.3035536,9.025218566600612,-2.3813572701960536e+25,5.0,5.0,0.5
863,57272.80578613281,888.9556884765625,-1.111111111111111e+29,-9.82905982905983e+28,1597.144,114465.01,525.1593,0.6717183,2.2182836405583903,-2.441261685282925e+25,5.0,5.0,0.5
864,39698.16589355469,2991.7449951171875,-3.1578947368421055e+29,-3.092105263157895e+29,1594.0105,458368.94,426.579,0.2677491,17.05646357785017,-1.542257639040991e+25,5.0,5.0,0.5
865,65431.03942871094,3742.706298828125,-2.4000000000000003e+28,-1.6e+28,1590.1714,11329.705,507.31104,0.1792296,5.850311946575653,-1.5769418454570046e+25,5.0,5.0,0.5
866,62140.643310546875,2107.5042724609375,-8.94308943089431e+28,-8.130081300813008e+28,1588.8093,96752.766,510.6501,7.1346064,7.675536067631746,-1.5921041692690568e+25,5.0,5.0,0.5
867,59798.02551269531,1519.4183349609375,-9.917355371900828e+28,-9.090909090909092e+28,1589.6906,101067.95,516.9402,4.831174,5.3393465357318055,-1.5987270947361779e+25,5.0,5.0,0.5
868,59788.93127441406,1151.4434814453125,-9.133489461358314e+28,-8.313817330210773e+28,1591.9716,107549.58,522.2554,3.230698,5.128205348340177,-1.569485306452504e+25,5.0,5.0,0.5
869,57797.8271484375,1038.800048828125,-7.627118644067797e+28,-6.2146892655367235e+28,1595.1788,110945.03,525.98566,0.49274984,2.979867449409451,-2.6853001796470406e+25,5.0,5.0,0.5
870,56782.9833984375,926.220703125,-6.896551724137931e+28,-5.459770114942528e+28,1597.4452,115351.62,526.2036,0.7580516,2.4637723372518767,-2.730467014918537e+25,5.0,5.0,0.5
871,9750.0,350.0,-5e+28,-4.9514563106796115e+28,1597.6063,218.61687,97.06375,0.45578423,107.22110222488179,-5.001217108332195e+24,5.0,5.0,0.5
872,10316.082763671875,412.5,-4.761904761904762e+28,-3.5714285714285718e+28,1596.8049,218.84042,99.20623,0.47402805,5.3880453885434125,-1.2000014399431339e+26,5.0,5.0,0.5
873,12792.51708984375,576.458740234375,-1.153846153846154e+29,-1.2307692307692309e+29,1595.1432,1172.497,124.55884,0.3903755,26.869076967864757,6.175641827248171e+25,5.0,5.0,0.5
874,67043.36242675781,3727.801513671875,-7.751937984496124e+28,-6.395348837209302e+28,1591.1711,15401.821,533.4973,0.17984219,4.510006091450547,-2.5428228231615904e+25,5.0,5.0,0.5
875,64373.15368652344,3439.1387939453125,-3.252032520325203e+28,-1.829268292682927e+28,1588.5343,50677.3,516.1605,0.6040514,5.306858761225042,-2.756437514552364e+25,5.0,5.0,0.5
876,62086.480712890625,1904.4403076171875,-9.67741935483871e+28,-8.870967741935484e+28,1587.8599,96296.63,517.5122,2.8594866,21.843934533389316,-1.5583238461745672e+25,5.0,5.0,0.5
877,61588.6962890625,1399.10888671875,-9.600000000000001e+28,-8.800000000000001e+28,1588.7365,99723.63,520.92114,2.525348,6.6945783937223355,-1.5357410836516777e+25,5.0,5.0,0.5
878,59825.93078613281,1251.1383056640625,-7.377049180327869e+28,-5.901639344262295e+28,1590.5881,106906.26,526.0082,1.7626997,4.902170135725247,-2.8049180521893945e+25,5.0,5.0,0.5
879,57835.284423828125,1151.0009765625,-5.084745762711865e+28,-3.5310734463276835e+28,1592.9583,107490.22,527.5516,3.3346937,8.322274109883827,-2.9450624182990876e+25,5.0,5.0,0.5
880,57794.72351074219,1063.4246826171875,-3.3898305084745762e+28,-1.9067796610169492e+28,1595.5977,111478.98,530.99225,3.509023,2.709728147833015,-2.7929802206132135e+25,5.0,5.0,0.5
881,56253.86657714844,988.2568359375,-2.6086956521739135e+28,-1.3043478260869568e+28,1597.6956,119797.28,534.8587,1.3417832,4.10138125385049,-2.4386773876452406e+25,5.0,5.0,0.5
882,15112.5,500.0,-6.451612903225806e+28,-8.033197619793298e+28,1597.8062,341.94598,133.91296,0.40290898,7.484497435093116,1.1810542242467871e+26,5.0,5.0,0.5
883,14137.5,462.5,-1.3793103448275862e+29,-1.490905032920433e+29,1596.8313,1453.9634,133.13567,0.39065835,6.919023591201248,8.382028012093292e+25,5.0,5.0,0.5
884,14137.5,612.5,-3.414797455641111e+28,-4.531388152077806e+28,1594.4413,331.6386,132.36508,0.40712592,9.981198648660014,8.43568924191483e+25,5.0,5.0,0.5
885,43203.14025878906,3277.392578125,-3.010878465317581e+29,-3.009731232622799e+29,1592.8071,413757.3,436.82397,0.54314345,388.4722598650028,-2.6263043272936962e+23,5.0,5.0,0.5
886,66215.51208496094,3636.2945556640625,-1.2403100775193799e+29,-1.1046511627906977e+29,1590.949,15538.75,531.46783,0.20786498,5.036467903913732,-2.552532927289728e+25,5.0,5.0,0.5
887,66406.0546875,3620.5810546875,-3.937007874015748e+28,-3.1496062992125984e+28,1588.6443,11593.953,518.5977,0.17729783,11.273005074363168,-1.5183282697910307e+25,5.0,5.0,0.5
888,63429.10461425781,2318.1884765625,-8.870967741935484e+28,-8.064516129032258e+28,1587.2355,92628.09,520.2823,0.5712779,5.277584567075924,-1.5500270374894446e+25,5.0,5.0,0.5
889,62772.15270996094,1865.9088134765625,-8.73015873015873e+28,-7.936507936507936e+28,1586.9391,94942.805,523.34015,1.5498539,6.61313584360314,-1.5165104287906403e+25,5.0,5.0,0.5
890,62343.0419921875,1363.555908203125,-7.874015748031496e+28,-6.496062992125984e+28,1587.8566,95778.125,525.5425,2.7324073,32.731812212707936,-2.621962652146534e+25,5.0,5.0,0.5
891,61812.41455078125,1350.9918212890625,-3.968253968253968e+28,-2.53968253968254e+28,1589.5256,97749.22,527.32263,7.4634295,4.574507857735493,-2.7091031985440937e+25,5.0,5.0,0.5
892,59333.39538574219,1300.8544921875,-2.479338842975207e+28,-9.641873278236914e+27,1591.669,106183.0,532.601,1.7528905,13.425535853888242,-2.8448153076066816e+25,5.0,5.0,0.5
893,59741.88537597656,1225.78125,0.0,1.2295081967213115e+28,1594.1499,107903.64,536.00757,3.260506,4.023757547085674,-2.2938261869783297e+25,5.0,5.0,0.5
894,57752.47802734375,1050.6103515625,8.474576271186441e+27,2.1186440677966103e+28,1597.3885,114020.59,539.2253,0.6945151,1.477107026047188,-2.357431088695001e+25,5.0,5.0,0.5
895,44726.556396484375,2760.07080078125,-2.758620689655172e+29,-2.700033478406428e+29,1597.7856,487816.9,457.77386,2.2316384,974.8678414367575,-1.2798286612810383e+25,5.0,5.0,0.5
896,44383.172607421875,2833.02001953125,-2.7906976744186044e+29,-2.789568751411154e+29,1596.9344,483648.06,453.1456,0.44500658,89.71028926735532,-2.4913030360036265e+23,5.0,5.0,0.5
897,43478.955078125,2920.52001953125,-2.8559870550161813e+29,-2.85485347985348e+29,1594.9169,472452.44,450.28146,0.2645034,8.963055329372658,-2.5174812962105346e+23,5.0,5.0,0.5
898,42990.89660644531,2982.904052734375,-2.8903965376067378e+29,-2.8892493049119555e+29,1593.2505,445167.6,446.48404,0.2570242,17.41668472826658,-2.56948198319431e+23,5.0,5.0,0.5
899,44286.58752441406,3244.0673828125,-2.821266968325792e+29,-2.761344537815126e+29,1591.6746,395915.88,443.2205,0.25199866,14.982550961306615,-1.3519778965543995e+25,5.0,5.0,0.5
900,67003.74450683594,3684.9853515625,-1.219906048150323e+29,-1.0919665576154127e+29,1590.0825,15587.817,538.10754,0.18586314,6.61520802495968,-2.377582176173927e+25,5.0,5.0,0.5
901,66677.11791992188,3641.80908203125,-4.651162790697675e+28,-3.875968992248062e+28,1588.586,12130.024,527.71826,0.17828104,6.508416005742703,-1.468953899614632e+25,5.0,5.0,0.5
902,65577.25830078125,3584.77783203125,-1.6e+28,-8e+27,1587.0043,36255.23,526.8952,0.1926242,23.633266270201414,-1.5183284949200426e+25,5.0,5.0,0.5
903,62598.516845703125,2057.220458984375,-8.870967741935484e+28,-8.064516129032258e+28,1586.129,93449.39,526.74524,0.8100321,4.1340379493366,-1.5310088308335202e+25,5.0,5.0,0.5
904,60513.958740234375,1425.872802734375,-8.94308943089431e+28,-7.479674796747967e+28,1586.192,94374.1,528.34796,1.1567796,3.7697107985927385,-2.7697932820583294e+25,5.0,5.0,0.5
905,61891.15295410156,1488.2598876953125,-4.92063492063492e+28,-3.5978835978835978e+28,1587.2035,94960.57,531.1819,1.7832406,5.7190405679599134,-2.4902041291091162e+25,5.0,5.0,0.5
906,62335.357666015625,1450.701904296875,-2.362204724409449e+28,-9.448818897637795e+27,1588.9095,95516.65,534.1535,2.6895459,7.88789595607352,-2.6533998664736476e+25,5.0,5.0,0.5
907,60305.09338378906,1350.5615234375,0.0,1.4634146341463416e+28,1591.4136,102862.02,539.0698,0.98088515,9.819294354372104,-2.7147033063243774e+25,5.0,5.0,0.5
908,58314.57824707031,1175.48828125,1.5126050420168067e+28,2.3529411764705885e+28,1595.8145,113356.64,546.89105,0.6679523,4.974118333901692,-1.536569543426433e+25,5.0,5.0,0.5
909,45141.90368652344,2872.57080078125,-2.4978146853146853e+29,-2.4209956709956713e+29,1596.717,482025.16,467.66858,0.31443298,36.16952693537404,-1.6425951571643081e+25,5.0,5.0,0.5
910,45286.224365234375,2947.57080078125,-2.611451048951049e+29,-2.5251623376623376e+29,1593.8983,463529.5,460.36594,0.2509012,3.6811923882445456,-1.8743504783629662e+25,5.0,5.0,0.5
911,44798.34289550781,3009.8297119140625,-2.6414677276746245e+29,-2.5637657361795293e+29,1592.3491,425747.38,455.49054,0.24678287,20.141350896366404,-1.7058969341432934e+25,5.0,5.0,0.5
912,46285.67810058594,3553.765869140625,-2.582108902333622e+29,-2.5061530230069556e+29,1590.8441,394553.06,451.46112,3.8328347,2855.1491265082727,-1.6824456383929464e+25,5.0,5.0,0.5
913,69078.56140136719,3860.6842041015625,-1.071957671957672e+29,-9.694269741439554e+28,1589.5135,24989.795,561.442,0.17810184,4.481074677289099,-1.8262027917742978e+25,5.0,5.0,0.5
914,67281.31103515625,3604.0191650390625,-5.281385281385281e+28,-4.516866781017724e+28,1588.0953,12392.802,536.3249,0.17920165,7.644144229328456,-1.4254764498672954e+25,5.0,5.0,0.5
915,67569.83032226562,3767.0013427734375,-1.5503875968992249e+28,-8.61326442721792e+26,1586.6929,11491.596,529.7271,0.17542797,9.399835817838628,-2.7641684179731575e+25,5.0,5.0,0.5
916,64437.79602050781,2488.07373046875,-7.2e+28,-6.4e+28,1585.73,89565.67,531.4587,0.25226793,5.720005984564961,-1.5052910627133018e+25,5.0,5.0,0.5
917,62673.17199707031,1676.13525390625,-8.73015873015873e+28,-7.936507936507936e+28,1585.2118,90107.44,532.491,0.28598735,12.38920174977097,-1.4904491384240618e+25,5.0,5.0,0.5
918,62010.69030761719,1525.726318359375,-6.349206349206349e+28,-4.850088183421516e+28,1585.5859,91365.89,534.7034,0.39853308,5.413746166297232,-2.8036441907470187e+25,5.0,5.0,0.5
919,63388.51318359375,1550.6195068359375,-2.3255813953488374e+28,-8.859357696566999e+27,1586.7927,90983.77,537.74414,0.37360105,5.288680386179152,-2.6771944442181945e+25,5.0,5.0,0.5
920,62332.29064941406,1488.0584716796875,7.874015748031496e+27,2.230971128608924e+28,1588.826,95238.71,541.70306,2.144669,5.284209565311946,-2.664872417814977e+25,5.0,5.0,0.5
921,61314.66064453125,1387.9241943359375,3.2e+28,4.639999999999999e+28,1592.0884,106535.73,548.61395,1.7250774,3.732032071930735,-2.6247965314756377e+25,5.0,5.0,0.5
922,58837.21008300781,1187.8448486328125,2.5000000000000002e+28,3.8888888888888886e+28,1596.6304,120078.87,559.54016,1.2896901,2.788665432936693,-2.482196963444098e+25,5.0,5.0,0.5
923,46604.400634765625,2947.57080078125,-2.3055790363482672e+29,-2.2312925170068024e+29,1596.0272,477295.38,474.84302,0.25382674,9.356318938798973,-1.5644437549140666e+25,5.0,5.0,0.5
924,46923.2177734375,3356.719970703125,-2.304552590266876e+29,-2.2486004561476262e+29,1592.2386,413660.2,465.83456,0.50115377,373.0305641371911,-1.2011159844753016e+25,5.0,5.0,0.5
925,48704.61120605469,3640.9576416015625,-2.337386018237082e+29,-2.2654890940719925e+29,1590.4695,382937.9,459.54318,0.27388912,26.53674894131877,-1.564530318866211e+25,5.0,5.0,0.5
926,68538.46435546875,3810.723876953125,-1.0426439232409382e+29,-9.113629963390595e+28,1589.0361,15895.203,554.7654,0.18153636,22.834741503229033,-2.366422481130929e+25,5.0,5.0,0.5
927,69034.57641601562,3968.7255859375,-3.682539682539683e+28,-2.564640111809923e+28,1587.7637,13926.036,550.09814,0.17759807,9.887318170076487,-2.032182042137854e+25,5.0,5.0,0.5
928,68016.84875488281,3589.373779296875,-4.48290537664917e+28,-3.0663691940130697e+28,1586.6011,12065.705,538.2123,0.17696665,6.001578755545632,-2.6319283943436456e+25,5.0,5.0,0.5
929,65379.364013671875,3183.53271484375,-4e+28,-3.2e+28,1585.5378,64450.75,537.6987,0.19489233,9.348154307911667,-1.4878219989520586e+25,5.0,5.0,0.5
930,64744.80285644531,2341.7144775390625,-7.142857142857143e+28,-6.349206349206349e+28,1584.7059,75897.94,537.35803,0.23299421,3.6884783529295126,-1.4769497170485615e+25,5.0,5.0,0.5
931,62336.99035644531,1769.82421875,-6.349206349206349e+28,-4.850088183421516e+28,1584.5365,89133.51,538.652,0.24608698,16.496751643068215,-2.7830922901905037e+25,5.0,5.0,0.5
932,63589.947509765625,1735.302734375,-1.5503875968992249e+28,-1.5503875968992244e+27,1585.1688,89225.22,541.2339,1.8700101,3.545073723947433,-2.578088459443394e+25,5.0,5.0,0.5
933,62934.86633300781,1625.3326416015625,0.0,1.4508928571428573e+28,1586.6417,90391.4,545.1299,0.33363792,3.459031461252136,-2.6615544348022815e+25,5.0,5.0,0.5
934,63341.192626953125,1525.274658203125,3.1007751937984497e+28,4.565030146425496e+28,1589.3167,96941.46,550.42786,3.9618204,4.24973100496289,-2.6602122975448033e+25,5.0,5.0,0.5
935,61836.16943359375,1350.1373291015625,4.761904761904762e+28,6.150793650793651e+28,1594.7488,109526.31,563.3123,3.226217,3.081975286082501,-2.4655752186383136e+25,5.0,5.0,0.5
936,52310.07080078125,3172.57080078125,-6.796116504854369e+28,-6.301253652559149e+28,1597.5587,478866.62,502.78235,0.24358152,10.93102647059642,-9.842486587702874e+24,5.0,5.0,0.5
937,51335.07080078125,3110.07080078125,-8.91089108910891e+28,-8.406228972411804e+28,1597.6295,478443.56,497.95505,0.24579911,6.52354252900715,-1.0134692260313674e+25,5.0,5.0,0.5
938,46604.400634765625,3022.57080078125,-2.1956889264581573e+29,-2.121402407116693e+29,1594.9604,462300.9,479.5835,0.24838175,6.812312092139998,-1.5489798949825156e+25,5.0,5.0,0.5
939,49535.21423339844,3690.887451171875,-2.0803571428571427e+29,-2.0273191823899372e+29,1590.8744,331922.97,466.0912,0.23118578,6.155009610938735,-1.1379309886293783e+25,5.0,5.0,0.5
940,70273.6328125,3872.4853515625,-9.399585921325051e+28,-8.064442621456568e+28,1588.9775,15699.065,562.1825,0.1837559,7.971267794787496,-2.3749286245388546e+25,5.0,5.0,0.5
941,70479.90112304688,3902.16064453125,-5.045118949958983e+28,-3.6698421298177496e+28,1587.5829,14595.418,562.2837,0.1769706,10.403194166934147,-2.445877127792412e+25,5.0,5.0,0.5
942,68527.28576660156,3535.870361328125,-4.416491963661776e+28,-3.669089650398062e+28,1586.3767,12295.576,546.83417,0.17740618,6.410863502576097,-1.3667805665972923e+25,5.0,5.0,0.5
943,69770.76416015625,3779.5196533203125,3.731656184486373e+28,4.479058497750087e+28,1585.2542,12190.958,550.7413,0.17044583,8.927577747375643,-1.357084263154372e+25,5.0,5.0,0.5
944,66858.89892578125,2858.9996337890625,-5.4392688679245285e+28,-4.650992990654206e+28,1584.465,75590.38,542.6285,0.22228728,7.401520199716965,-1.452699052429661e+25,5.0,5.0,0.5
945,63588.57116699219,2001.3336181640625,-7.086614173228347e+28,-6.299212598425197e+28,1583.9071,89124.32,542.8918,0.23881334,8.113469553789319,-1.4503840305572548e+25,5.0,5.0,0.5
946,63832.56530761719,1882.2113037109375,-3.875968992248062e+28,-2.4224806201550387e+28,1584.0311,88982.76,544.9305,0.24453142,4.362009587584617,-2.667291375480304e+25,5.0,5.0,0.5
947,64476.47705078125,1687.8265380859375,-1.5267175572519085e+28,-1.2722646310432566e+27,1584.9103,75384.484,548.35657,0.23764677,4.265374550425887,-2.5521552533364403e+25,5.0,5.0,0.5
948,63906.036376953125,1675.189208984375,2.3076923076923078e+28,3.653846153846154e+28,1586.6631,89460.08,552.5012,0.27992398,5.097130832129455,-2.436472166415672e+25,5.0,5.0,0.5
949,65812.82958984375,1562.6312255859375,4.477611940298508e+28,5.863539445628998e+28,1589.8145,96635.24,557.81104,3.8141522,10.591991067862217,-2.484582444558978e+25,5.0,5.0,0.5
950,61908.056640625,1299.993896484375,6.349206349206349e+28,7.671957671957672e+28,1595.7501,110396.4,569.0933,5.3022423,2.4370626960683706,-2.3243135525653003e+25,5.0,5.0,0.5
951,55968.94226074219,3360.07080078125,-2.727272727272727e+28,-2.7184466019417477e+28,1596.6353,483993.5,528.444,0.37994495,85.74492074538179,-1.6702102468018293e+23,5.0,5.0,0.5
952,52304.058837890625,2829.058837890625,-4.807692307692307e+28,-4.077203136669156e+28,1596.5823,546108.6,522.15173,0.22464535,2.87068179261814,-1.3989978856696392e+25,5.0,5.0,0.5
953,51816.558837890625,2779.058837890625,-5.8252427184466015e+28,-5.087661419549439e+28,1596.5087,544462.2,516.3008,0.23077345,6.453968960059819,-1.428588384296896e+25,5.0,5.0,0.5
954,50841.558837890625,2791.558837890625,-5.94059405940594e+28,-5.188407190233586e+28,1595.9928,541689.7,511.47934,0.23313354,3.5828410263413426,-1.4706104644640628e+25,5.0,5.0,0.5
955,52797.32971191406,3372.3297119140625,-5.759895444361464e+28,-5.029585798816568e+28,1594.1495,427261.47,506.5493,0.22574963,3.28850920140561,-1.4417346265993977e+25,5.0,5.0,0.5
956,54266.23840332031,3778.7384033203125,-7.538010624656531e+28,-6.821480406386067e+28,1594.3604,387114.8,500.38733,0.46318766,99.7396387419909,-1.4319511638253953e+25,5.0,5.0,0.5
957,51334.954833984375,3147.454833984375,-9.9009900990099e+28,-9.23131148066263e+28,1596.3639,445380.22,497.9508,0.24250713,4.204952104385898,-1.3448690327033282e+25,5.0,5.0,0.5
958,51335.07080078125,3060.07080078125,-1.188118811881188e+29,-1.1376526002114773e+29,1597.475,470816.44,496.42535,0.2477563,3.514205901757365,-1.0165921474936099e+25,5.0,5.0,0.5
959,48969.73571777344,2997.57080078125,-2.082322006472492e+29,-2.0118856837606838e+29,1596.1559,472355.5,486.38873,0.2504333,4.6214890099072425,-1.448148732606825e+25,5.0,5.0,0.5
960,50998.0712890625,3666.2384033203125,-1.9172494172494173e+29,-1.8405483405483406e+29,1592.343,387892.44,480.04144,0.5928656,149.66763953148467,-1.597801144883094e+25,5.0,5.0,0.5
961,72204.30297851562,4034.97314453125,-7.374245472837022e+28,-6.452298697847463e+28,1589.4167,16716.654,575.1444,0.18243963,10.80846855168947,-1.6029831121969986e+25,5.0,5.0,0.5
962,72268.55163574219,4102.0599365234375,-3.4945522189742226e+28,-2.431881005660129e+28,1587.6617,15828.274,577.8376,0.17769912,6.409540686511552,-1.839048272514081e+25,5.0,5.0,0.5
963,70570.20263671875,4092.462158203125,-1.421930544161881e+28,-6.907761072734661e+27,1586.3652,13104.016,559.79205,0.176399,6.614762956453692,-1.306117928397243e+25,5.0,5.0,0.5
964,69103.11584472656,3553.033447265625,-3.648723640399556e+28,-2.906816932380429e+28,1585.3069,11915.087,548.3373,0.17783232,11.751737511400872,-1.3530116129422438e+25,5.0,5.0,0.5
965,66269.88830566406,3071.759033203125,-4.658018867924529e+28,-3.869742990654206e+28,1584.362,65404.984,548.8954,0.19632865,7.169855266132702,-1.4361131424059205e+25,5.0,5.0,0.5
966,65968.02673339844,2768.389892578125,-4.687614982706601e+28,-3.89326334208224e+28,1583.6133,71559.67,548.7644,0.20970806,5.569638388451296,-1.4475276355472692e+25,5.0,5.0,0.5
967,63837.07580566406,2223.272705078125,-3.125e+28,-1.71875e+28,1583.3127,71197.1,549.30505,0.21463288,4.233113650175199,-2.560052907760094e+25,5.0,5.0,0.5
968,64313.82141113281,1957.45849609375,-1.5384615384615386e+28,-7.692307692307693e+27,1583.6766,73297.945,551.9804,0.22499277,4.065863847001557,-1.393583465064141e+25,5.0,5.0,0.5
969,64022.65930175781,1762.5335693359375,7.692307692307693e+27,2.1153846153846153e+28,1584.7534,75240.87,555.4419,0.23502986,5.381247512209069,-2.423572761449504e+25,5.0,5.0,0.5
970,64427.94189453125,1737.41455078125,3.816793893129771e+28,5.216284987277353e+28,1586.6984,90842.88,559.5902,0.37565437,7.241027664775237,-2.5009213335688533e+25,5.0,5.0,0.5
971,64384.820556640625,1599.847412109375,5.3435114503816795e+28,6.761177753544166e+28,1589.9948,99148.12,564.8338,2.4228275,3.527024429465088,-2.5098821989337617e+25,5.0,5.0,0.5
972,61456.05163574219,1337.20703125,5.6e+28,7e+28,1595.8019,112870.85,574.16943,0.6143213,2.578662116455937,-2.4383046503143546e+25,5.0,5.0,0.5
973,57555.56335449219,3288.8946533203125,-1.7699115044247789e+28,-1.7699115044247789e+28,1594.0659,437636.97,536.34064,0.21257772,3.983167048842425,0.0,5.0,5.0,0.5
974,61221.59729003906,4056.744384765625,-2.5048480930833867e+28,-2.4969987995198076e+28,1591.3503,304243.34,529.2424,0.43068296,83.34660223367838,-1.4831188883458718e+23,5.0,5.0,0.5
975,61468.24951171875,4291.5435791015625,-2.5048480930833867e+28,-2.4969987995198076e+28,1591.1823,180076.94,522.6604,0.23548473,42.790863078698806,-1.5017961103831046e+23,5.0,5.0,0.5
976,81084.05151367188,4252.197265625,3.449519230769231e+28,3.767857142857143e+28,1591.2084,26048.148,640.4215,0.17044322,5.5117179914418095,-4.970756099210967e+24,5.0,5.0,0.5
977,57314.46838378906,4338.1134033203125,-3.554258241758242e+28,-2.7646683673469387e+28,1591.1458,322573.97,513.86505,1.4399997,760.5787273209453,-1.5365704915338744e+25,5.0,5.0,0.5
978,57437.689208984375,4287.689208984375,-4.447115384615385e+28,-3.6575255102040816e+28,1590.9631,293604.3,507.55563,0.2362298,13.65055859035621,-1.5556715800720582e+25,5.0,5.0,0.5
979,78398.18420410156,4248.1842041015625,2.2704714640198513e+28,3.0291858678955456e+28,1591.3596,24996.227,619.98267,0.17773315,3.6242884779216205,-1.2237671236062798e+25,5.0,5.0,0.5
980,76935.68420410156,4110.6842041015625,-3.162955465587044e+27,5.670426065162908e+27,1592.3458,25154.723,616.1582,0.17666627,2.4545532658222577,-1.433622320687975e+25,5.0,5.0,0.5
981,53778.73840332031,3716.2384033203125,-1.1419325011558023e+29,-1.0695970695970696e+29,1594.7379,386044.1,498.2354,0.3812084,65.65113603997793,-1.451832401506679e+25,5.0,5.0,0.5
982,48897.57080078125,3010.07080078125,-1.979166666666667e+29,-1.9087108953613807e+29,1596.6018,477147.16,492.32495,0.25027403,7.664675199839453,-1.4310826850758055e+25,5.0,5.0,0.5
983,51166.33605957031,3431.671142578125,-1.7980769230769232e+29,-1.7471428571428573e+29,1593.1844,403346.06,487.91544,0.26382652,35.805007765142875,-1.043911755968344e+25,5.0,5.0,0.5
984,73666.90063476562,4047.5677490234375,-6.532019704433497e+28,-5.721101713294296e+28,1590.0845,22801.705,593.0026,0.18098256,3.4102344705610577,-1.3674779126094336e+25,5.0,5.0,0.5
985,72196.38977050781,4139.5599365234375,-4.909456740442656e+28,-3.8466648950305606e+28,1587.9513,15067.433,572.0213,0.18274315,6.324223967633217,-1.857958511428436e+25,5.0,5.0,0.5
986,71989.35241699219,3897.8607177734375,-3.4945522189742226e+28,-2.1803719513341734e+28,1586.4454,14194.757,572.58826,0.17944506,5.641250225556098,-2.295157562088456e+25,5.0,5.0,0.5
987,71056.01196289062,3623.6236572265625,-3.5444743935309974e+28,-2.8237650200267024e+28,1585.2883,12222.276,558.38336,0.1778152,12.002012547378046,-1.2907071069593596e+25,5.0,5.0,0.5
988,70641.66259765625,3525.4150390625,2.9113158071673504e+28,3.63709032773781e+28,1584.266,11904.211,560.22217,0.17417698,5.033913189472744,-1.2955119630520302e+25,5.0,5.0,0.5
989,68399.63684082031,3035.6536865234375,-2.2544053649140327e+28,-1.484308736217133e+28,1583.5092,45158.03,553.8884,0.2849907,5.335752681037841,-1.3903461241226912e+25,5.0,5.0,0.5
990,66526.23901367188,2409.0087890625,-3.839744982974716e+28,-3.0577088716623598e+28,1582.9398,69810.7,553.9791,1.8185374,3.978509554945054,-1.4116707194224542e+25,5.0,5.0,0.5
991,64192.938232421875,2092.2637939453125,-1.5503875968992249e+28,-7.751937984496124e+27,1582.8689,66755.86,555.3201,0.2076902,7.118941906545774,-1.3959403908063097e+25,5.0,5.0,0.5
992,66052.50244140625,1799.957275390625,7.46268656716418e+27,1.8656716417910447e+28,1583.4276,47552.8,558.4102,0.3850634,10.87274963289052,-2.0046248267391484e+25,5.0,5.0,0.5
993,65967.919921875,1824.90234375,2.238805970149254e+28,3.648424543946932e+28,1584.6495,73148.37,563.0059,0.2279869,4.505601274590771,-2.5037366796618314e+25,5.0,5.0,0.5
994,65923.49853515625,1774.7772216796875,5.2238805970149255e+28,6.592039800995026e+28,1586.6752,89367.93,566.53204,0.277839,10.9426681063999,-2.414972321126737e+25,5.0,5.0,0.5
995,65918.80798339844,1649.7039794921875,7.338308457711443e+28,8.457711442786069e+28,1589.8618,97158.4,569.9857,6.83267,12.716575809929443,-1.963914094983649e+25,5.0,5.0,0.5
996,62916.39709472656,1399.560546875,7.03125e+28,8.3984375e+28,1595.2518,110277.76,579.087,3.2168849,9.889938085611222,-2.3609363684435133e+25,5.0,5.0,0.5
997,83277.33459472656,3063.1683349609375,5.252525252525252e+28,6.464646464646465e+28,1585.6215,15485.761,659.0154,0.16740863,6.83051148844083,-1.83929123253629e+25,5.0,5.0,0.5
998,83277.13623046875,3063.1683349609375,2.7555933163409797e+28,3.67003367003367e+28,1585.5209,15457.829,656.05505,0.1609364,3.2875334730209267,-1.3938469775062494e+25,5.0,5.0,0.5
999,83035.48278808594,3419.1802978515625,1.8522779567418316e+28,2.467517665830864e+28,1586.6709,15793.394,647.17053,0.165706,31.720344996189652,-9.50660882182516e+24,5.0,5.0,0.5
1000,81448.4619140625,3603.18603515625,1.8867924528301887e+28,2.5134962558774017e+28,1587.1768,15684.151,638.02936,0.16776936,3.8496269960454406,-9.82249163424016e+24,5.0,5.0,0.5
1001,80349.04174804688,3872.44873046875,1.9105256912305684e+28,2.545112560982778e+28,1587.6375,15840.075,631.1046,0.16916235,5.097897536745293,-1.0055177151548671e+25,5.0,5.0,0.5
1002,79249.49035644531,3920.2850341796875,1.9348635981252252e+28,2.5775343770462527e+28,1588.0139,15797.976,623.1242,0.178157,6.331894021079069,-1.0313686616132298e+25,5.0,5.0,0.5
1003,78273.22387695312,4213.427734375,1.9539170506912441e+28,2.6049908703590995e+28,1588.5963,15787.495,615.11804,0.17690161,15.947670085689412,-1.058453459695667e+25,5.0,5.0,0.5
1004,77297.38159179688,4222.381591796875,1.3258636788048553e+28,2.5083240843507216e+28,1589.4895,15638.247,607.0156,0.18296686,4.080524901348246,-1.947990062934321e+25,5.0,5.0,0.5
1005,76323.22387695312,4098.223876953125,-6.495160468670402e+27,5.156102175969727e+27,1590.9155,15994.286,603.9608,0.1825043,4.461958631332957,-1.9291421474671076e+25,5.0,5.0,0.5
1006,53778.45764160156,3715.9576416015625,-1.1428571428571428e+29,-1.0943134535367544e+29,1594.719,380195.62,499.25394,0.24509668,22.613374539658977,-9.723246177022604e+24,5.0,5.0,0.5
1007,50847.36022949219,3084.8602294921875,-1.4000000000000002e+29,-1.3323624595469257e+29,1596.4117,433803.7,500.4952,0.24577665,6.324168440393023,-1.3514123466500464e+25,5.0,5.0,0.5
1008,50119.219970703125,3406.719970703125,-1.834772370486656e+29,-1.7572886297376094e+29,1594.1431,409912.06,495.75577,0.3313251,133.2863272102553,-1.5629417906606294e+25,5.0,5.0,0.5
1009,73885.72387695312,3960.723876953125,-6.836143308746049e+28,-5.688193085453359e+28,1590.487,15944.373,589.0859,0.18778728,6.9418699425203405,-1.948697582399429e+25,5.0,5.0,0.5
1010,73099.22485351562,4177.0599365234375,-4.146825396825397e+28,-2.9830538085255064e+28,1588.2642,15095.065,580.25415,0.18308614,4.932991609544698,-2.0056238934550383e+25,5.0,5.0,0.5
1011,73628.07312011719,4183.740234375,-1.3532856213402731e+28,-5.3980019336126285e+26,1586.5913,14384.675,582.0728,0.17738624,5.460863416137435,-2.2322045775921356e+25,5.0,5.0,0.5
1012,71542.72766113281,3458.4991455078125,-4.198777571086899e+28,-3.488219033829143e+28,1585.3204,12345.485,567.5061,0.17826103,4.032925454622986,-1.2520720620552627e+25,5.0,5.0,0.5
1013,70737.39929199219,3669.207763671875,-1.4052309554225778e+28,-6.794564348521183e+27,1584.2777,11556.635,560.14874,0.17657968,5.1866538705781915,-1.2956817810631841e+25,5.0,5.0,0.5
1014,68779.06494140625,3243.865966796875,-7.061266874350986e+27,4.1152263374485624e+26,1583.4498,24922.727,560.16815,0.25001422,4.068297155324478,-1.334026128287266e+25,5.0,5.0,0.5
1015,69010.70556640625,2882.7392578125,-2.2373265363919568e+28,-1.4730639730639729e+28,1582.8138,36526.54,559.0335,0.19341995,8.272839032735476,-1.3671140494798062e+25,5.0,5.0,0.5
1016,65516.14074707031,2382.7484130859375,-1.4910465862880789e+28,-7.20949957591179e+27,1582.4211,42920.12,559.16144,0.2499635,3.9566981630093543,-1.377234867031441e+25,5.0,5.0,0.5
1017,65894.26879882812,1762.5,-6.968641114982578e+27,6.899779569405442e+27,1582.5505,34383.61,561.2392,1.9997635,4.137066438335009,-2.4710356589527257e+25,5.0,5.0,0.5
1018,66573.05908203125,1862.176513671875,2.2222222222222224e+28,3.62962962962963e+28,1583.2615,46025.473,565.78253,0.33046836,3.7891209884869888,-2.4875412874331086e+25,5.0,5.0,0.5
1019,66000.5859375,1874.6490478515625,4.477611940298508e+28,5.5970149253731345e+28,1584.5603,72550.06,570.1763,0.22690158,3.808892108040259,-1.963257758859209e+25,5.0,5.0,0.5
1020,66932.4462890625,1824.5208740234375,6.372549019607843e+28,7.720588235294118e+28,1586.5336,89424.34,573.5269,0.28078988,6.578988981662759,-2.3504375765022942e+25,5.0,5.0,0.5
1021,66928.09753417969,1686.932373046875,7.352941176470588e+28,8.676470588235294e+28,1589.319,95957.734,575.2974,3.583792,4.749059781705618,-2.3006002735669843e+25,5.0,5.0,0.5
1022,64413.885498046875,1524.30419921875,7.633587786259542e+28,9.007633587786259e+28,1593.0479,106314.74,579.24554,1.6569395,3.3311314531554377,-2.3721301177556854e+25,5.0,5.0,0.5
1023,62425.50354003906,1324.2431640625,7.086614173228347e+28,8.398950131233595e+28,1597.088,114170.43,581.2116,0.734927,2.1841051489364474,-2.257931427968139e+25,5.0,5.0,0.5
1024,88030.41381835938,2412.5,1.7179554390563563e+29,1.82456400742115e+29,1582.5392,13515.505,692.3584,0.1538435,5.6471817949304715,-1.5397887655495447e+25,5.0,5.0,0.5
1025,86078.86962890625,2744.1162109375,5.013290802764487e+28,5.310573731626364e+28,1583.4723,14296.598,674.3479,0.1574985,9.635830533121306,-4.4084504258064956e+24,5.0,5.0,0.5
1026,84985.18371582031,3309.844970703125,4.19973544973545e+28,4.800131061598952e+28,1584.5851,15559.751,661.1503,0.16063654,8.220374795145462,-9.081075588905293e+24,5.0,5.0,0.5
1027,81324.35302734375,3579.730224609375,1.8978605935127674e+28,2.5243603624138127e+28,1585.2611,15143.403,636.61224,0.16768944,26.943035420880026,-9.841151739506585e+24,5.0,5.0,0.5
1028,79859.7412109375,3823.7152099609375,1.9283094759257067e+28,2.566807313642757e+28,1586.0018,15104.611,625.7941,0.17165282,4.930748537306682,-1.0203001414078413e+25,5.0,5.0,0.5
1029,77662.2314453125,4177.16064453125,1.9725557461406517e+28,2.627746085690011e+28,1586.857,15420.922,617.2598,0.1724387,4.251101574869305,-1.0614498323897664e+25,5.0,5.0,0.5
1030,76807.62329101562,4295.123291015625,1.3345864661654136e+28,2.5833057486483502e+28,1587.9775,15431.221,609.702,0.1757209,3.7475698569714844,-2.048081240476158e+25,5.0,5.0,0.5
1031,75834.23461914062,4146.734619140625,-6.538461538461538e+27,5.746031746031747e+27,1589.5568,15572.448,604.7378,0.17922038,3.9303280433901584,-2.0313751558649635e+25,5.0,5.0,0.5
1032,75348.22387695312,4035.723876953125,-2.006906887339545e+28,-9.938048528652555e+27,1591.2831,15975.8,603.504,0.18520501,4.829341379788548,-1.6786997052761693e+25,5.0,5.0,0.5
1033,53290.93322753906,3678.4332275390625,-1.3461538461538462e+29,-1.273104929051531e+29,1594.5581,341976.12,498.8307,0.23070373,6.721300618553242,-1.4644030287191785e+25,5.0,5.0,0.5
1034,50970.88623046875,3331.9427490234375,-1.5e+29,-1.4323624595469256e+29,1595.936,421313.1,502.069,1.2017022,2533.204901925638,-1.347176193315745e+25,5.0,5.0,0.5
1035,50847.57080078125,3047.57080078125,-1.7000000000000003e+29,-1.6323624595469258e+29,1596.406,461138.53,502.08295,0.25150484,8.21524148991005,-1.34713877233256e+25,5.0,5.0,0.5
1036,50359.954833984375,3109.954833984375,-1.7171717171717173e+29,-1.648850969239319e+29,1595.6384,437814.22,500.57343,0.24566354,7.244617220750845,-1.36484967999275e+25,5.0,5.0,0.5
1037,51828.73840332031,3666.2384033203125,-1.6831683168316832e+29,-1.6079496299144476e+29,1594.0181,388055.25,498.62042,0.6037573,154.2877672290175,-1.5085360234690359e+25,5.0,5.0,0.5
1038,74859.88159179688,3972.381591796875,-6.068087318087318e+28,-4.935649935649935e+28,1590.4897,15731.259,593.64417,0.18915895,9.089228265422497,-1.907602986989466e+25,5.0,5.0,0.5
1039,75951.904296875,4214.404296875,-1.3142857142857142e+28,-1.0817610062893082e+27,1588.2479,15813.549,601.07745,0.17912212,4.471683804524971,-2.006579362453953e+25,5.0,5.0,0.5
1040,74043.40515136719,4246.240234375,-6.590850348927371e+27,6.408341512681545e+27,1586.657,14368.397,590.05676,0.17720842,4.575835490925153,-2.203040907832338e+25,5.0,5.0,0.5
1041,72964.48974609375,3527.0294189453125,-3.4222511385816528e+28,-2.7263938124395744e+28,1585.3794,12445.174,576.6243,0.17812294,5.82687491422191,-1.2067776047804634e+25,5.0,5.0,0.5
1042,71611.43798828125,3422.589111328125,-3.488219033829143e+28,-2.4256651017214397e+28,1584.3356,11997.874,569.0476,0.1776233,13.200390801059916,-1.8672496259525744e+25,5.0,5.0,0.5
1043,72578.2470703125,3422.149658203125,2.829880399973858e+28,3.5353535353535354e+28,1583.4894,12169.528,573.75726,0.17258802,5.753276220280531,-1.2295672414937894e+25,5.0,5.0,0.5
1044,71774.40185546875,3155.3070068359375,2.896825396825397e+28,3.6173001310615994e+28,1582.8083,11878.822,569.6159,0.17341483,9.967598564891471,-1.2648430757437292e+25,5.0,5.0,0.5
1045,69367.35534667969,2527.91748046875,-2.2138680033416878e+28,-1.4554735462509484e+28,1582.2208,35164.105,564.3264,0.19168982,8.151554903268098,-1.3438932425763692e+25,5.0,5.0,0.5
1046,67165.29235839844,2007.53173828125,4.1152263374485624e+26,7.883112470268434e+27,1582.0142,28284.008,564.67255,0.77650225,2.823179729099529,-1.3231721436314743e+25,5.0,5.0,0.5
1047,68528.61633300781,1837.5,3.63709032773781e+28,5.002236742715919e+28,1582.323,14854.185,567.4332,0.22127415,3.2127823636879937,-2.4058274149695104e+25,5.0,5.0,0.5
1048,68068.18237304688,1936.8927001953125,4.3478260869565225e+28,5.706521739130435e+28,1583.1445,32871.31,573.1351,0.19702278,4.907874215525543,-2.370637780507045e+25,5.0,5.0,0.5
1049,66521.13952636719,1911.865234375,5.925925925925926e+28,7.283950617283951e+28,1584.4685,67339.08,577.7137,0.21399535,5.764906416742412,-2.350688115542706e+25,5.0,5.0,0.5
1050,67002.88391113281,1861.7706298828125,7.352941176470588e+28,8.718487394957982e+28,1586.3425,89063.67,580.36115,0.27068552,12.765031069186671,-2.3529249506209423e+25,5.0,5.0,0.5
1051,66924.91760253906,1786.7156982421875,8.639705882352942e+28,9.926470588235293e+28,1588.7913,94984.945,582.0889,2.0547407,6.001679330245687,-2.2105981465947887e+25,5.0,5.0,0.5
1052,64448.12927246094,1611.60888671875,8.396946564885496e+28,9.82824427480916e+28,1591.9247,105336.33,584.06604,1.6253967,4.061279201472268,-2.450575126449636e+25,5.0,5.0,0.5
1053,62459.92126464844,1411.56005859375,8.661417322834646e+28,1.0039370078740157e+29,1596.2885,121507.87,590.21545,2.515087,2.590872382538027,-2.3346605825546496e+25,5.0,5.0,0.5
1054,86567.37976074219,2462.5,1.2837837837837839e+29,1.3714700996677743e+29,1581.9432,12230.227,690.4169,0.1564036,2.9696759682321208,-1.2700488600330266e+25,5.0,5.0,0.5
1055,84979.64172363281,2436.029052734375,3.60312764158918e+28,4.199612504581872e+28,1582.626,13744.065,672.704,0.15869105,2.982967387117444,-8.866973901997244e+24,5.0,5.0,0.5
1056,82787.09411621094,3112.8326416015625,4.307451331394048e+28,4.922394678492239e+28,1583.5864,14357.698,654.0871,0.16308235,3.327904423624329,-9.401551410519184e+24,5.0,5.0,0.5
1057,82661.8896484375,3578.955078125,3.997289972899729e+28,4.307451331394048e+28,1584.3289,14906.796,642.4977,0.16535395,6.242007763805745,-4.827431566348181e+24,5.0,5.0,0.5
1058,80586.962890625,3971.2188720703125,4.716705607476635e+28,5.034722222222222e+28,1585.2219,15007.367,632.01196,0.1705289,5.872083761246218,-5.0318132158619e+24,5.0,5.0,0.5
1059,78758.35571289062,4298.5595703125,2.5882922109337205e+28,3.235082674335011e+28,1586.4622,15078.712,613.59766,0.17460328,4.036627540072516,-1.0540953942916736e+25,5.0,5.0,0.5
1060,76927.4658203125,4402.4658203125,6.766917293233083e+27,1.9254110118062452e+28,1587.7607,15309.446,608.6185,0.17749782,3.9020308493412377,-2.0517273470492555e+25,5.0,5.0,0.5
1061,75833.95690917969,4171.4569091796875,-1.3205128205128205e+28,-9.206349206349198e+26,1589.2756,15523.76,604.98315,0.18140545,3.2051988310679853,-2.030551296716782e+25,5.0,5.0,0.5
1062,75346.76818847656,4059.2681884765625,-2.6780478269368604e+28,-1.5530889691963517e+28,1590.6722,15654.697,602.8088,0.18544632,9.746535495529036,-1.8661952196662064e+25,5.0,5.0,0.5
1063,76084.48181152344,4096.9818115234375,-3.666666666666667e+28,-2.793527508090615e+28,1593.5986,25383.158,618.93036,0.18369192,4.090461640055639,-1.4107227833299102e+25,5.0,5.0,0.5
1064,55609.9853515625,4207.281494140625,-1.3425925925925926e+29,-1.3185454872348077e+29,1593.841,290621.1,499.23984,0.24679688,16.31100396346439,-4.816744086599292e+24,5.0,5.0,0.5
1065,74859.96398925781,3959.9639892578125,-4.72316977171346e+28,-3.703222453222453e+28,1591.4208,15773.177,601.0612,0.18791099,3.392400810309235,-1.696910876134574e+25,5.0,5.0,0.5
1066,75346.45690917969,4033.9569091796875,-4.013939081053175e+28,-2.889101949504634e+28,1590.3499,15536.701,598.3158,0.18767335,4.887671232131978,-1.8800057415490316e+25,5.0,5.0,0.5
1067,74977.07214355469,4214.5721435546875,-3.3653846153846154e+28,-2.1428571428571426e+28,1589.1648,15236.4,596.4573,0.18634401,4.812680276961526,-2.049648018337657e+25,5.0,5.0,0.5
1068,76926.27868652344,4276.2786865234375,-3.1015037593984956e+27,6.0048411122145e+27,1587.6997,15361.485,604.3179,0.17747661,4.776021575341408,-1.506879956260684e+25,5.0,5.0,0.5
1069,75339.32800292969,4214.3280029296875,6.96467012789667e+27,1.821070898408915e+28,1586.3911,14463.951,597.8748,0.17837432,6.119947254063338,-1.8810022664286844e+25,5.0,5.0,0.5
1070,74176.01013183594,3528.84521484375,-3.3528811830698623e+28,-2.079912856782016e+28,1585.273,12622.966,586.28186,0.17836885,4.748065803009798,-2.171256544632839e+25,5.0,5.0,0.5
1071,73326.50451660156,3512.591552734375,-2.7077198822173857e+28,-1.5030441400304415e+28,1584.307,12236.75,579.2167,0.17752717,9.515357012126762,-2.079836086544232e+25,5.0,5.0,0.5
1072,73653.662109375,3515.1092529296875,2.7717321725771347e+28,3.462709284627093e+28,1583.4783,12798.385,585.0177,0.17541838,4.974058595187277,-1.181121719598006e+25,5.0,5.0,0.5
1073,72668.69812011719,3303.5797119140625,2.836052836052836e+28,3.5414127157246425e+28,1582.7467,12219.745,579.1207,0.17265293,4.390037239065407,-1.217984171744619e+25,5.0,5.0,0.5
1074,71954.04357910156,2886.03515625,1.478816946442846e+28,2.204474952148373e+28,1582.1621,12150.088,569.7833,0.17763369,4.425947052493796,-1.2735683436449868e+25,5.0,5.0,0.5
1075,71345.93200683594,2362.1337890625,2.896825396825397e+28,3.6173001310615994e+28,1581.7533,14464.304,575.5019,0.18727416,3.3885640526999175,-1.2519068036768967e+25,5.0,5.0,0.5
1076,69797.23510742188,1850.0,4.300865378359035e+28,5.6071351816032675e+28,1581.723,11619.418,575.9527,0.18157992,5.338620696103051,-2.268015773410575e+25,5.0,5.0,0.5
1077,70998.42834472656,1950.0,7.6834862385321105e+28,8.962542087542089e+28,1582.1761,11151.672,579.69775,0.18321598,16.33334803464446,-2.206418500660311e+25,5.0,5.0,0.5
1078,69036.16638183594,1999.285888671875,7.142857142857143e+28,8.511904761904762e+28,1583.0691,27363.777,581.08984,0.5695312,11.90237962077273,-2.3559999090891344e+25,5.0,5.0,0.5
1079,68016.748046875,1999.267578125,7.246376811594203e+28,8.605072463768117e+28,1584.4022,67405.4,585.6496,0.21319567,4.6282830563592565,-2.319980511801207e+25,5.0,5.0,0.5
1080,68498.779296875,1924.188232421875,8.633093525179856e+28,9.98201438848921e+28,1586.1661,88779.03,587.80975,0.26488054,4.029485546775977,-2.294825588493064e+25,5.0,5.0,0.5
1081,68421.27685546875,1824.127197265625,9.35251798561151e+28,1.0671462829736213e+29,1588.3314,94953.195,588.96857,2.5203142,2.7112530289381014,-2.2394146619388105e+25,5.0,5.0,0.5
1082,66919.93103027344,1686.529541015625,9.558823529411764e+28,1.090686274509804e+29,1591.0051,98895.945,590.14874,5.1896315,3.681822326348314,-2.2842363597593364e+25,5.0,5.0,0.5
1083,64444.79675292969,1561.48681640625,1.0687022900763359e+29,1.2061068702290077e+29,1594.1309,109181.08,594.74255,3.1346745,3.3416316739432483,-2.3103203107853364e+25,5.0,5.0,0.5
1084,60994.805908203125,1361.4044189453125,4.838709677419355e+28,6.048387096774193e+28,1597.4625,138128.44,600.2306,0.35687035,2.750901712535526,-2.0153544951809556e+25,5.0,5.0,0.5
1085,85103.92761230469,2475.0,5.969991546914624e+28,6.960953727461557e+28,1581.549,11891.122,686.3345,0.15790243,4.933086750510538,-1.4438473077298788e+25,5.0,5.0,0.5
1086,84855.2001953125,2337.5,2.42914979757085e+28,3.5749200632143775e+28,1582.0162,12497.096,665.7902,0.1615639,3.1295674693468003,-1.7209178319150308e+25,5.0,5.0,0.5
1087,83995.93811035156,2360.97412109375,1.2436224489795917e+28,2.3847833582346855e+28,1582.3824,12516.97,651.81665,0.16493551,3.6129318433319226,-1.7507391205352171e+25,5.0,5.0,0.5
1088,81679.4921875,3369.0887451171875,3.101567825494206e+28,3.7203804806664043e+28,1583.7017,14154.291,638.33704,0.17119819,10.352846616972565,-9.694136798345632e+24,5.0,5.0,0.5
1089,80336.89270019531,3722.5677490234375,3.1542056074766358e+28,3.784722222222222e+28,1584.7487,14239.407,627.208,0.17149797,3.771590294610688,-1.0052751350299648e+25,5.0,5.0,0.5
1090,79731.24084472656,4418.7408447265625,4.770718891807977e+28,5.092866437951023e+28,1585.8782,15146.251,623.8288,0.17141294,8.498251967421904,-5.164037761785897e+24,5.0,5.0,0.5
1091,78876.904296875,4451.904296875,3.8644688644688648e+28,5.024189646831156e+28,1586.8557,15914.648,624.071,0.17385492,29.80141241429681,-1.8583154998483373e+25,5.0,5.0,0.5
1092,76439.57214355469,4352.0721435546875,-6.495160468670402e+27,5.98391674550615e+27,1587.8259,15258.124,607.1701,0.18119957,4.740616152045797,-2.055285184796438e+25,5.0,5.0,0.5
1093,76439.55993652344,4327.0599365234375,-1.3117677024961793e+28,-6.385998107852405e+26,1588.0776,15249.219,605.59216,0.18651114,36.9236983950745,-2.060640473051447e+25,5.0,5.0,0.5
1094,77414.55993652344,4364.5599365234375,-6.349206349206349e+27,5.69326262999959e+27,1587.6683,15139.202,603.7163,0.18075734,9.378593690106708,-1.994723151881839e+25,5.0,5.0,0.5
1095,77901.904296875,4376.904296875,1.3172541743970315e+28,2.4595687331536388e+28,1587.1534,15799.285,614.9718,0.17581949,3.122211563615473,-1.8575072149510885e+25,5.0,5.0,0.5
1096,77290.22521972656,4277.7252197265625,1.6526610644257702e+28,2.421178114851811e+28,1586.5017,15042.891,609.83527,0.17595081,4.917909831197566,-1.2602043422711524e+25,5.0,5.0,0.5
1097,76801.66015625,4314.16015625,1.9985104270109234e+28,3.1886374815543534e+28,1585.7122,14438.014,604.80664,0.1774146,6.66195319685948,-1.967781063570279e+25,5.0,5.0,0.5
1098,75078.84521484375,3578.84521484375,-1.968847352024922e+28,-7.248677248677248e+27,1584.9016,12634.663,594.0678,0.17728384,6.116538974930883,-2.0940027486668595e+25,5.0,5.0,0.5
1099,74134.75646972656,3550.091552734375,-1.995453397322556e+28,-7.132132132132132e+27,1584.0999,12296.069,588.20087,0.17639846,7.469443839569342,-2.1799358972468608e+25,5.0,5.0,0.5
1100,74200.74462890625,3474.5941162109375,-6.381381381381381e+27,4.339201586908015e+26,1583.3947,11788.134,582.4278,0.17857905,4.390140915705303,-1.1701538961190414e+25,5.0,5.0,0.5
1101,74213.20190429688,3385.6689453125,2.7588813303099017e+28,3.4450477438681896e+28,1582.7325,12653.182,589.9415,0.17843433,8.168421229700655,-1.1631091906886905e+25,5.0,5.0,0.5
1102,72787.88452148438,3141.51611328125,3.5353535353535354e+28,4.240713415025342e+28,1582.125,12283.897,584.64545,0.17316881,4.628454205760045,-1.2064745968002653e+25,5.0,5.0,0.5
1103,73869.82116699219,2496.0662841796875,2.8621268897790415e+28,3.5723431498079384e+28,1581.6669,11719.218,579.3191,0.17569591,5.899183402125303,-1.2259500335575303e+25,5.0,5.0,0.5
1104,70147.12524414062,1825.0,2.8824256620469777e+28,4.1650548033526765e+28,1581.3951,11634.852,579.5634,0.17872685,2.9385486809306802,-2.2130954213847965e+25,5.0,5.0,0.5
1105,70480.76782226562,1937.5,7.037916212228139e+28,8.355054036872218e+28,1581.5273,11658.784,584.20123,0.18225686,4.160915011010392,-2.254596105665256e+25,5.0,5.0,0.5
1106,72004.54711914062,2025.0,9.63302752293578e+28,1.0932613809326139e+29,1582.0911,11283.361,589.1289,0.18348943,5.533141450503618,-2.205945545369103e+25,5.0,5.0,0.5
1107,69968.8232421875,2012.5,8.49592970668045e+28,9.822343149807939e+28,1583.0352,27561.574,589.61536,0.66898936,724.9466741816656,-2.2496249947155424e+25,5.0,5.0,0.5
1108,68536.55700683594,1987.5,7.793764988009592e+28,9.184340839017098e+28,1584.345,70871.73,594.2386,0.21866095,8.451689712496206,-2.340096861382772e+25,5.0,5.0,0.5
1109,68494.68383789062,1961.541748046875,1.0071942446043166e+29,1.143884892086331e+29,1586.0165,89058.48,595.48773,0.29567623,2.873575672750077,-2.295440193841938e+25,5.0,5.0,0.5
1110,68942.70324707031,1886.4837646484375,1.0714285714285713e+29,1.205357142857143e+29,1588.0133,94415.2,596.572,2.4579883,4.1847449277337745,-2.2449690331660877e+25,5.0,5.0,0.5
1111,68904.45556640625,1811.395263671875,1.0714285714285713e+29,1.2023809523809523e+29,1590.4127,98966.68,597.30914,4.2003713,4.361982676494918,-2.1923719479683616e+25,5.0,5.0,0.5
1112,64966.68701171875,1698.8677978515625,1.1212121212121213e+29,1.234848484848485e+29,1593.2471,111246.52,603.9517,0.6022468,4.841609326113982,-1.8815471444007961e+25,5.0,5.0,0.5
1113,60542.20886230469,1473.797607421875,7.317073170731708e+28,8.53658536585366e+28,1597.1973,144444.23,606.82745,0.510398,2.89996351033532,-2.009652311971901e+25,5.0,5.0,0.5
1114,85465.91491699219,2425.0,4.758403361344539e+28,5.645497136907861e+28,1581.4117,12200.531,671.8103,0.16257751,20.426051686072306,-1.3204527706001372e+25,5.0,5.0,0.5
1115,83260.28747558594,2250.0,6.522668947818648e+27,1.7798473848762652e+28,1582.1044,12392.878,649.1734,0.16714513,4.7705114289301855,-1.7369480766891953e+25,5.0,5.0,0.5
1116,81308.11462402344,2925.50048828125,1.2610770279481938e+28,1.8798896831203917e+28,1583.2155,12599.044,631.6414,0.17069606,7.093638982785958,-9.796898003994556e+24,5.0,5.0,0.5
1117,79724.86572265625,3636.1114501953125,2.545112560982778e+28,3.179594689028651e+28,1584.0032,12920.55,624.12085,0.1724194,4.203015871534703,-1.0166013976988322e+25,5.0,5.0,0.5
1118,79234.28649902344,3792.584228515625,2.5555290183902556e+28,3.1941322607358336e+28,1584.6862,12943.865,617.7718,0.17473239,30.78066309811475,-1.033720304402285e+25,5.0,5.0,0.5
1119,78379.443359375,4079.443359375,2.5882922109337205e+28,3.235082674335011e+28,1585.0256,14013.064,618.5635,0.17243613,4.088908833639301,-1.0456331288676377e+25,5.0,5.0,0.5
1120,77891.943359375,4054.443359375,1.9598295800365185e+28,3.1973031490667912e+28,1585.0614,14011.064,615.8388,0.17374986,6.003341909107064,-2.0094114834396315e+25,5.0,5.0,0.5
1121,77890.67993164062,4040.679931640625,1.9656315948145915e+28,3.169482846902202e+28,1584.9257,13479.273,611.67035,0.17425194,4.0589499486808,-1.9681373370761205e+25,5.0,5.0,0.5
1122,76541.34521484375,3666.34521484375,-6.230529595015576e+27,6.304878853898462e+27,1584.6285,12623.034,605.288,0.17702806,12.311244494581128,-2.0709823973366204e+25,5.0,5.0,0.5
1123,76895.79162597656,3558.2916259765625,-6.190071610632358e+27,3.6075036075036095e+26,1584.2028,12434.515,601.0124,0.18453628,4.094711316994301,-1.0899645463037015e+25,5.0,5.0,0.5
1124,75308.15124511719,3445.6512451171875,-1.2877115526122147e+28,-6.197217327905705e+27,1583.7003,12262.242,596.7676,0.17650405,18.409219914421875,-1.1193467009726288e+25,5.0,5.0,0.5
1125,74512.93640136719,3430.6488037109375,-1.3049962714392243e+28,-6.280401453112493e+27,1583.1471,11974.93,591.7023,0.17651506,5.758216219043322,-1.1440823533548312e+25,5.0,5.0,0.5
1126,74200.36010742188,3336.7095947265625,-6.322836598065955e+27,4.9140049140049154e+26,1582.6146,11748.317,587.7015,0.18097739,4.7771406573741455,-1.1594725137772032e+25,5.0,5.0,0.5
1127,73797.07336425781,3089.3218994140625,2.7837124544426293e+28,3.4744707347447073e+28,1582.07,12730.206,594.6975,0.17573115,36.821999682669464,-1.1615287923003264e+25,5.0,5.0,0.5
1128,73066.42456054688,2737.6800537109375,2.822375127420999e+28,3.5227272727272726e+28,1581.6677,12120.619,588.5971,0.17470893,3.5937412564238684,-1.1898667816341952e+25,5.0,5.0,0.5
1129,74089.49279785156,2095.416259765625,2.8480610298792116e+28,3.5532035532035535e+28,1581.2614,11915.837,585.84955,0.17782177,3.6271577940245803,-1.2036239087706829e+25,5.0,5.0,0.5
1130,70776.34582519531,1950.0,5.645263827082009e+28,6.816606816606817e+28,1581.1359,12107.266,589.02637,0.18314946,10.007309687322818,-1.988608752979548e+25,5.0,5.0,0.5
1131,71522.71423339844,2012.5,9.015673981191224e+28,1.034327430879155e+29,1581.409,11711.389,594.3548,0.18332362,3.5205489640146723,-2.2336832031808626e+25,5.0,5.0,0.5
1132,71959.30786132812,2075.0,1.1693648816936488e+29,1.2993130116417788e+29,1582.0472,11023.296,599.18195,0.18477796,4.605589677201006,-2.1687591032880633e+25,5.0,5.0,0.5
1133,71426.4404296875,2075.0,9.69946219550775e+28,1.1027168234064787e+29,1583.0209,30963.443,599.01404,3.501825,2.885170564920187,-2.2164856817037675e+25,5.0,5.0,0.5
1134,68532.21130371094,2025.0,8.678626718878062e+28,1.0070558937465413e+29,1584.3188,64409.324,602.53925,0.20733601,3.80004256280196,-2.31011046788936e+25,5.0,5.0,0.5
1135,69990.70129394531,2036.4654541015625,1.056338028169014e+29,1.1854460093896714e+29,1585.9183,88729.8,603.6561,0.30058098,5.4197869849855715,-2.13876701067293e+25,5.0,5.0,0.5
1136,68489.23950195312,1923.92578125,1.223021582733813e+29,1.3597122302158274e+29,1587.8806,93746.414,604.6244,2.0076046,3.299714479433431,-2.2607531191636824e+25,5.0,5.0,0.5
1137,68938.83666992188,1848.8372802734375,1.3571428571428573e+29,1.4920634920634922e+29,1590.2168,97197.28,604.2628,7.730834,3.7284883889234535,-2.232813786309145e+25,5.0,5.0,0.5
1138,65001.66015625,1723.8067626953125,1.287878787878788e+29,1.4242424242424243e+29,1593.1813,111792.93,610.6462,0.6911543,6.476292966098847,-2.233103898929804e+25,5.0,5.0,0.5
1139,18616.168212890625,586.2548828125,1601.52199467325,1601.538508313791,1597.7201,527.32117,138.40425,0.2701768,3.177713065307977,-0.00011931454713221454,5.0,5.0,0.5
1140,84483.58154296875,2425.0,4.194843617920541e+28,5.264701261978321e+28,1581.2328,12170.358,669.24884,0.16484578,4.688281138613841,-1.5985946924121628e+25,5.0,5.0,0.5
1141,83136.27319335938,2262.5,6.522668947818648e+27,1.754897285075866e+28,1581.767,12323.519,649.0468,0.16881147,2.880333705671924,-1.6988457019892654e+25,5.0,5.0,0.5
1142,80571.23107910156,2592.4713134765625,-5.776418620455317e+27,4.4893378226711574e+26,1582.5076,12374.702,633.3543,0.17147836,4.208379426885168,-9.829178255288593e+24,5.0,5.0,0.5
1143,80205.56030273438,2984.2315673828125,3.9888312724371816e+26,6.662902315076228e+27,1582.9075,12434.228,625.7772,0.17301987,4.438600378769418,-1.0009982739574424e+25,5.0,5.0,0.5
1144,78129.55627441406,2933.1787109375,-5.960380996902939e+27,4.632310364794442e+26,1583.1049,12441.184,620.439,0.1736182,3.4484866438376582,-1.0353333309881296e+25,5.0,5.0,0.5
1145,78247.70202636719,3139.14794921875,-6.015569709837226e+27,4.09045754689418e+26,1583.2468,12415.922,616.0977,0.17512822,3.4274776564383296,-1.0427916358523138e+25,5.0,5.0,0.5
1146,77271.32263183594,3126.4129638671875,-6.037289138798461e+27,4.692082111436951e+26,1583.1979,12373.634,611.6035,0.17495854,8.536848606747588,-1.0638423723403782e+25,5.0,5.0,0.5
1147,77630.77087402344,3098.321533203125,-1.2408844977652317e+28,-5.944055944055944e+27,1583.0206,12314.806,607.7614,0.1763464,3.5808923366297436,-1.0637050805146095e+25,5.0,5.0,0.5
1148,75678.76586914062,3085.2325439453125,-1.2735393529695798e+28,-6.100478468899521e+27,1582.7249,12204.498,603.11304,0.17689209,4.886363817145207,-1.1001113642968773e+25,5.0,5.0,0.5
1149,75793.14880371094,3072.235107421875,-1.2735393529695798e+28,-6.100478468899521e+27,1582.3635,11997.232,597.715,0.17783904,4.169304563950138,-1.1100465544093877e+25,5.0,5.0,0.5
1150,74581.04553222656,3058.856201171875,-6.223306894447834e+27,5.441683294032292e+26,1581.9608,11730.521,593.5274,0.17810497,4.464078833759547,-1.1402127634360437e+25,5.0,5.0,0.5
1151,74283.69750976562,2803.6712646484375,3.450834879406308e+28,4.136789851075566e+28,1581.5636,12388.723,599.21063,0.17521937,6.550097507286803,-1.144764352742833e+25,5.0,5.0,0.5
1152,74081.33544921875,2463.427734375,3.4984326018808774e+28,4.193849021435228e+28,1581.2043,12247.844,594.74384,0.17650057,4.205895548927999,-1.1692704961440966e+25,5.0,5.0,0.5
1153,73176.31530761719,1912.5,3.5227272727272726e+28,4.818211068211069e+28,1580.95,12112.976,593.1237,0.18409914,19.946294491655877,-2.1841712877045284e+25,5.0,5.0,0.5
1154,71010.76965332031,2012.5,8.38963963963964e+28,9.685019841269842e+28,1580.9688,12147.213,597.4922,0.18368734,6.732033879718028,-2.1680286851118063e+25,5.0,5.0,0.5
1155,72003.57666015625,2100.0,1.1014439096630877e+29,1.2047455968688845e+29,1581.345,11284.126,604.57043,0.18496662,2.459209248736389,-1.708679109973623e+25,5.0,5.0,0.5
1156,72404.25415039062,2150.0,1.365491651205937e+29,1.4681007538150395e+29,1582.0359,10309.358,608.3583,0.18390974,2.8745418303137615,-1.6866558177170352e+25,5.0,5.0,0.5
1157,71982.6171875,2150.0,1.1687822043483724e+29,1.2965664472513787e+29,1583.0184,19925.03,607.55695,0.19950762,2.909077160164319,-2.103247173556418e+25,5.0,5.0,0.5
1158,69990.55480957031,2125.0,1.1300513360537053e+29,1.262715179968701e+29,1584.2799,63033.47,610.46747,1.6694269,3.15391845014676,-2.1731517371883983e+25,5.0,5.0,0.5
1159,71450.43640136719,2050.0,1.2275862068965518e+29,1.3579638752052546e+29,1585.8564,87398.734,611.547,0.2593093,3.0038743145835967,-2.1319321153287046e+25,5.0,5.0,0.5
1160,69498.54125976562,1998.785400390625,1.4184397163120566e+29,1.546099290780142e+29,1587.8407,93178.445,611.77527,1.9617918,3.955947496475301,-2.0867070153012194e+25,5.0,5.0,0.5
1161,68486.06262207031,1886.24267578125,1.510791366906475e+29,1.64568345323741e+29,1590.5728,100733.17,613.5662,8.341817,3.155556806517108,-2.198492701237891e+25,5.0,5.0,0.5
1162,19626.638793945312,661.21826171875,-6.41025641025641e+27,-1.282051282051282e+28,1596.395,544.26227,145.6752,0.2835876,11.952667923378218,4.400375869019847e+25,5.0,5.0,0.5
1163,84482.44018554688,2437.5,4.199612504581872e+28,5.338420014533375e+28,1580.9958,12055.215,669.1293,0.16643648,2.0991391465140605,-1.701924511183278e+25,5.0,5.0,0.5
1164,83012.62512207031,2325.0,1.8640978911741735e+28,2.916580631839769e+28,1581.2953,12306.521,652.0503,0.16983521,4.309639058385762,-1.6141128253676536e+25,5.0,5.0,0.5
1165,80937.86926269531,2262.5,6.73217872848689e+27,1.7005704445161985e+28,1581.4008,12243.4,644.405,0.17164238,5.50602371920384,-1.5942652911763852e+25,5.0,5.0,0.5
1166,80082.03430175781,2481.939697265625,-5.759457933370977e+27,5.036091992613736e+26,1581.8501,12288.666,631.87476,0.17267266,12.870480091468826,-9.91188059746797e+24,5.0,5.0,0.5
1167,78980.95397949219,2652.166748046875,-1.2068672446030935e+28,-5.727762803234501e+27,1582.0427,12207.958,623.39703,0.1745239,6.199669123035015,-1.0171542853274642e+25,5.0,5.0,0.5
1168,77636.10229492188,2749.1058349609375,-1.23007623007623e+28,-5.837912087912088e+27,1582.054,12079.875,616.54236,0.17558701,6.982967030063051,-1.0482410697033773e+25,5.0,5.0,0.5
1169,76170.33081054688,2711.6058349609375,-1.2541953718424305e+28,-5.952380952380953e+27,1581.9222,11944.95,610.5881,0.17692445,5.989390261913939,-1.0792174052440108e+25,5.0,5.0,0.5
1170,75191.68701171875,2808.489990234375,-6.085555754429926e+27,5.912961210974457e+26,1581.7004,11752.683,605.6668,0.1777176,4.709244647862961,-1.1023968583728454e+25,5.0,5.0,0.5
1171,75556.04553222656,2770.6085205078125,2.0404510470735637e+28,2.708136234626301e+28,1581.4319,13181.963,615.1066,0.17605282,9.107327142733743,-1.085478771818796e+25,5.0,5.0,0.5
1172,75328.67736816406,2513.787841796875,2.7444870565675936e+28,3.421037001841183e+28,1581.1426,12684.137,605.9434,0.1783163,3.9466297784168254,-1.1165232965408558e+25,5.0,5.0,0.5
1173,75231.591796875,2035.51025390625,2.800880626223092e+28,3.491332282700933e+28,1580.8778,12257.742,600.48584,0.18040513,2.9501726829915063,-1.149821712128134e+25,5.0,5.0,0.5
1174,70546.12426757812,2025.0,4.2882293762575455e+28,5.35024305122772e+28,1580.727,11182.166,588.3224,0.1854249,2.2593540267642336,-1.8051559777123133e+25,5.0,5.0,0.5
1175,72497.71423339844,2125.0,1.0264820213799807e+29,1.1562819818192765e+29,1580.8738,11795.657,610.0929,0.18414247,2.7366308319789097,-2.1275442050715316e+25,5.0,5.0,0.5
1176,73870.1416015625,2212.5,1.3392857142857144e+29,1.4398230088495576e+29,1581.3206,10647.358,615.16455,0.18598717,3.2190018069059865,-1.6343154760163339e+25,5.0,5.0,0.5
1177,73934.53979492188,2212.5,1.4715151515151516e+29,1.6002772002772004e+29,1582.0358,9856.688,619.4179,0.18330152,2.3094675640656446,-2.0787588986097895e+25,5.0,5.0,0.5
1178,72916.90673828125,2187.5,1.2881229853706918e+29,1.4186354186354185e+29,1583.0092,24444.377,616.94354,0.4009011,8.896585490605384,-2.11546801738116e+25,5.0,5.0,0.5
1179,71450.25024414062,2162.5,1.3135675153077668e+29,1.446360153256705e+29,1584.2585,56878.027,618.659,3.0641901,3.3732992728319915,-2.1464593367685817e+25,5.0,5.0,0.5
1180,70997.14050292969,2087.5,1.375e+29,1.5092592592592594e+29,1585.8325,86737.805,619.3833,0.2521574,3.108723532046062,-2.1676280114415982e+25,5.0,5.0,0.5
1181,70996.08154296875,2073.7335205078125,1.5162037037037037e+29,1.6203703703703704e+29,1587.8336,92766.23,619.4439,1.907793,9.76385667016568,-1.6816158041931809e+25,5.0,5.0,0.5
1182,68485.12878417969,1973.7060546875,1.6546762589928057e+29,1.788283658787256e+29,1590.7931,100214.86,620.5463,8.174428,8.658254118747053,-2.1530608475889134e+25,5.0,5.0,0.5
1183,18199.481201171875,586.1907958984375,1601.4591504117816,1601.4733544144615,1597.052,500.13416,130.35286,0.2660261,2.835129373250432,-0.00010896579280801096,5.0,5.0,0.5
1184,82525.12512207031,2437.5,4.280279010779962e+28,5.443446024902285e+28,1580.7725,12006.07,662.8361,0.16966896,2.5575790677083234,-1.7548334768778536e+25,5.0,5.0,0.5
1185,80083.89587402344,2287.5,1.3218665392578436e+28,2.5065796399621013e+28,1581.0356,12257.15,645.70715,0.17317641,5.402016343741317,-1.834752944291084e+25,5.0,5.0,0.5
1186,80444.34814453125,2212.5,-5.571943625040969e+27,3.7361923326835617e+27,1581.2596,12083.807,631.75446,0.17463502,3.220358313932965,-1.4733787590590433e+25,5.0,5.0,0.5
1187,77636.43493652344,2358.53271484375,-1.214574898785425e+28,-5.68561872909699e+27,1581.2618,12020.23,622.3674,0.17662631,2.929091363314211,-1.0379930831644557e+25,5.0,5.0,0.5
1188,77142.18444824219,2321.03271484375,-5.772495755517826e+27,7.293127629733523e+26,1581.1538,11854.916,615.28076,0.17746972,5.639293574543966,-1.0567222190287186e+25,5.0,5.0,0.5
1189,75936.60278320312,2258.380126953125,-5.886426592797783e+27,7.437070938215105e+26,1581.0066,11649.477,607.5066,0.17939484,5.842437610352531,-1.0913681886164844e+25,5.0,5.0,0.5
1190,75328.67736816406,2110.51025390625,2.755210173083716e+28,3.4315728042019263e+28,1580.8123,12855.576,613.6083,0.1787831,3.6219740633691546,-1.102271037024719e+25,5.0,5.0,0.5
1191,74718.80187988281,2012.5,2.156432748538012e+28,3.4639190821256036e+28,1580.6295,11455.942,594.4626,0.18292959,2.9461336812010064,-2.1994425983925646e+25,5.0,5.0,0.5
1192,71501.18103027344,2150.0,7.658802177858439e+28,8.974512743628186e+28,1580.588,10645.1,597.6434,0.18650512,2.8045976960308807,-2.2014977967327043e+25,5.0,5.0,0.5
1193,72449.47204589844,2250.0,1.0955961331901181e+29,1.2236764270925762e+29,1580.8271,9226.753,607.3074,0.18787858,5.841419983183122,-2.1089863154447858e+25,5.0,5.0,0.5
1194,74386.68212890625,2287.5,1.4628666035950807e+29,1.5892281544863155e+29,1581.3083,10075.364,629.6932,0.1846397,2.70845260996148,-2.006716217568595e+25,5.0,5.0,0.5
1195,75354.67834472656,2287.5,1.5733808674985146e+29,1.698704051645228e+29,1582.016,9158.27,630.60596,0.18445401,2.2953900237191043,-1.987345389769334e+25,5.0,5.0,0.5
1196,74899.61242675781,2262.5,1.7141812865497076e+29,1.8397513278609367e+29,1582.9576,8583.24,629.90186,0.18146741,18.496664014778265,-1.9934858140366076e+25,5.0,5.0,0.5
1197,73434.85717773438,2237.5,1.4125321457693033e+29,1.5377649941408331e+29,1584.1555,47164.54,627.0245,0.49916846,25.38927280354608,-1.997256141429334e+25,5.0,5.0,0.5
1198,72982.06481933594,2200.0,1.472972972972973e+29,1.60472972972973e+29,1585.7168,66896.79,626.8149,3.0228517,2.625568892180229,-2.1020042899867477e+25,5.0,5.0,0.5
1199,71969.85473632812,2161.16943359375,1.5753424657534246e+29,1.7025440313111547e+29,1587.7577,91047.516,626.37506,1.1302987,2.454994196193395,-2.0307571848009875e+25,5.0,5.0,0.5
1200,71409.11560058594,2098.6572265625,1.775862068965517e+29,1.896551724137931e+29,1590.7397,99921.3,628.58826,10.558071,4.071047651789055,-1.9200112929235639e+25,5.0,5.0,0.5
1201,18270.831298828125,598.64501953125,-9.259259259259259e+27,-1.8518518518518518e+28,1597.2404,500.6844,127.37578,0.26204777,8.741317809311834,7.2692464691744965e+25,5.0,5.0,0.5
1202,81546.51489257812,2412.5,4.956222639149469e+28,6.027800744109136e+28,1580.6135,11931.499,657.5249,0.17275304,4.326001409187159,-1.6297148612014888e+25,5.0,5.0,0.5
1203,79469.47326660156,2300.0,2.5981404958677685e+28,3.800375683060109e+28,1580.6938,12181.368,642.1192,0.17468262,4.714279398740673,-1.8722928454468297e+25,5.0,5.0,0.5
1204,78612.2314453125,2262.5,2.6354015355882964e+28,3.8000411649686114e+28,1580.6514,12168.011,633.1265,0.17734829,2.729129648022927,-1.839505346523844e+25,5.0,5.0,0.5
1205,77142.18444824219,2162.5,7.230255839822026e+27,1.926030958289023e+28,1580.6874,11893.148,618.1809,0.17907885,2.8146570936182,-1.946040970116034e+25,5.0,5.0,0.5
1206,74353.68347167969,2062.5,2.128030699459271e+28,3.4085668165571314e+28,1580.5687,11750.351,607.3016,0.18203466,1.7651463194037509,-2.1085670948829743e+25,5.0,5.0,0.5
1207,74426.2451171875,2100.0,6.295313881520778e+28,7.581197294815062e+28,1580.4604,11303.778,601.087,0.18406548,2.1289735125575895,-2.139263478609517e+25,5.0,5.0,0.5
1208,72496.68273925781,2262.5,1.1646727656579873e+29,1.2963793576038474e+29,1580.5165,9075.594,610.4886,0.18770172,2.1421716834651585,-2.1573964669341457e+25,5.0,5.0,0.5
1209,73865.0146484375,2375.0,1.407536231884058e+29,1.5330459770114942e+29,1580.8032,8009.525,620.9505,0.18737103,4.951741365783735,-2.021252016525346e+25,5.0,5.0,0.5
1210,73892.17834472656,2400.0,1.4726190476190478e+29,1.601361470388019e+29,1581.2875,7625.0664,626.4939,0.186389,2.3772535112116904,-2.054966911751584e+25,5.0,5.0,0.5
1211,76361.99340820312,2375.0,1.7466275659824047e+29,1.8712360002682586e+29,1581.961,8705.411,643.6506,0.18220954,2.9441665081514636,-1.9359640054952257e+25,5.0,5.0,0.5
1212,77370.9228515625,2337.5,1.8512242155086775e+29,1.9711928199189345e+29,1582.8414,7998.8594,641.0014,0.18058492,2.502705353799463,-1.8715809933870325e+25,5.0,5.0,0.5
1213,74931.94885253906,2275.0,1.779390063944909e+29,1.9064889788574e+29,1584.0251,9468.056,633.4532,0.18328975,2.593303469710402,-2.0064452703760973e+25,5.0,5.0,0.5
1214,72005.82580566406,2250.0,1.646420263634014e+29,1.77546088849059e+29,1585.5172,58111.7,634.02295,1.6240126,2.9609405942580844,-2.0352674144615932e+25,5.0,5.0,0.5
1215,72420.24841308594,2162.5,1.683673469387755e+29,1.81557067271353e+29,1587.5903,86646.85,633.1606,0.30335465,2.9550169656865664,-2.083155628505554e+25,5.0,5.0,0.5
1216,21755.37109375,886.126708984375,-3.8759689922480616e+27,-7.751937984496123e+27,1592.8276,683.5676,161.14568,0.24017762,6.541118076877532,2.4052578366705097e+25,5.0,5.0,0.5
1217,14893.524169921875,511.114501953125,-8.620689655172414e+27,-1.7241379310344827e+28,1597.2539,422.41595,109.47312,0.27898344,7.500651077468245,7.874708901861679e+25,5.0,5.0,0.5
1218,77634.95788574219,2325.0,5.874316939890711e+28,7.053887846570773e+28,1580.4382,11746.055,633.85034,0.18053791,1.9960131760799662,-1.860961222070414e+25,5.0,5.0,0.5
1219,74994.8486328125,2187.5,6.15934184888504e+28,7.422147651006712e+28,1580.3938,11517.886,616.5844,0.18389146,2.364668427817705,-2.048066377159235e+25,5.0,5.0,0.5
1220,72326.69677734375,2212.5,1.1066455337937281e+29,1.2395388876412905e+29,1580.3643,9415.152,609.7127,0.18546946,2.2216710825407904,-2.179606103146625e+25,5.0,5.0,0.5
1221,73867.69714355469,2437.5,1.676190476190476e+29,1.8044444444444446e+29,1580.4849,7024.2593,628.44293,0.18744151,2.295819304842929,-2.0408212376499595e+25,5.0,5.0,0.5
1222,75354.40673828125,2525.0,1.7720943449843707e+29,1.8902411539328375e+29,1580.7731,6425.462,637.332,0.18505655,3.572343900854437,-1.853771887649692e+25,5.0,5.0,0.5
1223,74934.54284667969,2500.0,1.7164003759398497e+29,1.8438103000864997e+29,1581.2196,6058.8267,638.9382,0.18585129,3.9815556501389264,-1.9940884713481112e+25,5.0,5.0,0.5
1224,74932.666015625,2437.5,1.7811004784688995e+29,1.90500533428165e+29,1581.8391,5833.491,639.40625,0.18527769,1.9381307901846359,-1.9378111460867097e+25,5.0,5.0,0.5
1225,76394.06127929688,2425.0,2.0041432376442736e+29,2.1287615610196256e+29,1582.646,7250.2065,653.66034,0.1831344,4.080833246115227,-1.906469092162299e+25,5.0,5.0,0.5
1226,77855.62438964844,2375.0,2.0282739855672542e+29,2.150546359407119e+29,1583.7372,6740.156,648.45135,0.18142709,3.954630246498985,-1.8856059579603722e+25,5.0,5.0,0.5
1227,74370.06530761719,2325.0,1.8568036986130203e+29,1.973293309401498e+29,1585.2272,28279.008,640.87897,3.3703473,5.35648059587684,-1.817653827554091e+25,5.0,5.0,0.5
1228,73430.09033203125,2262.5,2.8871966959215286e+29,2.8878235858101635e+29,1587.3469,71073.055,640.32904,0.23503898,6.501407161181868,-9.790121155814568e+22,5.0,5.0,0.5
1229,21266.897583007812,837.5,-2.380952380952381e+28,-3.1746031746031743e+28,1593.0383,659.01794,152.70355,0.24961221,8.213374930496856,5.197330264929022e+25,5.0,5.0,0.5
1230,13466.10107421875,473.577880859375,-9.615384615384615e+27,-1.923076923076923e+28,1597.2335,392.5023,100.10937,0.2740685,30.899848783559722,9.604880010667138e+25,5.0,5.0,0.5
1231,73384.84497070312,2700.0,1.6927096675034582e+29,1.7602196461256862e+29,1580.3293,7122.1177,623.8127,0.18130738,11.289534648431902,-1.0822155504461583e+25,5.0,5.0,0.5
1232,74447.15270996094,2762.5,1.709239987385683e+29,1.7317880794701987e+29,1580.4541,6028.8716,642.09906,0.17667376,3.6375302064237305,-3.511622035774073e+24,5.0,5.0,0.5
1233,74932.52868652344,2775.0,1.761823035850496e+29,1.784255898366606e+29,1580.6924,11467.663,646.3597,0.3864077,2.983668157165841,-3.4706469484620775e+24,5.0,5.0,0.5
1234,72006.18286132812,2725.0,1.49926614481409e+29,1.5135167899139291e+29,1581.0848,20627.297,647.17676,2.00784,9.242602635092258,-2.2019710887033864e+24,5.0,5.0,0.5
1235,69531.787109375,2625.0,1.187191059531485e+29,1.2114241901475945e+29,1581.6049,47994.95,647.53143,0.20934984,5.507267177979439,-3.742386759495334e+24,5.0,5.0,0.5
1236,75345.07446289062,2550.0,1.752563410685375e+29,1.7694592988710636e+29,1582.3138,4539.244,637.58185,0.18562508,5.710065128374688,-2.6499951707939186e+24,5.0,5.0,0.5
1237,74857.09533691406,2450.0,2.1938637481554354e+29,2.1747076023391814e+29,1583.3422,4446.9785,641.32294,0.1867123,2.888622728647368,2.9869734435997484e+24,5.0,5.0,0.5
1238,76842.51403808594,2425.0,3.589491614255765e+29,3.464533908459142e+29,1584.7896,5863.686,652.33,0.18268996,3.953688267027229,1.9155596480762982e+25,5.0,5.0,0.5
1239,73952.77099609375,2362.5,3.8901709401709404e+29,3.868571428571429e+29,1587.0615,50288.277,646.27686,1.3012626,3.556567174973999,3.342145307655387e+24,5.0,5.0,0.5
1240,16426.766967773438,612.5,-3.75e+28,-4.344660194174757e+28,1594.874,510.5725,119.461,0.24589592,8.184751444496728,4.977860569278217e+25,5.0,5.0,0.5
1241,78340.53039550781,2950.0,3.720567597068455e+29,3.783895246932674e+29,1580.4913,5842.2793,680.7663,0.1670499,4.263674342217871,-9.302406743744697e+24,5.0,5.0,0.5
1242,76390.10620117188,2825.0,3.7159577504995724e+29,3.748726655348048e+29,1580.8278,5388.9805,671.39984,0.17071421,39.395142905909864,-4.880684032424985e+24,5.0,5.0,0.5
1243,74439.90173339844,2812.5,3.713425647200482e+29,3.7802040451047075e+29,1581.2129,4562.8003,650.79376,0.1743042,2.9561244487087097,-1.0261069140822832e+25,5.0,5.0,0.5
1244,74440.05737304688,2725.0,3.6466370982441225e+29,3.713425647200482e+29,1581.7709,4762.0093,643.1729,0.17787372,3.3211401991256695,-1.0384229131574094e+25,5.0,5.0,0.5
1245,74927.60620117188,2675.0,3.786549707602339e+29,3.820014485755674e+29,1582.6754,11372.881,641.98083,0.52947265,2.661944701515576,-5.212737877972829e+24,5.0,5.0,0.5
1246,75415.04516601562,2550.0,3.98939449993834e+29,4.055341762873374e+29,1584.0621,8340.683,637.8445,0.2023711,3.899550493522871,-1.033908182205074e+25,5.0,5.0,0.5
1247,78339.6240234375,2475.0,4.3722786647314945e+29,4.404312668463612e+29,1586.3634,5341.937,653.33655,0.1815206,4.384679214943483,-4.90313971221392e+24,5.0,5.0,0.5
1248,14999.514770507812,575.0,-4.137931034482758e+28,-4.794107800468698e+28,1594.9258,472.00827,109.31453,0.24217053,10.436646265428392,6.002649139815236e+25,5.0,5.0,0.5
1249,76874.67346191406,2900.0,4.045209176788124e+29,4.109810479375697e+29,1580.9341,5269.8,673.118,0.16775529,3.698191131670075,-9.597322373668194e+24,5.0,5.0,0.5
1250,75936.38610839844,2800.0,4.094516594516595e+29,4.160014297628976e+29,1581.8025,5036.186,661.921,0.17232488,2.9178609810159792,-9.895093384726346e+24,5.0,5.0,0.5
1251,73987.13073730469,2712.5,4.0031152647975084e+29,4.070370370370371e+29,1582.9147,4356.6226,636.0169,0.179868,9.749868698750182,-1.057442103509013e+25,5.0,5.0,0.5
1252,75901.48620605469,2625.0,4.124625374625375e+29,4.2226345083487944e+29,1585.7231,3623.7646,630.43445,0.18932307,7.185251964958396,-1.5546284629067155e+25,5.0,5.0,0.5
1253,75934.3994140625,2912.5,4.227100333295024e+29,4.2925495557074506e+29,1581.2426,5035.061,665.48004,0.1687027,5.207394387622228,-9.834888851740661e+24,5.0,5.0,0.5
1254,74924.83520507812,2762.5,4.149521531100479e+29,4.2158605974395454e+29,1582.4775,4719.0176,651.03076,0.1737637,2.338059171365869,-1.0189851269689363e+25,5.0,5.0,0.5
